"tarifit","nl","en","cefr_oud","woordsoort","cefr_nieuw","thema","zekerheid","tags_nieuw"
"a / wa / waḏ","Deze","This","A1","vnw_aanw","A1","functiewoorden","auto","tarifit::cefr::A1 tarifit::woordsoort::vnw_aanw tarifit::thema::gram"
"a d-yạạggweḥ","naar huis gaan","go home","B2","znw_m_ev","A2","handelingen","auto","tarifit::cefr::A2 tarifit::woordsoort::znw_m_ev tarifit::thema::doen"
"aabba / ssɣem","verheffen, optillen","to raise, to lift","B2","znw_m_ev","B2","handelingen","auto","tarifit::cefr::B2 tarifit::woordsoort::znw_m_ev tarifit::thema::doen"
"aabu","op de rug dragen","carry on the back","B1","znw_m_ev","B2","handelingen","auto","tarifit::cefr::B2 tarifit::woordsoort::znw_m_ev tarifit::thema::doen"
"aabɛin","veertig","forty","B2","znw_m_ev","A1","getallen & hoeveelheid","auto","tarifit::cefr::A1 tarifit::woordsoort::znw_m_ev tarifit::thema::get"
"aabɛtac","veertien","fourteen","B2","ww","A1","getallen & hoeveelheid","auto","tarifit::cefr::A1 tarifit::woordsoort::ww tarifit::thema::get"
"aaceř","schoppen","kick","B2","ww","A2","handelingen","auto","tarifit::cefr::A2 tarifit::woordsoort::ww tarifit::thema::doen"
"aacṯi","het deeg","the dough","B2","znw_m_ev","A2","eten & drinken","auto","tarifit::cefr::A2 tarifit::woordsoort::znw_m_ev tarifit::thema::eten"
"aafeɛ","optillen","lift","B2","ww","A2","handelingen","auto","tarifit::cefr::A2 tarifit::woordsoort::ww tarifit::thema::doen"
"aageb","geïnformeerd zijn, verschijnen","be informed, appear","B2","znw_m_ev","B2","taal & school & communicatie","auto","tarifit::cefr::B2 tarifit::woordsoort::znw_m_ev tarifit::thema::taal"
"aajij","rillen","shiver","B2","ww","B1","lichaam","auto","tarifit::cefr::B1 tarifit::woordsoort::ww tarifit::thema::lich"
"aan","meel","flour","B1","znw_m_ev","A2","eten & drinken","auto","tarifit::cefr::A2 tarifit::woordsoort::znw_m_ev tarifit::thema::eten"
"aani","toevoegen","add","C2","ww","A2","handelingen","auto","tarifit::cefr::A2 tarifit::woordsoort::ww tarifit::thema::doen"
"aaqqem","het sieraad","the jewelry","B2","znw_m_ev","A2","kleding & sieraad","auto","tarifit::cefr::A2 tarifit::woordsoort::znw_m_ev tarifit::thema::kled"
"aas / arrima","landen, gaan liggen","land, lie down","B1","znw_m_ev","A2","vervoer & reizen","auto","tarifit::cefr::A2 tarifit::woordsoort::znw_m_ev tarifit::thema::verv"
"aawaḥ","kom! (alleen imperatief)","come! (imperative only)","B2","znw_m_ev","A1","taal & school & communicatie","auto","tarifit::cefr::A1 tarifit::woordsoort::znw_m_ev tarifit::thema::taal"
"aawes","gelijkaardig","similar","B2","znw_m_ev","B1","eigenschappen & kleuren","auto","tarifit::cefr::B1 tarifit::woordsoort::znw_m_ev tarifit::thema::eig"
"aawes / caba","lijken op","resemble","B1","znw_m_ev","A2","eigenschappen & kleuren","auto","tarifit::cefr::A2 tarifit::woordsoort::znw_m_ev tarifit::thema::eig"
"aaweř","terugtrekken, vluchten","to withdraw, to flee","B2","ww","B1","handelingen","auto","tarifit::cefr::B1 tarifit::woordsoort::ww tarifit::thema::doen"
"aaxes","goedkoop","cheap","B2","znw_m_ev","A1","handel & geld","auto","tarifit::cefr::A1 tarifit::woordsoort::znw_m_ev tarifit::thema::hdl"
"aaxu","losmaken","loosen","B1","ww","B1","handelingen","auto","tarifit::cefr::B1 tarifit::woordsoort::ww tarifit::thema::doen"
"aay","verlichten, oplichten","illuminate, illuminate","B1","znw_m_ev","B1","overig","auto","tarifit::cefr::B1 tarifit::woordsoort::znw_m_ev tarifit::thema::ov"
"aayaz","man, echtgenoot","husband, husband","A1","znw_m_ev","A1","familie & mensen","auto","tarifit::cefr::A1 tarifit::woordsoort::znw_m_ev tarifit::thema::fam"
"aayyeq / ṛefḏuṛ","Ontbijt","Breakfast","B2","znw_m_ev","A1","eten & drinken","auto","tarifit::cefr::A1 tarifit::woordsoort::znw_m_ev tarifit::thema::eten"
"aaz","vernietigen","destroy","B1","ww","B1","handelingen","auto","tarifit::cefr::B1 tarifit::woordsoort::ww tarifit::thema::doen"
"aazem","openen","open","B2","ww","A1","handelingen","auto","tarifit::cefr::A1 tarifit::woordsoort::ww tarifit::thema::doen"
"aazu","zoeken","to search","B1","ww","A1","handelingen","auto","tarifit::cefr::A1 tarifit::woordsoort::ww tarifit::thema::doen"
"aaz’","breken","break","B1","ww","A1","handelingen","auto","tarifit::cefr::A1 tarifit::woordsoort::ww tarifit::thema::doen"
"aaɣ","heet, schijnen","to shine, to be called","B1","ww","A1","eigenschappen & kleuren","auto","tarifit::cefr::A1 tarifit::woordsoort::ww tarifit::thema::eig"
"aaḇiḇ","de stiefzoon","stepson","B2","znw_m_ev","B1","familie & mensen","auto","tarifit::cefr::B1 tarifit::woordsoort::znw_m_ev tarifit::thema::fam"
"aaḇɛa","vier","four","B2","znw_m_ev","A1","getallen & hoeveelheid","auto","tarifit::cefr::A1 tarifit::woordsoort::znw_m_ev tarifit::thema::get"
"aaḏeř","lenen, uitlenen","borrow, lend","B2","znw_m_ev","A2","handel & geld","auto","tarifit::cefr::A2 tarifit::woordsoort::znw_m_ev tarifit::thema::hdl"
"aaḥeř","verhuizen","to move house","B2","ww","A2","huis & huishouden","auto","tarifit::cefr::A2 tarifit::woordsoort::ww tarifit::thema::huis"
"abarraḥ","marktomroeper","market announcer","B2","znw_m_ev","B2","handel & geld","auto","tarifit::cefr::B2 tarifit::woordsoort::znw_m_ev tarifit::thema::hdl"
"abeccun","de vagina","the vagina","B2","znw_m_ev","B1","lichaam","auto","tarifit::cefr::B1 tarifit::woordsoort::znw_m_ev tarifit::thema::lich"
"abettix","Meloen","Melon","B2","ww","A2","eten & drinken","auto","tarifit::cefr::A2 tarifit::woordsoort::ww tarifit::thema::eten"
"abuqaṛ","Emmer","Bucket","B2","znw_m_ev","A2","huis & huishouden","auto","tarifit::cefr::A2 tarifit::woordsoort::znw_m_ev tarifit::thema::huis"
"abyas / ṯaḥezzant","riem","belt","B2","znw_m_ev","A2","kleding & sieraad","auto","tarifit::cefr::A2 tarifit::woordsoort::znw_m_ev tarifit::thema::kled"
"aca","voelen","to feel","B1","ww","A1","gevoel & denken","auto","tarifit::cefr::A1 tarifit::woordsoort::ww tarifit::thema::gev"
"acaa","stelen","to steal","B1","ww","A2","samenleving & volken","auto","tarifit::cefr::A2 tarifit::woordsoort::ww tarifit::thema::sam"
"acarriḏ","de lijn","the line","B2","znw_m_ev","A2","overig","auto","tarifit::cefr::A2 tarifit::woordsoort::znw_m_ev tarifit::thema::ov"
"aceddi","de knoop","the knot","B2","znw_m_ev","A2","kleding & sieraad","auto","tarifit::cefr::A2 tarifit::woordsoort::znw_m_ev tarifit::thema::kled"
"aceffar","Dief","Thief","B2","znw_m_ev","A2","samenleving & volken","auto","tarifit::cefr::A2 tarifit::woordsoort::znw_m_ev tarifit::thema::sam"
"acemmus","bundel, pakje","bundle, package","B2","znw_m_ev","B1","overig","auto","tarifit::cefr::B1 tarifit::woordsoort::znw_m_ev tarifit::thema::ov"
"acemřař","wit","white","C1","znw_m_ev","A1","eigenschappen & kleuren","auto","tarifit::cefr::A1 tarifit::woordsoort::znw_m_ev tarifit::thema::eig"
"acenquḇ","de snavel","the beak","B2","znw_m_ev","B1","dieren","auto","tarifit::cefr::B1 tarifit::woordsoort::znw_m_ev tarifit::thema::dier"
"acessas n lḥebs","Gevangenisbewaarder","Prison guard","C2","znw_m_ev","B2","werk & beroep & ambacht","auto","tarifit::cefr::B2 tarifit::woordsoort::znw_m_ev tarifit::thema::werk"
"acewwaf","haar","her","B2","znw_m_ev","A1","lichaam","auto","tarifit::cefr::A1 tarifit::woordsoort::znw_m_ev tarifit::thema::lich"
"aceḥřuf","het brandhout","the firewood","B2","znw_m_ev","B1","natuur & weer","auto","tarifit::cefr::B1 tarifit::woordsoort::znw_m_ev tarifit::thema::nat"
"acmaz","de jeuk","the itch","B2","znw_m_ev","B1","gezondheid","auto","tarifit::cefr::B1 tarifit::woordsoort::znw_m_ev tarifit::thema::gez"
"acniw","de tweeling","the twins","B2","znw_m_ev","A2","familie & mensen","auto","tarifit::cefr::A2 tarifit::woordsoort::znw_m_ev tarifit::thema::fam"
"acrag","looien","tanning","B2","ww","B2","werk & beroep & ambacht","auto","tarifit::cefr::B2 tarifit::woordsoort::ww tarifit::thema::werk"
"acuﬀuṛ","Chauffeur","Driver","B2","znw_m_ev","A2","werk & beroep & ambacht","auto","tarifit::cefr::A2 tarifit::woordsoort::znw_m_ev tarifit::thema::werk"
"ad","zullen","shall, will","B1","ww","A1","functiewoorden","auto","tarifit::cefr::A1 tarifit::woordsoort::ww tarifit::thema::gram"
"adjey","diep","deep","B2","znw_m_ev","A1","eigenschappen & kleuren","auto","tarifit::cefr::A1 tarifit::woordsoort::znw_m_ev tarifit::thema::eig"
"adu","onder","under","B1","znw_m_ev","A1","plaats & richting & geografie","auto","tarifit::cefr::A1 tarifit::woordsoort::znw_m_ev tarifit::thema::pl"
"af","vinden","to find","C1","ww","A1","handelingen","auto","tarifit::cefr::A1 tarifit::woordsoort::ww tarifit::thema::doen"
"afaattu","de vlinder","the butterfly","B2","znw_m_ev","A2","dieren","auto","tarifit::cefr::A2 tarifit::woordsoort::znw_m_ev tarifit::thema::dier"
"afarran","bakker, oven","baker, oven","B2","znw_m_ev","A1","werk & beroep & ambacht","auto","tarifit::cefr::A1 tarifit::woordsoort::znw_m_ev tarifit::thema::werk"
"afriw","vleugel","wing","B2","znw_m_ev","A2","dieren","auto","tarifit::cefr::A2 tarifit::woordsoort::znw_m_ev tarifit::thema::dier"
"afunas","stier","bull","B2","znw_m_ev","A2","dieren","auto","tarifit::cefr::A2 tarifit::woordsoort::znw_m_ev tarifit::thema::dier"
"afusi","rechts","right","B2","znw_m_ev","A1","plaats & richting & geografie","auto","tarifit::cefr::A1 tarifit::woordsoort::znw_m_ev tarifit::thema::pl"
"afḏis","de hamer","the hammer","B2","znw_m_ev","A2","gereedschap & materiaal","auto","tarifit::cefr::A2 tarifit::woordsoort::znw_m_ev tarifit::thema::ger"
"afṛaḏ","Afval","Waste","B2","znw_m_ev","A2","huis & huishouden","auto","tarifit::cefr::A2 tarifit::woordsoort::znw_m_ev tarifit::thema::huis"
"agemmiz","wang","cheek","B2","znw_m_ev","A2","lichaam","auto","tarifit::cefr::A2 tarifit::woordsoort::znw_m_ev tarifit::thema::lich"
"agezzaa","slager","butcher","B2","znw_m_ev","A2","werk & beroep & ambacht","auto","tarifit::cefr::A2 tarifit::woordsoort::znw_m_ev tarifit::thema::werk"
"agi","weigeren","to refuse","B1","ww","A2","taal & school & communicatie","auto","tarifit::cefr::A2 tarifit::woordsoort::ww tarifit::thema::taal"
"ahimuř","de menigte","the crowd","B2","znw_m_ev","B1","samenleving & volken","auto","tarifit::cefr::B1 tarifit::woordsoort::znw_m_ev tarifit::thema::sam"
"ajaaṭiř","de mat","the mat","B2","znw_m_ev","B1","huis & huishouden","check","tarifit::cefr::B1 tarifit::woordsoort::znw_m_ev tarifit::thema::huis"
"ajdiḏ","vogel","bird","B2","znw_m_ev","A1","dieren","auto","tarifit::cefr::A1 tarifit::woordsoort::znw_m_ev tarifit::thema::dier"
"ajemmad-in","Overkant","Other side","C1","znw_m_ev","B1","plaats & richting & geografie","auto","tarifit::cefr::B1 tarifit::woordsoort::znw_m_ev tarifit::thema::pl"
"ajenna","de lucht","sky, air","B2","znw_m_ev","A1","natuur & weer","auto","tarifit::cefr::A1 tarifit::woordsoort::znw_m_ev tarifit::thema::nat"
"ajjaj","Onweer","Storm","B2","znw_m_ev","A2","natuur & weer","auto","tarifit::cefr::A2 tarifit::woordsoort::znw_m_ev tarifit::thema::nat"
"ajjař","de weduwnaar","the widower","B2","znw_m_ev","B1","familie & mensen","auto","tarifit::cefr::B1 tarifit::woordsoort::znw_m_ev tarifit::thema::fam"
"ajjaṛ","Buurman","Neighbour","B2","znw_m_ev","A1","samenleving & volken","auto","tarifit::cefr::A1 tarifit::woordsoort::znw_m_ev tarifit::thema::sam"
"ajris","het ijs","the ice","B2","znw_m_ev","A2","natuur & weer","check","tarifit::cefr::A2 tarifit::woordsoort::znw_m_ev tarifit::thema::nat"
"ajɛuḏ","het veulen","the foal","B2","znw_m_ev","B2","dieren","auto","tarifit::cefr::B2 tarifit::woordsoort::znw_m_ev tarifit::thema::dier"
"ajɣuř","de schelp","the shell","B2","znw_m_ev","A2","natuur & weer","auto","tarifit::cefr::A2 tarifit::woordsoort::znw_m_ev tarifit::thema::nat"
"akebbuḏ / palto","Jas","Jacket","B2","znw_m_ev","A1","kleding & sieraad","auto","tarifit::cefr::A1 tarifit::woordsoort::znw_m_ev tarifit::thema::kled"
"akeccuḏ","stok","stick","B1","znw_m_ev","A2","gereedschap & materiaal","auto","tarifit::cefr::A2 tarifit::woordsoort::znw_m_ev tarifit::thema::ger"
"akennas","staart","tail","B2","znw_m_ev","A2","dieren","auto","tarifit::cefr::A2 tarifit::woordsoort::znw_m_ev tarifit::thema::dier"
"akeḏ / ak","met (samen)","with (together)","B1","znw_m_ev","A1","functiewoorden","auto","tarifit::cefr::A1 tarifit::woordsoort::znw_m_ev tarifit::thema::gram"
"akwaḏrun","de deurpost","the door post","C1","znw_m_ev","B2","huis & huishouden","auto","tarifit::cefr::B2 tarifit::woordsoort::znw_m_ev tarifit::thema::huis"
"Aliman","Duitsland, Duitser","Germany, German","B2","znw_m_ev","A1","plaats & richting & geografie","auto","tarifit::cefr::A1 tarifit::woordsoort::znw_m_ev tarifit::thema::pl"
"am","zoals","like, as","B2","ww","A1","functiewoorden","auto","tarifit::cefr::A1 tarifit::woordsoort::ww tarifit::thema::gram"
"amaa","bevelen","command","B1","ww","B1","samenleving & volken","auto","tarifit::cefr::B1 tarifit::woordsoort::ww tarifit::thema::sam"
"amaazag","bitter","bitter","B2","znw_m_ev","A2","eten & drinken","auto","tarifit::cefr::A2 tarifit::woordsoort::znw_m_ev tarifit::thema::eten"
"aman","Water","Water","A1","znw_m_ev","A1","eten & drinken","check","tarifit::cefr::A1 tarifit::woordsoort::znw_m_ev tarifit::thema::eten"
"aman iḇaawen","brak","broke","C2","znw_m_ev","B2","natuur & weer","auto","tarifit::cefr::B2 tarifit::woordsoort::znw_m_ev tarifit::thema::nat"
"Amastan/abugadu","Advocaat","Lawyer","B2","znw_m_ev","A2","werk & beroep & ambacht","auto","tarifit::cefr::A2 tarifit::woordsoort::znw_m_ev tarifit::thema::werk"
"amcan","plaats, plek","place, place","B2","znw_m_ev","A1","plaats & richting & geografie","auto","tarifit::cefr::A1 tarifit::woordsoort::znw_m_ev tarifit::thema::pl"
"amcum","stout persoon","naughty person","B2","znw_m_ev","B2","samenleving & volken","auto","tarifit::cefr::B2 tarifit::woordsoort::znw_m_ev tarifit::thema::sam"
"amecři","de lunch","the lunch","B2","znw_m_ev","A1","eten & drinken","auto","tarifit::cefr::A1 tarifit::woordsoort::znw_m_ev tarifit::thema::eten"
"ameddukeř","vriend","friend","C1","znw_m_ev","A1","familie & mensen","auto","tarifit::cefr::A1 tarifit::woordsoort::znw_m_ev tarifit::thema::fam"
"amen","geloven","to believe","B1","ww","A2","gevoel & denken","auto","tarifit::cefr::A2 tarifit::woordsoort::ww tarifit::thema::gev"
"amenni","zo, op die manier","so, in that way","B2","znw_m_ev","A1","functiewoorden","auto","tarifit::cefr::A1 tarifit::woordsoort::znw_m_ev tarifit::thema::gram"
"amensi","avondmaal, Avondeten","supper, Dinner","B2","znw_m_ev","B1","eten & drinken","auto","tarifit::cefr::B1 tarifit::woordsoort::znw_m_ev tarifit::thema::eten"
"amenɣi","Ruzie","Row","B2","znw_m_ev","A2","samenleving & volken","auto","tarifit::cefr::A2 tarifit::woordsoort::znw_m_ev tarifit::thema::sam"
"ameqqṛan","Groot","Big","C1","znw_m_ev","A1","eigenschappen & kleuren","auto","tarifit::cefr::A1 tarifit::woordsoort::znw_m_ev tarifit::thema::eig"
"amesmia","de spijker","the nail","B2","znw_m_ev","A2","gereedschap & materiaal","auto","tarifit::cefr::A2 tarifit::woordsoort::znw_m_ev tarifit::thema::ger"
"amesřem","moslim","Muslim","B2","znw_m_ev","A2","religie & leven-dood","auto","tarifit::cefr::A2 tarifit::woordsoort::znw_m_ev tarifit::thema::rel"
"amesɛi","Bedelaar","Beggar","B2","znw_m_ev","B1","samenleving & volken","auto","tarifit::cefr::B1 tarifit::woordsoort::znw_m_ev tarifit::thema::sam"
"amesṯen","Bescherming","Protection","B2","znw_m_ev","B1","samenleving & volken","auto","tarifit::cefr::B1 tarifit::woordsoort::znw_m_ev tarifit::thema::sam"
"ametta","traan","tear","B2","znw_m_ev","A2","lichaam","auto","tarifit::cefr::A2 tarifit::woordsoort::znw_m_ev tarifit::thema::lich"
"amettin","dode persoon, lijk","dead person, corpse","B2","znw_m_ev","B1","religie & leven-dood","auto","tarifit::cefr::B1 tarifit::woordsoort::znw_m_ev tarifit::thema::rel"
"amezwaru","eerste","first","C1","znw_m_ev","A1","getallen & hoeveelheid","auto","tarifit::cefr::A1 tarifit::woordsoort::znw_m_ev tarifit::thema::get"
"amezzuɣ","oor","ear","B2","znw_m_ev","A1","lichaam","auto","tarifit::cefr::A1 tarifit::woordsoort::znw_m_ev tarifit::thema::lich"
"amezḏag","schoon","beautiful","B2","znw_m_ev","A1","eigenschappen & kleuren","auto","tarifit::cefr::A1 tarifit::woordsoort::znw_m_ev tarifit::thema::eig"
"ameřɣiɣ","de hersenen","the brain","B2","znw_m_ev","A2","lichaam","auto","tarifit::cefr::A2 tarifit::woordsoort::znw_m_ev tarifit::thema::lich"
"Amešmaš","Abrikoos","Apricot","B2","znw_m_ev","A2","eten & drinken","auto","tarifit::cefr::A2 tarifit::woordsoort::znw_m_ev tarifit::thema::eten"
"ameɛnan / amezyan","klein","small","B2","znw_m_ev","A1","eigenschappen & kleuren","auto","tarifit::cefr::A1 tarifit::woordsoort::znw_m_ev tarifit::thema::eig"
"ameḏǧaz","de dichter, traditionele zanger","the poet, traditional singer","B2","znw_m_ev","B1","taal & school & communicatie","auto","tarifit::cefr::B1 tarifit::woordsoort::znw_m_ev tarifit::thema::taal"
"ameḥḏaa","leerling, student","pupil, student","B2","znw_m_ev","A1","taal & school & communicatie","auto","tarifit::cefr::A1 tarifit::woordsoort::znw_m_ev tarifit::thema::taal"
"amin","Amen","Amen","B1","ww","A2","religie & leven-dood","auto","tarifit::cefr::A2 tarifit::woordsoort::ww tarifit::thema::rel"
"amjaa","de sikkel of zeis","the sickle or scythe","B2","znw_m_ev","B2","landbouw & veeteelt & visserij","auto","tarifit::cefr::B2 tarifit::woordsoort::znw_m_ev tarifit::thema::land"
"amnus","bezorgdheid","concern","B2","znw_m_ev","B1","gevoel & denken","auto","tarifit::cefr::B1 tarifit::woordsoort::znw_m_ev tarifit::thema::gev"
"amuaḏus","het karkas","the carcass","B2","znw_m_ev","B2","dieren","auto","tarifit::cefr::B2 tarifit::woordsoort::znw_m_ev tarifit::thema::dier"
"amyan","bok (dier)","goat (animal)","B1","znw_m_ev","B1","dieren","auto","tarifit::cefr::B1 tarifit::woordsoort::znw_m_ev tarifit::thema::dier"
"amziř","de smid","the blacksmith","B2","znw_m_ev","B1","werk & beroep & ambacht","auto","tarifit::cefr::B1 tarifit::woordsoort::znw_m_ev tarifit::thema::werk"
"amẓiw","monster, boze geest","monster, evil spirit","B2","znw_m_ev","A2","religie & leven-dood","auto","tarifit::cefr::A2 tarifit::woordsoort::znw_m_ev tarifit::thema::rel"
"Anawar","Activiteit","Activity","B2","znw_m_ev","A2","overig","auto","tarifit::cefr::A2 tarifit::woordsoort::znw_m_ev tarifit::thema::ov"
"anday","de hinderlaag","the ambush","B2","znw_m_ev","B2","samenleving & volken","auto","tarifit::cefr::B2 tarifit::woordsoort::znw_m_ev tarifit::thema::sam"
"andeř","graf","grave","B2","znw_m_ev","A2","religie & leven-dood","auto","tarifit::cefr::A2 tarifit::woordsoort::znw_m_ev tarifit::thema::rel"
"andraa","de dorsvloer","the threshing floor","B2","znw_m_ev","B2","landbouw & veeteelt & visserij","auto","tarifit::cefr::B2 tarifit::woordsoort::znw_m_ev tarifit::thema::land"
"aneggaru","het einde, laatste","the end, last","C1","znw_m_ev","A1","tijd","auto","tarifit::cefr::A1 tarifit::woordsoort::znw_m_ev tarifit::thema::tijd"
"anejjaa","de timmerman","the carpenter","B2","znw_m_ev","A2","werk & beroep & ambacht","auto","tarifit::cefr::A2 tarifit::woordsoort::znw_m_ev tarifit::thema::werk"
"anewji","bezoeker, gast","visitor, guest","B2","znw_m_ev","A2","samenleving & volken","auto","tarifit::cefr::A2 tarifit::woordsoort::znw_m_ev tarifit::thema::sam"
"anewyew","Bezoek","Visit","B2","znw_m_ev","A2","samenleving & volken","auto","tarifit::cefr::A2 tarifit::woordsoort::znw_m_ev tarifit::thema::sam"
"aneɣ","het tandvlees","the gums","B1","znw_m_ev","B1","lichaam","auto","tarifit::cefr::B1 tarifit::woordsoort::znw_m_ev tarifit::thema::lich"
"aneɣ","verhemelte","palate","B1","znw_m_ev","B2","lichaam","auto","tarifit::cefr::B2 tarifit::woordsoort::znw_m_ev tarifit::thema::lich"
"aneḇḏu / řexrif / rmiṣta","Zomer","Summer","B2","znw_m_ev","A1","tijd","auto","tarifit::cefr::A1 tarifit::woordsoort::znw_m_ev tarifit::thema::tijd"
"aneḏḏah","Bestuurder","Director","B2","znw_m_ev","A2","vervoer & reizen","auto","tarifit::cefr::A2 tarifit::woordsoort::znw_m_ev tarifit::thema::verv"
"aneḥḇus","de gevangene","the prisoner","B2","znw_m_ev","B1","samenleving & volken","auto","tarifit::cefr::B1 tarifit::woordsoort::znw_m_ev tarifit::thema::sam"
"anhezzi n ṯmurṯ/zzinzal","Aardbeving","Earthquake","B2","znw_m_ev","B1","natuur & weer","auto","tarifit::cefr::B1 tarifit::woordsoort::znw_m_ev tarifit::thema::nat"
"aniyna","Bel","Call","B2","znw_m_ev","A2","huis & huishouden","auto","tarifit::cefr::A2 tarifit::woordsoort::znw_m_ev tarifit::thema::huis"
"aniči, ařinti","de herder","the shepherd","C2","znw_m_ev","B1","landbouw & veeteelt & visserij","auto","tarifit::cefr::B1 tarifit::woordsoort::znw_m_ev tarifit::thema::land"
"anu","waterput","water well","B1","znw_m_ev","B1","landbouw & veeteelt & visserij","auto","tarifit::cefr::B1 tarifit::woordsoort::znw_m_ev tarifit::thema::land"
"anwař","de stal","the stable","B2","znw_m_ev","B1","landbouw & veeteelt & visserij","auto","tarifit::cefr::B1 tarifit::woordsoort::znw_m_ev tarifit::thema::land"
"anzaa","regen","rain","B2","ww","A1","natuur & weer","auto","tarifit::cefr::A1 tarifit::woordsoort::ww tarifit::thema::nat"
"anḏu","vlechtwerk om te wannen","wickerwork for winnowing","B1","znw_m_ev","B2","landbouw & veeteelt & visserij","auto","tarifit::cefr::B2 tarifit::woordsoort::znw_m_ev tarifit::thema::land"
"apatci","Apache helikopter","Apache helicopter","B2","znw_m_ev","B2","samenleving & volken","auto","tarifit::cefr::B2 tarifit::woordsoort::znw_m_ev tarifit::thema::sam"
"apilaa","de paal","the pole","B2","znw_m_ev","B1","gereedschap & materiaal","auto","tarifit::cefr::B1 tarifit::woordsoort::znw_m_ev tarifit::thema::ger"
"aqbuc","kruik voor water","jug for water","B1","znw_m_ev","B2","huis & huishouden","auto","tarifit::cefr::B2 tarifit::woordsoort::znw_m_ev tarifit::thema::huis"
"aqeccaa","kaal","bald","B2","znw_m_ev","B1","lichaam","auto","tarifit::cefr::B1 tarifit::woordsoort::znw_m_ev tarifit::thema::lich"
"aqeddaa","de pottenbakker","the potter","B2","znw_m_ev","B2","werk & beroep & ambacht","auto","tarifit::cefr::B2 tarifit::woordsoort::znw_m_ev tarifit::thema::werk"
"aqedduḥ","het blik","the can","B2","znw_m_ev","A2","huis & huishouden","check","tarifit::cefr::A2 tarifit::woordsoort::znw_m_ev tarifit::thema::huis"
"aqeffuḥ","dom","stupid","B2","znw_m_ev","A1","eigenschappen & kleuren","auto","tarifit::cefr::A1 tarifit::woordsoort::znw_m_ev tarifit::thema::eig"
"aqehwi","Bruin","Brown","B2","znw_m_ev","A1","eigenschappen & kleuren","auto","tarifit::cefr::A1 tarifit::woordsoort::znw_m_ev tarifit::thema::eig"
"aqellaw","de penis","the penis","B2","znw_m_ev","B1","lichaam","auto","tarifit::cefr::B1 tarifit::woordsoort::znw_m_ev tarifit::thema::lich"
"aqemmum","mond","mouth","A1","znw_m_ev","A1","lichaam","auto","tarifit::cefr::A1 tarifit::woordsoort::znw_m_ev tarifit::thema::lich"
"aqezzaz / joɛ","gierig","stingy","B1","znw_m_ev","B1","eigenschappen & kleuren","auto","tarifit::cefr::B1 tarifit::woordsoort::znw_m_ev tarifit::thema::eig"
"aqeṛɛi","lid van Iqeṛɛiyen-stam","member of Iqeṛɛiyen tribe","C1","znw_m_ev","B2","samenleving & volken","auto","tarifit::cefr::B2 tarifit::woordsoort::znw_m_ev tarifit::thema::sam"
"aqninni","Konijn","Rabbit","B2","znw_m_ev","A1","dieren","auto","tarifit::cefr::A1 tarifit::woordsoort::znw_m_ev tarifit::thema::dier"
"aquḏḏaḏ","kort","short","B2","znw_m_ev","A1","eigenschappen & kleuren","auto","tarifit::cefr::A1 tarifit::woordsoort::znw_m_ev tarifit::thema::eig"
"aqzin","hond","dog","B2","znw_m_ev","A1","dieren","auto","tarifit::cefr::A1 tarifit::woordsoort::znw_m_ev tarifit::thema::dier"
"aqḇuc","Kom","Come","B2","znw_m_ev","A2","eten & drinken","auto","tarifit::cefr::A2 tarifit::woordsoort::znw_m_ev tarifit::thema::eten"
"aqḏim","Oud (voor dingen en leeftijd)","Old (for things and age)","B2","znw_m_ev","A1","eigenschappen & kleuren","auto","tarifit::cefr::A1 tarifit::woordsoort::znw_m_ev tarifit::thema::eig"
"aqṛab","Rugtas","Backpack","B2","znw_m_ev","A2","kleding & sieraad","auto","tarifit::cefr::A2 tarifit::woordsoort::znw_m_ev tarifit::thema::kled"
"Aremmas","Aannemer","Contractor","B2","znw_m_ev","B2","werk & beroep & ambacht","auto","tarifit::cefr::B2 tarifit::woordsoort::znw_m_ev tarifit::thema::werk"
"ari","schrijven","to write","A2","ww","A1","taal & school & communicatie","auto","tarifit::cefr::A1 tarifit::woordsoort::ww tarifit::thema::taal"
"Arif","het Rif (gebied)","the Rif (area)","B1","znw_m_ev","A2","plaats & richting & geografie","check","tarifit::cefr::A2 tarifit::woordsoort::znw_m_ev tarifit::thema::pl"
"arifi","Riffijn","Riffin","C1","znw_m_ev","B1","samenleving & volken","auto","tarifit::cefr::B1 tarifit::woordsoort::znw_m_ev tarifit::thema::sam"
"arr","antwoorden","answers","B1","ww","A1","taal & school & communicatie","auto","tarifit::cefr::A1 tarifit::woordsoort::ww tarifit::thema::taal"
"arr nnefs","ademen","to breathe","C1","ww","A2","lichaam","auto","tarifit::cefr::A2 tarifit::woordsoort::ww tarifit::thema::lich"
"arrayes","de president","the president","B2","znw_m_ev","A2","samenleving & volken","auto","tarifit::cefr::A2 tarifit::woordsoort::znw_m_ev tarifit::thema::sam"
"arriš","veren, pluimage","feathers, plume","B2","znw_m_ev","B1","dieren","auto","tarifit::cefr::B1 tarifit::woordsoort::znw_m_ev tarifit::thema::dier"
"arraḏyu","Radio","Radio","B2","znw_m_ev","A1","overig","auto","tarifit::cefr::A1 tarifit::woordsoort::znw_m_ev tarifit::thema::ov"
"arrez","gebroken","broken","B2","ww","A2","eigenschappen & kleuren","auto","tarifit::cefr::A2 tarifit::woordsoort::ww tarifit::thema::eig"
"arric","de veer","the feather","B2","znw_m_ev","B1","dieren","auto","tarifit::cefr::B1 tarifit::woordsoort::znw_m_ev tarifit::thema::dier"
"Arrima","Aanmeren","Mooring","B2","ww","B2","vervoer & reizen","auto","tarifit::cefr::B2 tarifit::woordsoort::ww tarifit::thema::verv"
"arristuran","restaurant","restaurant","C1","znw_m_ev","A1","eten & drinken","auto","tarifit::cefr::A1 tarifit::woordsoort::znw_m_ev tarifit::thema::eten"
"arruz","Rijst","Rice","B2","znw_m_ev","A1","eten & drinken","auto","tarifit::cefr::A1 tarifit::woordsoort::znw_m_ev tarifit::thema::eten"
"arruḏ","kleren, kleding","clothes, garments","B2","ww","A1","kleding & sieraad","auto","tarifit::cefr::A1 tarifit::woordsoort::ww tarifit::thema::kled"
"arruḥ","de ziel of geest","the soul or spirit","B2","znw_m_ev","B1","religie & leven-dood","auto","tarifit::cefr::B1 tarifit::woordsoort::znw_m_ev tarifit::thema::rel"
"arrḇeḥ","de overwinning","the victory","B2","znw_m_ev","B1","samenleving & volken","auto","tarifit::cefr::B1 tarifit::woordsoort::znw_m_ev tarifit::thema::sam"
"arrḇiɛ","de lente","Grass","B2","znw_m_ev","A1","tijd","auto","tarifit::cefr::A1 tarifit::woordsoort::znw_m_ev tarifit::thema::tijd"
"aru","verwekken","beget","B1","ww","B2","familie & mensen","auto","tarifit::cefr::B2 tarifit::woordsoort::ww tarifit::thema::fam"
"aryiyi","Bibberen","Shivering","B2","ww","B1","lichaam","auto","tarifit::cefr::B1 tarifit::woordsoort::ww tarifit::thema::lich"
"as","komen","come","B1","ww","A1","handelingen","auto","tarifit::cefr::A1 tarifit::woordsoort::ww tarifit::thema::doen"
"asaaḏun","muildier","mule","B2","znw_m_ev","B2","dieren","auto","tarifit::cefr::B2 tarifit::woordsoort::znw_m_ev tarifit::thema::dier"
"Asegbar","Acteur","Actor","B2","znw_m_ev","A2","werk & beroep & ambacht","auto","tarifit::cefr::A2 tarifit::woordsoort::znw_m_ev tarifit::thema::werk"
"aseggwas / ɛam","Jaar","Year","C1","znw_m_ev","A1","tijd","auto","tarifit::cefr::A1 tarifit::woordsoort::znw_m_ev tarifit::thema::tijd"
"asekcuṭ","bovenste deel couscouspan","upper part of couscous pan","B2","znw_m_ev","B2","eten & drinken","auto","tarifit::cefr::B2 tarifit::woordsoort::znw_m_ev tarifit::thema::eten"
"asemmam","zuur","sour","C1","znw_m_ev","A2","eten & drinken","auto","tarifit::cefr::A2 tarifit::woordsoort::znw_m_ev tarifit::thema::eten"
"asemmaḏ","koud","cold","B2","znw_m_ev","A1","eigenschappen & kleuren","auto","tarifit::cefr::A1 tarifit::woordsoort::znw_m_ev tarifit::thema::eig"
"asemmiḏ","de kou","the cold","B2","znw_m_ev","A2","natuur & weer","auto","tarifit::cefr::A2 tarifit::woordsoort::znw_m_ev tarifit::thema::nat"
"asemmiḏ / rɛawin","Wind","Wind","B2","znw_m_ev","A1","natuur & weer","auto","tarifit::cefr::A1 tarifit::woordsoort::znw_m_ev tarifit::thema::nat"
"asennan","doorn","thorn","B2","znw_m_ev","B1","natuur & weer","auto","tarifit::cefr::B1 tarifit::woordsoort::znw_m_ev tarifit::thema::nat"
"aseymi","baby","baby","B2","znw_m_ev","A1","familie & mensen","auto","tarifit::cefr::A1 tarifit::woordsoort::znw_m_ev tarifit::thema::fam"
"aseřɣaɣ / lɛaṣir","sap","juice","B2","znw_m_ev","A1","eten & drinken","auto","tarifit::cefr::A1 tarifit::woordsoort::znw_m_ev tarifit::thema::eten"
"aseḏḥi / ḥecma","Schaamte","Shame","B2","znw_m_ev","B1","gevoel & denken","auto","tarifit::cefr::B1 tarifit::woordsoort::znw_m_ev tarifit::thema::gev"
"aseḥḥaa","de tovenaar of heks","the wizard or witch","B2","znw_m_ev","B2","religie & leven-dood","auto","tarifit::cefr::B2 tarifit::woordsoort::znw_m_ev tarifit::thema::rel"
"asfeḏ","de lamp of fakkel","the lamp or torch","B2","znw_m_ev","B2","huis & huishouden","auto","tarifit::cefr::B2 tarifit::woordsoort::znw_m_ev tarifit::thema::huis"
"asiwan","de havik","the hawk","B2","znw_m_ev","B2","dieren","auto","tarifit::cefr::B2 tarifit::woordsoort::znw_m_ev tarifit::thema::dier"
"asiynu","de wolk","the cloud","B2","znw_m_ev","A1","natuur & weer","auto","tarifit::cefr::A1 tarifit::woordsoort::znw_m_ev tarifit::thema::nat"
"aspanyu","Spanjaard","Spaniard","C1","znw_m_ev","A2","samenleving & volken","auto","tarifit::cefr::A2 tarifit::woordsoort::znw_m_ev tarifit::thema::sam"
"aspiraṯor","(stof)zuigen","to vacuum","C1","znw_m_ev","A2","huis & huishouden","auto","tarifit::cefr::A2 tarifit::woordsoort::znw_m_ev tarifit::thema::huis"
"assam","de bliksemschicht","the lightning bolt","B2","znw_m_ev","B2","natuur & weer","auto","tarifit::cefr::B2 tarifit::woordsoort::znw_m_ev tarifit::thema::nat"
"asřem","vis","fish","B2","znw_m_ev","A1","dieren","auto","tarifit::cefr::A1 tarifit::woordsoort::znw_m_ev tarifit::thema::dier"
"asřif","de zwager of schoonzus","the brother-in-law or sister-in-law","B2","znw_m_ev","B1","familie & mensen","auto","tarifit::cefr::B1 tarifit::woordsoort::znw_m_ev tarifit::thema::fam"
"asřix","het bont","the fur","B2","znw_m_ev","B1","kleding & sieraad","auto","tarifit::cefr::B1 tarifit::woordsoort::znw_m_ev tarifit::thema::kled"
"atay","thee","tea","A1","znw_m_ev","A1","eten & drinken","auto","tarifit::cefr::A1 tarifit::woordsoort::znw_m_ev tarifit::thema::eten"
"atijari","de koopman","the merchant","B2","znw_m_ev","B1","handel & geld","auto","tarifit::cefr::B1 tarifit::woordsoort::znw_m_ev tarifit::thema::hdl"
"attas","vaak, voor lange tijd, veel, een hoop","often, for a long time, a lot","C1","znw_m_ev","A1","tijd","auto","tarifit::cefr::A1 tarifit::woordsoort::znw_m_ev tarifit::thema::tijd"
"attaw","groot oog","big eye","B1","znw_m_ev","B2","lichaam","auto","tarifit::cefr::B2 tarifit::woordsoort::znw_m_ev tarifit::thema::lich"
"awař","woord, gesprek","word, conversation","B1","znw_m_ev","A1","taal & school & communicatie","auto","tarifit::cefr::A1 tarifit::woordsoort::znw_m_ev tarifit::thema::taal"
"awaṛ","Afspraak","Appointment","B1","znw_m_ev","A2","tijd","auto","tarifit::cefr::A2 tarifit::woordsoort::znw_m_ev tarifit::thema::tijd"
"awessaa","oude man","old man","C1","znw_m_ev","A2","familie & mensen","auto","tarifit::cefr::A2 tarifit::woordsoort::znw_m_ev tarifit::thema::fam"
"awezwiz","het stuk","the piece","B2","znw_m_ev","A1","overig","auto","tarifit::cefr::A1 tarifit::woordsoort::znw_m_ev tarifit::thema::ov"
"aweḏ","aankomen","arrive","B1","ww","A2","vervoer & reizen","auto","tarifit::cefr::A2 tarifit::woordsoort::ww tarifit::thema::verv"
"awi","brengen","to take","B1","ww","A1","handelingen","auto","tarifit::cefr::A1 tarifit::woordsoort::ww tarifit::thema::doen"
"awi-ḏ","Halen","To fetch","B2","ww","A1","handelingen","auto","tarifit::cefr::A1 tarifit::woordsoort::ww tarifit::thema::doen"
"awiḏ kicc","Meenemen","Take away","C1","ww","A2","handelingen","auto","tarifit::cefr::A2 tarifit::woordsoort::ww tarifit::thema::doen"
"awmaṯen","het broer of zus","the brother or sister","B2","znw_m_ev","A2","familie & mensen","auto","tarifit::cefr::A2 tarifit::woordsoort::znw_m_ev tarifit::thema::fam"
"awraɣ","geel","yellow","B2","znw_m_ev","A1","eigenschappen & kleuren","auto","tarifit::cefr::A1 tarifit::woordsoort::znw_m_ev tarifit::thema::eig"
"awrud","hierheen, naar hier","over here, over here","B2","znw_m_ev","A2","plaats & richting & geografie","auto","tarifit::cefr::A2 tarifit::woordsoort::znw_m_ev tarifit::thema::pl"
"awṯem","mannelijk","male","B2","znw_m_ev","A2","eigenschappen & kleuren","auto","tarifit::cefr::A2 tarifit::woordsoort::znw_m_ev tarifit::thema::eig"
"axeddam","Arbeider, bediende","Worker, employee","B2","znw_m_ev","A2","werk & beroep & ambacht","auto","tarifit::cefr::A2 tarifit::woordsoort::znw_m_ev tarifit::thema::werk"
"axeddam","werknemer","employee","B2","znw_m_ev","A2","werk & beroep & ambacht","auto","tarifit::cefr::A2 tarifit::woordsoort::znw_m_ev tarifit::thema::werk"
"axenza","de steenpuist","the boil","B2","znw_m_ev","B2","gezondheid","auto","tarifit::cefr::B2 tarifit::woordsoort::znw_m_ev tarifit::thema::gez"
"axeyyaḏ","de kleermaker","the tailor","B2","znw_m_ev","B1","werk & beroep & ambacht","auto","tarifit::cefr::B1 tarifit::woordsoort::znw_m_ev tarifit::thema::werk"
"axmaa","het spinnenweb","the spider web","B2","znw_m_ev","B1","dieren","auto","tarifit::cefr::B1 tarifit::woordsoort::znw_m_ev tarifit::thema::dier"
"axwwan","Inbreker","Burglar","B2","znw_m_ev","B1","samenleving & volken","auto","tarifit::cefr::B1 tarifit::woordsoort::znw_m_ev tarifit::thema::sam"
"axřuř","het snot","the snot","B2","znw_m_ev","B1","lichaam","auto","tarifit::cefr::B1 tarifit::woordsoort::znw_m_ev tarifit::thema::lich"
"axḇuc","de greppel, het gat","the ditch, the hole","B2","znw_m_ev","B2","landbouw & veeteelt & visserij","auto","tarifit::cefr::B2 tarifit::woordsoort::znw_m_ev tarifit::thema::land"
"aɣ","presentatief partikel ('hier!')","presentational particle ('here!')","C2","ww","B2","functiewoorden","auto","tarifit::cefr::B2 tarifit::woordsoort::ww tarifit::thema::gram"
"ayaaziz","de haas","the hare","B2","znw_m_ev","B1","dieren","auto","tarifit::cefr::B1 tarifit::woordsoort::znw_m_ev tarifit::thema::dier"
"ayawya","elkaar","each other","B2","znw_m_ev","A1","functiewoorden","auto","tarifit::cefr::A1 tarifit::woordsoort::znw_m_ev tarifit::thema::gram"
"ayaṛṛaf","waterkruik","water jug","B2","znw_m_ev","B2","huis & huishouden","auto","tarifit::cefr::B2 tarifit::woordsoort::znw_m_ev tarifit::thema::huis"
"ayem","water halen","to fetch water","B1","znw_m_ev","B2","huis & huishouden","auto","tarifit::cefr::B2 tarifit::woordsoort::znw_m_ev tarifit::thema::huis"
"ayemmaḏ","tegenoverliggende kant","opposite side","B2","znw_m_ev","B2","plaats & richting & geografie","auto","tarifit::cefr::B2 tarifit::woordsoort::znw_m_ev tarifit::thema::pl"
"ayencic","Lip","Lip","B2","znw_m_ev","A2","lichaam","auto","tarifit::cefr::A2 tarifit::woordsoort::znw_m_ev tarifit::thema::lich"
"ayenduz","de os","the ox","B2","znw_m_ev","B2","dieren","auto","tarifit::cefr::B2 tarifit::woordsoort::znw_m_ev tarifit::thema::dier"
"ayezzim","de wond","the wound","B2","znw_m_ev","A2","gezondheid","auto","tarifit::cefr::A2 tarifit::woordsoort::znw_m_ev tarifit::thema::gez"
"ayeř (1)","ophangen","to hang","C1","ww","A2","handelingen","auto","tarifit::cefr::A2 tarifit::woordsoort::ww tarifit::thema::doen"
"Ayidar/faču","Adelaar","Eagle","B1","znw_m_ev","B1","dieren","auto","tarifit::cefr::B1 tarifit::woordsoort::znw_m_ev tarifit::thema::dier"
"ayirin","daarheen","over there","B2","ww","A2","plaats & richting & geografie","auto","tarifit::cefr::A2 tarifit::woordsoort::ww tarifit::thema::pl"
"ayraḏ","leeuw","lion","B2","znw_m_ev","A1","dieren","auto","tarifit::cefr::A1 tarifit::woordsoort::znw_m_ev tarifit::thema::dier"
"aysum","vlees","meat","C2","znw_m_ev","A1","eten & drinken","auto","tarifit::cefr::A1 tarifit::woordsoort::znw_m_ev tarifit::thema::eten"
"ayujiř","wees","orphan","B2","znw_m_ev","B1","familie & mensen","auto","tarifit::cefr::B1 tarifit::woordsoort::znw_m_ev tarifit::thema::fam"
"ayyaw","kleinkind, kleinzoon","grandchild","B1","znw_m_ev","A2","familie & mensen","auto","tarifit::cefr::A2 tarifit::woordsoort::znw_m_ev tarifit::thema::fam"
"ayyaw / yeǧis n ɛzizi","Neef (vaderszijde)","nephew (paternal side)","B1","znw_m_ev","A2","familie & mensen","auto","tarifit::cefr::A2 tarifit::woordsoort::znw_m_ev tarifit::thema::fam"
"ayṯ","die van (stam-affiliatie)","that of (tribal affiliation)","B1","znw_m_ev","A2","functiewoorden","auto","tarifit::cefr::A2 tarifit::woordsoort::znw_m_ev tarifit::thema::gram"
"azeřmaḏ","links","left","B2","znw_m_ev","A1","plaats & richting & geografie","auto","tarifit::cefr::A1 tarifit::woordsoort::znw_m_ev tarifit::thema::pl"
"azeǧif","hoofd","head","B2","znw_m_ev","A1","lichaam","auto","tarifit::cefr::A1 tarifit::woordsoort::znw_m_ev tarifit::thema::lich"
"azeɛɛam","dapper","brave","B2","znw_m_ev","A2","eigenschappen & kleuren","auto","tarifit::cefr::A2 tarifit::woordsoort::znw_m_ev tarifit::thema::eig"
"azeɣ","drogen","dry","B1","ww","A2","handelingen","auto","tarifit::cefr::A2 tarifit::woordsoort::ww tarifit::thema::doen"
"aziyza","blauw","blue","B2","znw_m_ev","A1","eigenschappen & kleuren","auto","tarifit::cefr::A1 tarifit::woordsoort::znw_m_ev tarifit::thema::eig"
"aziyza","rauw","raw","B2","znw_m_ev","A2","eten & drinken","auto","tarifit::cefr::A2 tarifit::woordsoort::znw_m_ev tarifit::thema::eten"
"aziza","groen, blauw","green, blue","B2","znw_m_ev","A1","eigenschappen & kleuren","auto","tarifit::cefr::A1 tarifit::woordsoort::znw_m_ev tarifit::thema::eig"
"azizun","stom","stupid","B2","znw_m_ev","A2","eigenschappen & kleuren","auto","tarifit::cefr::A2 tarifit::woordsoort::znw_m_ev tarifit::thema::eig"
"aziḏan / rqabus","het geweer","the gun","B2","znw_m_ev","A2","samenleving & volken","auto","tarifit::cefr::A2 tarifit::woordsoort::znw_m_ev tarifit::thema::sam"
"azu","villen","to skin","B1","ww","B2","landbouw & veeteelt & visserij","auto","tarifit::cefr::B2 tarifit::woordsoort::ww tarifit::thema::land"
"azul","Hoi","Hi","B1","znw_m_ev","A1","taal & school & communicatie","auto","tarifit::cefr::A1 tarifit::woordsoort::znw_m_ev tarifit::thema::taal"
"azwaa","de ader, slagader, de pees","the vein, artery, the tendon","B2","znw_m_ev","B1","lichaam","auto","tarifit::cefr::B1 tarifit::woordsoort::znw_m_ev tarifit::thema::lich"
"azyen","helft","half","B2","znw_m_ev","A1","getallen & hoeveelheid","auto","tarifit::cefr::A1 tarifit::woordsoort::znw_m_ev tarifit::thema::get"
"azyen n nnhaa","het middaguur","the noon","C2","znw_m_ev","B1","tijd","auto","tarifit::cefr::B1 tarifit::woordsoort::znw_m_ev tarifit::thema::tijd"
"azzeř","rennen, stromen","to run, to flow","C2","ww","A1","handelingen","auto","tarifit::cefr::A1 tarifit::woordsoort::ww tarifit::thema::doen"
"Azɣenɣan","Zeghanghane (dorp bij Nador)","Zeghanghane (village near Nador)","C1","znw_m_ev","B2","plaats & richting & geografie","check","tarifit::cefr::B2 tarifit::woordsoort::znw_m_ev tarifit::thema::pl"
"azḏaḏ","dun","thin","B2","znw_m_ev","A1","eigenschappen & kleuren","auto","tarifit::cefr::A1 tarifit::woordsoort::znw_m_ev tarifit::thema::eig"
"azḏuz","de stamper","the pestle","B2","znw_m_ev","B2","eten & drinken","auto","tarifit::cefr::B2 tarifit::woordsoort::znw_m_ev tarifit::thema::eten"
"azṛu","steen","stone","B1","ww","A1","natuur & weer","auto","tarifit::cefr::A1 tarifit::woordsoort::ww tarifit::thema::nat"
"ařef","duizend","thousand","B2","znw_m_ev","A1","getallen & hoeveelheid","auto","tarifit::cefr::A1 tarifit::woordsoort::znw_m_ev tarifit::thema::get"
"ařeqqaɣ","glad","smooth","B2","znw_m_ev","A2","eigenschappen & kleuren","auto","tarifit::cefr::A2 tarifit::woordsoort::znw_m_ev tarifit::thema::eig"
"aři","klimmen","to climb","B1","ww","A2","handelingen","auto","tarifit::cefr::A2 tarifit::woordsoort::ww tarifit::thema::doen"
"aři / geɛɛeḏ","omhoog gaan, beklimmen","to go up, to climb","B1","znw_m_ev","A2","handelingen","auto","tarifit::cefr::A2 tarifit::woordsoort::znw_m_ev tarifit::thema::doen"
"ařiyzim","de schoffel, het anker","the hoe, the anchor","B2","znw_m_ev","B2","landbouw & veeteelt & visserij","auto","tarifit::cefr::B2 tarifit::woordsoort::znw_m_ev tarifit::thema::land"
"ařmi","tot (voegwoord)","to (conjunction)","B1","znw_m_ev","A1","functiewoorden","auto","tarifit::cefr::A1 tarifit::woordsoort::znw_m_ev tarifit::thema::gram"
"ařɣem","kameel","camel","B2","znw_m_ev","A2","dieren","auto","tarifit::cefr::A2 tarifit::woordsoort::znw_m_ev tarifit::thema::dier"
"aǧenna","hemel, lucht","the air","B2","znw_m_ev","A2","natuur & weer","check","tarifit::cefr::A2 tarifit::woordsoort::znw_m_ev tarifit::thema::nat"
"aǧun","grote tamboerijn","large tambourine","B1","znw_m_ev","B2","muziek & kunst","auto","tarifit::cefr::B2 tarifit::woordsoort::znw_m_ev tarifit::thema::muz"
"aɛaayan","naakt","naked","B2","znw_m_ev","A2","lichaam","auto","tarifit::cefr::A2 tarifit::woordsoort::znw_m_ev tarifit::thema::lich"
"aɛecci","middag","afternoon","B2","znw_m_ev","A1","tijd","auto","tarifit::cefr::A1 tarifit::woordsoort::znw_m_ev tarifit::thema::tijd"
"aɛeddis","buik","belly","C1","znw_m_ev","A1","lichaam","auto","tarifit::cefr::A1 tarifit::woordsoort::znw_m_ev tarifit::thema::lich"
"aɛeffan","lelijk, slecht","ugly, bad","B2","znw_m_ev","A1","eigenschappen & kleuren","auto","tarifit::cefr::A1 tarifit::woordsoort::znw_m_ev tarifit::thema::eig"
"aɛejmi","Kalf","Calf","B2","znw_m_ev","B1","dieren","auto","tarifit::cefr::B1 tarifit::woordsoort::znw_m_ev tarifit::thema::dier"
"aɛekkaz","de wandelstok","the walking stick","B2","znw_m_ev","B1","gereedschap & materiaal","auto","tarifit::cefr::B1 tarifit::woordsoort::znw_m_ev tarifit::thema::ger"
"aɛeskari","de soldaat","the soldier","C1","znw_m_ev","A2","samenleving & volken","auto","tarifit::cefr::A2 tarifit::woordsoort::znw_m_ev tarifit::thema::sam"
"aɛessas","de bewaker","the guard","B2","znw_m_ev","B1","werk & beroep & ambacht","auto","tarifit::cefr::B1 tarifit::woordsoort::znw_m_ev tarifit::thema::werk"
"aɛezri","de jonge man","the young man","B2","znw_m_ev","A2","familie & mensen","auto","tarifit::cefr::A2 tarifit::woordsoort::znw_m_ev tarifit::thema::fam"
"aɛna","Betekenen","Mean","B1","ww","A1","taal & school & communicatie","auto","tarifit::cefr::A1 tarifit::woordsoort::ww tarifit::thema::taal"
"aɛrab","Arabier (M)","Arab (M)","B2","znw_m_ev","A2","samenleving & volken","auto","tarifit::cefr::A2 tarifit::woordsoort::znw_m_ev tarifit::thema::sam"
"aɛrua","de achterkant, rug","the back","B2","znw_m_ev","A2","plaats & richting & geografie","auto","tarifit::cefr::A2 tarifit::woordsoort::znw_m_ev tarifit::thema::pl"
"aɛrua n titt","het ooglid","the eyelid","C2","znw_m_ev","B2","lichaam","auto","tarifit::cefr::B2 tarifit::woordsoort::znw_m_ev tarifit::thema::lich"
"aɛjeb","Bevallen (leuk vinden)","Like (like)","B2","ww","B1","familie & mensen","auto","tarifit::cefr::B1 tarifit::woordsoort::ww tarifit::thema::fam"
"aɛřa","hoog, ondiep","high, shallow","B1","znw_m_ev","A1","eigenschappen & kleuren","auto","tarifit::cefr::A1 tarifit::woordsoort::znw_m_ev tarifit::thema::eig"
"aɛḇan","de weegschaal","the scale","B2","znw_m_ev","B1","handel & geld","auto","tarifit::cefr::B1 tarifit::woordsoort::znw_m_ev tarifit::thema::hdl"
"aɣaaḏa","de muis of rat","the mouse or rat","B2","znw_m_ev","A2","dieren","auto","tarifit::cefr::A2 tarifit::woordsoort::znw_m_ev tarifit::thema::dier"
"aɣarraf","de kruik","the jug","B2","znw_m_ev","B1","huis & huishouden","auto","tarifit::cefr::B1 tarifit::woordsoort::znw_m_ev tarifit::thema::huis"
"aɣarraḇu","het schip","the ship","C1","znw_m_ev","A1","vervoer & reizen","auto","tarifit::cefr::A1 tarifit::woordsoort::znw_m_ev tarifit::thema::verv"
"aɣarri","het bedrog","the deception","B2","znw_m_ev","B1","samenleving & volken","auto","tarifit::cefr::B1 tarifit::woordsoort::znw_m_ev tarifit::thema::sam"
"aɣenja","pollepel","ladle","B2","znw_m_ev","B2","eten & drinken","auto","tarifit::cefr::B2 tarifit::woordsoort::znw_m_ev tarifit::thema::eten"
"aɣesmia","de kaak","the jaw","B2","znw_m_ev","B1","lichaam","auto","tarifit::cefr::B1 tarifit::woordsoort::znw_m_ev tarifit::thema::lich"
"aɣezḏis","de rand","the edge","B2","znw_m_ev","A2","plaats & richting & geografie","auto","tarifit::cefr::A2 tarifit::woordsoort::znw_m_ev tarifit::thema::pl"
"aɣi","melk","milk","B1","znw_m_ev","A1","eten & drinken","auto","tarifit::cefr::A1 tarifit::woordsoort::znw_m_ev tarifit::thema::eten"
"aɣrum","brood","bread","A1","znw_m_ev","A1","eten & drinken","auto","tarifit::cefr::A1 tarifit::woordsoort::znw_m_ev tarifit::thema::eten"
"aɣrum n tḇaɣřa","de paddenstoel","the mushroom","C2","znw_m_ev","A2","natuur & weer","auto","tarifit::cefr::A2 tarifit::woordsoort::znw_m_ev tarifit::thema::nat"
"aɣrus","de boomstam","the tree trunk","B2","znw_m_ev","B1","natuur & weer","auto","tarifit::cefr::B1 tarifit::woordsoort::znw_m_ev tarifit::thema::nat"
"aɣyay","noot","note","B2","znw_m_ev","A2","eten & drinken","auto","tarifit::cefr::A2 tarifit::woordsoort::znw_m_ev tarifit::thema::eten"
"aɣyuř","ezel","donkey","C1","znw_m_ev","A2","dieren","auto","tarifit::cefr::A2 tarifit::woordsoort::znw_m_ev tarifit::thema::dier"
"aḇaakiw","de gans","the goose","B2","znw_m_ev","A2","dieren","auto","tarifit::cefr::A2 tarifit::woordsoort::znw_m_ev tarifit::thema::dier"
"aḇaarcan","zwart","black","C1","znw_m_ev","A1","eigenschappen & kleuren","auto","tarifit::cefr::A1 tarifit::woordsoort::znw_m_ev tarifit::thema::eig"
"aḇarrani","de vreemdeling","the stranger","C1","znw_m_ev","A2","samenleving & volken","auto","tarifit::cefr::A2 tarifit::woordsoort::znw_m_ev tarifit::thema::sam"
"aḇennay","de metselaar","the mason","B2","znw_m_ev","B1","werk & beroep & ambacht","auto","tarifit::cefr::B1 tarifit::woordsoort::znw_m_ev tarifit::thema::werk"
"aḇeř","wimper","eyelash","B1","znw_m_ev","B1","lichaam","auto","tarifit::cefr::B1 tarifit::woordsoort::znw_m_ev tarifit::thema::lich"
"aḇeǧaɛ","het slijk","the mud","B2","znw_m_ev","B2","natuur & weer","auto","tarifit::cefr::B2 tarifit::woordsoort::znw_m_ev tarifit::thema::nat"
"aḇeɛɛuc","het insect","the insect","B2","znw_m_ev","A2","dieren","auto","tarifit::cefr::A2 tarifit::woordsoort::znw_m_ev tarifit::thema::dier"
"aḇeḥri","de visser","the fisherman","B2","znw_m_ev","A2","werk & beroep & ambacht","auto","tarifit::cefr::A2 tarifit::woordsoort::znw_m_ev tarifit::thema::werk"
"aḇriḏ","weg, pad","road, path","B2","znw_m_ev","A1","vervoer & reizen","auto","tarifit::cefr::A1 tarifit::woordsoort::znw_m_ev tarifit::thema::verv"
"aḇrussi","Boete","Fine","B2","znw_m_ev","A2","samenleving & volken","auto","tarifit::cefr::A2 tarifit::woordsoort::znw_m_ev tarifit::thema::sam"
"aḇuhaři","gek","crazy","B2","znw_m_ev","A1","eigenschappen & kleuren","auto","tarifit::cefr::A1 tarifit::woordsoort::znw_m_ev tarifit::thema::eig"
"aḏ","Om, partikel voor toekomst, wens","Om, particle for future, wish","B1","ww","A1","functiewoorden","auto","tarifit::cefr::A1 tarifit::woordsoort::ww tarifit::thema::gram"
"aḏaa","laag","low","B1","znw_m_ev","A1","eigenschappen & kleuren","auto","tarifit::cefr::A1 tarifit::woordsoort::znw_m_ev tarifit::thema::eig"
"aḏaaɣař","blind","blind","B2","znw_m_ev","A2","gezondheid","auto","tarifit::cefr::A2 tarifit::woordsoort::znw_m_ev tarifit::thema::gez"
"aḏan n tmuaṯ","worm","worm","C2","znw_m_ev","A2","dieren","auto","tarifit::cefr::A2 tarifit::woordsoort::znw_m_ev tarifit::thema::dier"
"aḏarraf (n ihaakusen)","de schoenmaker","the shoemaker","C2","znw_m_ev","B1","werk & beroep & ambacht","auto","tarifit::cefr::B1 tarifit::woordsoort::znw_m_ev tarifit::thema::werk"
"aḏbib","dokter","doctor","B2","znw_m_ev","A1","gezondheid","auto","tarifit::cefr::A1 tarifit::woordsoort::znw_m_ev tarifit::thema::gez"
"aḏef","binnengaan, binnenkomen","to enter, enter","B1","znw_m_ev","A2","handelingen","auto","tarifit::cefr::A2 tarifit::woordsoort::znw_m_ev tarifit::thema::doen"
"aḏeggwař","de schoonzoon (van een man)","the son-in-law (of a man)","C1","znw_m_ev","B1","familie & mensen","auto","tarifit::cefr::B1 tarifit::woordsoort::znw_m_ev tarifit::thema::fam"
"aḏeggʷař","schoonvader, schoonbroer","father-in-law, brother-in-law","C1","znw_m_ev","A2","familie & mensen","auto","tarifit::cefr::A2 tarifit::woordsoort::znw_m_ev tarifit::thema::fam"
"aḏehcua","doof, dove persoon","deaf, deaf person","B2","znw_m_ev","A2","gezondheid","auto","tarifit::cefr::A2 tarifit::woordsoort::znw_m_ev tarifit::thema::gez"
"aḏes","dichtbij","near","B1","znw_m_ev","A1","plaats & richting & geografie","auto","tarifit::cefr::A1 tarifit::woordsoort::znw_m_ev tarifit::thema::pl"
"aḏfeř","Sneeuw","Snow","B2","znw_m_ev","A1","natuur & weer","auto","tarifit::cefr::A1 tarifit::woordsoort::znw_m_ev tarifit::thema::nat"
"aḏiř / zzḇiḇ","Duif","Pigeon","B1","znw_m_ev","A2","dieren","auto","tarifit::cefr::A2 tarifit::woordsoort::znw_m_ev tarifit::thema::dier"
"aḏraa","berg","mountain","B2","znw_m_ev","A1","natuur & weer","auto","tarifit::cefr::A1 tarifit::woordsoort::znw_m_ev tarifit::thema::nat"
"aḏḇiḇ","de arts","the doctor","B2","znw_m_ev","A2","gezondheid","auto","tarifit::cefr::A2 tarifit::woordsoort::znw_m_ev tarifit::thema::gez"
"aḏḏar","Afgrond (klif)","Abyss (cliff)","B2","znw_m_ev","B2","natuur & weer","auto","tarifit::cefr::B2 tarifit::woordsoort::znw_m_ev tarifit::thema::nat"
"aḏḏuwex","Duizelig","Dizzy","B2","znw_m_ev","B1","gezondheid","auto","tarifit::cefr::B1 tarifit::woordsoort::znw_m_ev tarifit::thema::gez"
"aḥaabiḏ","gerecht van griesmeel met melk","dish of semolina with milk","B2","znw_m_ev","B2","eten & drinken","auto","tarifit::cefr::B2 tarifit::woordsoort::znw_m_ev tarifit::thema::eten"
"aḥaamcaa","de hagedis","the lizard","C1","znw_m_ev","B1","dieren","auto","tarifit::cefr::B1 tarifit::woordsoort::znw_m_ev tarifit::thema::dier"
"aḥeddiq","de vlam","the flame","B2","znw_m_ev","A2","natuur & weer","auto","tarifit::cefr::A2 tarifit::woordsoort::znw_m_ev tarifit::thema::nat"
"aḥendǦia / aniyḇu","jongen","boy","B2","ww","A1","familie & mensen","auto","tarifit::cefr::A1 tarifit::woordsoort::ww tarifit::thema::fam"
"aḥenjia","Kind","Child","B2","znw_m_ev","A1","familie & mensen","auto","tarifit::cefr::A1 tarifit::woordsoort::znw_m_ev tarifit::thema::fam"
"aḥessen","scheren","shave","B2","ww","A2","lichaam","auto","tarifit::cefr::A2 tarifit::woordsoort::ww tarifit::thema::lich"
"aḥeř","moe zijn, gefrustreerd raken","be tired, get frustrated","B1","znw_m_ev","A2","lichaam","auto","tarifit::cefr::A2 tarifit::woordsoort::znw_m_ev tarifit::thema::lich"
"aḥeﬀaf","Kapper","Hairdresser","B2","znw_m_ev","A2","werk & beroep & ambacht","auto","tarifit::cefr::A2 tarifit::woordsoort::znw_m_ev tarifit::thema::werk"
"aḥurri","de vrije man","the free man","B2","znw_m_ev","B2","samenleving & volken","auto","tarifit::cefr::B2 tarifit::woordsoort::znw_m_ev tarifit::thema::sam"
"aḥuři","schaap","sheep","B2","znw_m_ev","A1","dieren","auto","tarifit::cefr::A1 tarifit::woordsoort::znw_m_ev tarifit::thema::dier"
"aṛigalo","Cadeau","Gift","B2","znw_m_ev","A1","overig","auto","tarifit::cefr::A1 tarifit::woordsoort::znw_m_ev tarifit::thema::ov"
"aṛiḥṯ","Geur","Smell","B2","znw_m_ev","A2","lichaam","auto","tarifit::cefr::A2 tarifit::woordsoort::znw_m_ev tarifit::thema::lich"
"aṛu","geboorte geven","give birth","B1","znw_m_ev","B2","familie & mensen","auto","tarifit::cefr::B2 tarifit::woordsoort::znw_m_ev tarifit::thema::fam"
"aṛumi","Christen","Christian","B2","ww","A2","religie & leven-dood","auto","tarifit::cefr::A2 tarifit::woordsoort::ww tarifit::thema::rel"
"aṛṛebbi","God, de Heer","God the Lord","B2","znw_m_ev","A1","religie & leven-dood","auto","tarifit::cefr::A1 tarifit::woordsoort::znw_m_ev tarifit::thema::rel"
"aṛṛeḥmeṯ","vriendelijkheid","kindness","C1","znw_m_ev","B1","gevoel & denken","auto","tarifit::cefr::B1 tarifit::woordsoort::znw_m_ev tarifit::thema::gev"
"aṛṛic","vacht, veren","fur, feathers","B2","znw_m_ev","B1","dieren","check","tarifit::cefr::B1 tarifit::woordsoort::znw_m_ev tarifit::thema::dier"
"aṛṛiyalu","geschenk","gift","C1","znw_m_ev","A2","overig","auto","tarifit::cefr::A2 tarifit::woordsoort::znw_m_ev tarifit::thema::ov"
"aṛṛzeq","(financieel) fortuin","(financial) fortune","B2","znw_m_ev","B1","handel & geld","auto","tarifit::cefr::B1 tarifit::woordsoort::znw_m_ev tarifit::thema::hdl"
"aṣebḥan / mliḥ / cen","goed","Good","A2","voegw","A1","eigenschappen & kleuren","auto","tarifit::cefr::A1 tarifit::woordsoort::voegw tarifit::thema::eig"
"aṭṭas","Erg, Extreem","Very, Extreme","B2","znw_m_ev","A1","functiewoorden","auto","tarifit::cefr::A1 tarifit::woordsoort::znw_m_ev tarifit::thema::gram"
"baba","Papa","Dad","A1","ww","A1","familie & mensen","auto","tarifit::cefr::A1 tarifit::woordsoort::ww tarifit::thema::fam"
"backlit","Fiets","Bicycle","B2","ww","A1","vervoer & reizen","auto","tarifit::cefr::A1 tarifit::woordsoort::ww tarifit::thema::verv"
"barakah","zegenen","to bless","B2","ww","B1","religie & leven-dood","auto","tarifit::cefr::B1 tarifit::woordsoort::ww tarifit::thema::rel"
"Bared","Afkoelen","Cool down","B2","ww","B1","natuur & weer","auto","tarifit::cefr::B1 tarifit::woordsoort::ww tarifit::thema::nat"
"barrem","boren","to drill","B2","ww","B1","gereedschap & materiaal","auto","tarifit::cefr::B1 tarifit::woordsoort::ww tarifit::thema::ger"
"baṛkun","Balkon","Balcony","B2","ww","A2","huis & huishouden","auto","tarifit::cefr::A2 tarifit::woordsoort::ww tarifit::thema::huis"
"baṭaṭa","aardappel (collectief)","potato (collective)","B2","ww","A1","eten & drinken","auto","tarifit::cefr::A1 tarifit::woordsoort::ww tarifit::thema::eten"
"baṭaṭa friṯ","Friet","Fries","C2","ww","A1","eten & drinken","auto","tarifit::cefr::A1 tarifit::woordsoort::ww tarifit::thema::eten"
"baṭer","gratis","Free","B2","ww","A1","handel & geld","auto","tarifit::cefr::A1 tarifit::woordsoort::ww tarifit::thema::hdl"
"belleɣ","(mondeling) overdragen","transfer (orally).","B2","ww","B1","handelingen","auto","tarifit::cefr::B1 tarifit::woordsoort::ww tarifit::thema::doen"
"bellɛ","sluiten, gesloten zijn","to close, to be closed","B2","ww","A1","handelingen","auto","tarifit::cefr::A1 tarifit::woordsoort::ww tarifit::thema::doen"
"beḏḏ","Halt","Halt","B1","ww","B1","taal & school & communicatie","auto","tarifit::cefr::B1 tarifit::woordsoort::ww tarifit::thema::taal"
"Biljik","België","Belgium","B2","ww","A1","plaats & richting & geografie","auto","tarifit::cefr::A1 tarifit::woordsoort::ww tarifit::thema::pl"
"billa","Dicht","Closed","B2","ww","A1","eigenschappen & kleuren","auto","tarifit::cefr::A1 tarifit::woordsoort::ww tarifit::thema::eig"
"bitelma","Toilet (WC)","Toilet (WC)","B2","ww","A1","huis & huishouden","auto","tarifit::cefr::A1 tarifit::woordsoort::ww tarifit::thema::huis"
"biyaṯi","Kaartje (ticket)","Ticket (ticket)","B2","ww","A1","vervoer & reizen","auto","tarifit::cefr::A1 tarifit::woordsoort::ww tarifit::thema::verv"
"bnaḏem","mens","man","B2","ww","A1","familie & mensen","auto","tarifit::cefr::A1 tarifit::woordsoort::ww tarifit::thema::fam"
"bu","(ontkennend partikel), dus bvb hij kan geen tmazight","(denying particle), so for example he cannot tmazight","B2","ontk","B2","functiewoorden","auto","tarifit::cefr::B2 tarifit::woordsoort::ontk tarifit::thema::gram"
"bu ṛečub","Kruidenier","Grocer","C1","ww","B1","handel & geld","auto","tarifit::cefr::B1 tarifit::woordsoort::ww tarifit::thema::hdl"
"buaxs","de sprinkhaan","the grasshopper","B2","znw","B1","dieren","auto","tarifit::cefr::B1 tarifit::woordsoort::znw tarifit::thema::dier"
"buṛcu","Handtas","Handbag","B2","ww","A2","kleding & sieraad","auto","tarifit::cefr::A2 tarifit::woordsoort::ww tarifit::thema::kled"
"bṣṣaḥa","Eet smakelijk","Enjoy your meal","B2","ww","A1","taal & school & communicatie","auto","tarifit::cefr::A1 tarifit::woordsoort::ww tarifit::thema::taal"
"ca (n)","wat, enkele","some, a few","B2","ww","A1","functiewoorden","auto","tarifit::cefr::A1 tarifit::woordsoort::ww tarifit::thema::gram"
"ca n marraṯ","soms","sometimes","C2","ww","A1","tijd","auto","tarifit::cefr::A1 tarifit::woordsoort::ww tarifit::thema::tijd"
"caacaa","de waterval","the waterfall","B2","znw","A2","natuur & weer","auto","tarifit::cefr::A2 tarifit::woordsoort::znw tarifit::thema::nat"
"caaf","vastbinden","tie up","B1","ww","B1","handelingen","auto","tarifit::cefr::B1 tarifit::woordsoort::ww tarifit::thema::doen"
"caah","haten","hate","B1","ww","A2","gevoel & denken","auto","tarifit::cefr::A2 tarifit::woordsoort::ww tarifit::thema::gev"
"caaz","ploegen, ploegen, het land bewerken","ploughing, ploughing, tilling the land","C2","znw","B1","landbouw & veeteelt & visserij","auto","tarifit::cefr::B1 tarifit::woordsoort::znw tarifit::thema::land"
"cab","grijs worden","turn gray","B1","ww","B2","lichaam","auto","tarifit::cefr::B2 tarifit::woordsoort::ww tarifit::thema::lich"
"caccu","houten frame van een zeef","wooden frame of a sieve","B2","znw","B2","landbouw & veeteelt & visserij","auto","tarifit::cefr::B2 tarifit::woordsoort::znw tarifit::thema::land"
"calimu","de schoorsteen","the chimney","B2","znw","B1","huis & huishouden","auto","tarifit::cefr::B1 tarifit::woordsoort::znw tarifit::thema::huis"
"cappu","hoed","hat","B2","ww","A1","kleding & sieraad","auto","tarifit::cefr::A1 tarifit::woordsoort::ww tarifit::thema::kled"
"cař","grond, klei","soil, clay","B1","ww","A1","natuur & weer","auto","tarifit::cefr::A1 tarifit::woordsoort::ww tarifit::thema::nat"
"cc","eten","to eat","A2","ww","A1","eten & drinken","auto","tarifit::cefr::A1 tarifit::woordsoort::ww tarifit::thema::eten"
"ccaa","vullen","to fill","B1","ww","A2","handelingen","auto","tarifit::cefr::A2 tarifit::woordsoort::ww tarifit::thema::doen"
"ccaaq","het oosten","the east","B2","znw","A1","plaats & richting & geografie","auto","tarifit::cefr::A1 tarifit::woordsoort::znw tarifit::thema::pl"
"ccaaṛcaa","kakelen","cackle","C1","ww","B2","dieren","auto","tarifit::cefr::B2 tarifit::woordsoort::ww tarifit::thema::dier"
"ccabab","jeugd","youth","B2","ww","A2","familie & mensen","auto","tarifit::cefr::A2 tarifit::woordsoort::ww tarifit::thema::fam"
"ccaheḏ","de getuige","the witness","B2","znw","B1","samenleving & volken","auto","tarifit::cefr::B1 tarifit::woordsoort::znw tarifit::thema::sam"
"ccamal","Noord","North","B2","ww","A1","plaats & richting & geografie","auto","tarifit::cefr::A1 tarifit::woordsoort::ww tarifit::thema::pl"
"ccaqua’","Bijl","Ax","B2","ww","B1","gereedschap & materiaal","auto","tarifit::cefr::B1 tarifit::woordsoort::ww tarifit::thema::ger"
"ccarika","bedrijf","company","B2","ww","A2","werk & beroep & ambacht","auto","tarifit::cefr::A2 tarifit::woordsoort::ww tarifit::thema::werk"
"ccař / ijḏi","Zand","Sand","B1","znw_m_mv","A1","natuur & weer","auto","tarifit::cefr::A1 tarifit::woordsoort::znw_m_mv tarifit::thema::nat"
"ccaṛṛ","boosheid, kwaad","anger, evil","B2","ww","A2","gevoel & denken","auto","tarifit::cefr::A2 tarifit::woordsoort::ww tarifit::thema::gev"
"ccekk","de twijfel","the doubt","B2","znw","B1","gevoel & denken","auto","tarifit::cefr::B1 tarifit::woordsoort::znw tarifit::thema::gev"
"ccencuna","tamboerijn met belletjes","tambourine with bells","C1","ww","B2","muziek & kunst","auto","tarifit::cefr::B2 tarifit::woordsoort::ww tarifit::thema::muz"
"cceḇřeq","gerimpeld","wrinkled","B2","ww","B2","lichaam","auto","tarifit::cefr::B2 tarifit::woordsoort::ww tarifit::thema::lich"
"cchaa","Maand","Month","B2","ww","A1","tijd","auto","tarifit::cefr::A1 tarifit::woordsoort::ww tarifit::thema::tijd"
"cchaṛ n rebɛa","April","April","A2","znw_m_ev","A1","tijd","auto","tarifit::cefr::A1 tarifit::woordsoort::znw_m_ev tarifit::thema::tijd"
"cchaṛ n sebɛa","Juli","July","A2","znw_m_ev","A1","tijd","auto","tarifit::cefr::A1 tarifit::woordsoort::znw_m_ev tarifit::thema::tijd"
"cchaṛ n setta","Juni","June","A2","znw_m_ev","A1","tijd","auto","tarifit::cefr::A1 tarifit::woordsoort::znw_m_ev tarifit::thema::tijd"
"cchaṛ n tesɛa","September","September","A2","znw_m_ev","A1","tijd","auto","tarifit::cefr::A1 tarifit::woordsoort::znw_m_ev tarifit::thema::tijd"
"cchaṛ n tlata","Maart","March","A2","znw_m_ev","A1","tijd","auto","tarifit::cefr::A1 tarifit::woordsoort::znw_m_ev tarifit::thema::tijd"
"cchaṛ n tmenya","Augustus","August","A2","znw_m_ev","A1","tijd","auto","tarifit::cefr::A1 tarifit::woordsoort::znw_m_ev tarifit::thema::tijd"
"cchaṛ n tnac","December","December","A2","znw_m_ev","A1","tijd","auto","tarifit::cefr::A1 tarifit::woordsoort::znw_m_ev tarifit::thema::tijd"
"cchaṛ n tnayn","Februari","February","A2","znw_m_ev","A1","tijd","auto","tarifit::cefr::A1 tarifit::woordsoort::znw_m_ev tarifit::thema::tijd"
"cchaṛ n waḥid","Januari","January","A2","znw_m_ev","A1","tijd","auto","tarifit::cefr::A1 tarifit::woordsoort::znw_m_ev tarifit::thema::tijd"
"cchaṛ n xemsa","Mei","May","A2","znw_m_ev","A1","tijd","auto","tarifit::cefr::A1 tarifit::woordsoort::znw_m_ev tarifit::thema::tijd"
"cchaṛ n ɛecra","Oktober","October","A2","znw_m_ev","A1","tijd","auto","tarifit::cefr::A1 tarifit::woordsoort::znw_m_ev tarifit::thema::tijd"
"cchaṛ n ḥḍac","November","November","A2","znw_m_ev","A1","tijd","auto","tarifit::cefr::A1 tarifit::woordsoort::znw_m_ev tarifit::thema::tijd"
"ccitan","duivel","devil","B2","ww","B1","religie & leven-dood","auto","tarifit::cefr::B1 tarifit::woordsoort::ww tarifit::thema::rel"
"ccmeɛ","kaars","candle","A2","znw","A2","huis & huishouden","auto","tarifit::cefr::A2 tarifit::woordsoort::znw tarifit::thema::huis"
"ccraḇ","de gefermenteerde drank","the fermented drink","B2","znw","B2","eten & drinken","auto","tarifit::cefr::B2 tarifit::woordsoort::znw tarifit::thema::eten"
"ccuklaṯ","Chocola","Chocolate","B2","ww","A1","eten & drinken","auto","tarifit::cefr::A1 tarifit::woordsoort::ww tarifit::thema::eten"
"ccwa/cnef","roosteren, grillen","roasting, grilling","B1","ww","B1","eten & drinken","auto","tarifit::cefr::B1 tarifit::woordsoort::ww tarifit::thema::eten"
"ccɛaa","het lichaamshaar","the body hair","B2","znw","B2","lichaam","auto","tarifit::cefr::B2 tarifit::woordsoort::znw tarifit::thema::lich"
"ccɣeṛ","Bezigheid","Occupation","B2","ww","B1","overig","auto","tarifit::cefr::B1 tarifit::woordsoort::ww tarifit::thema::ov"
"cebbaa","vasthouden","to cling","B2","ww","A2","handelingen","auto","tarifit::cefr::A2 tarifit::woordsoort::ww tarifit::thema::doen"
"cehrayen","twee maanden","two months","C1","ww","B1","tijd","auto","tarifit::cefr::B1 tarifit::woordsoort::ww tarifit::thema::tijd"
"cek (m) / cem (v)","jij","you","B2","ww","A1","functiewoorden","auto","tarifit::cefr::A1 tarifit::woordsoort::ww tarifit::thema::gram"
"cekkaa","de lof","the praise","B2","znw","B2","taal & school & communicatie","auto","tarifit::cefr::B2 tarifit::woordsoort::znw tarifit::thema::taal"
"cewwaa / cen / ṣbaḥ","mooi","Nice","B1","ww","A1","eigenschappen & kleuren","auto","tarifit::cefr::A1 tarifit::woordsoort::ww tarifit::thema::eig"
"cikli","Kauwgom","Chewing gum","B2","ww","A2","eten & drinken","auto","tarifit::cefr::A2 tarifit::woordsoort::ww tarifit::thema::eten"
"cmes","verpakken, inpakken","packing, wrapping","B1","ww","B1","handelingen","auto","tarifit::cefr::B1 tarifit::woordsoort::ww tarifit::thema::doen"
"cmez","krabben","to scratch","B1","ww","B1","lichaam","auto","tarifit::cefr::B1 tarifit::woordsoort::ww tarifit::thema::lich"
"cneɛ","trots","proud","B1","ww","A2","gevoel & denken","auto","tarifit::cefr::A2 tarifit::woordsoort::ww tarifit::thema::gev"
"cqa","geven om (+ IO)","care about (+ IO)","B1","ww","B1","gevoel & denken","auto","tarifit::cefr::B1 tarifit::woordsoort::ww tarifit::thema::gev"
"cra","Huren","Rent","B1","ww","A2","handel & geld","auto","tarifit::cefr::A2 tarifit::woordsoort::ww tarifit::thema::hdl"
"cuaḏu","vlo","flea","B2","ww","B1","dieren","auto","tarifit::cefr::B1 tarifit::woordsoort::ww tarifit::thema::dier"
"cway","een beetje (~ cwayṯ)","a little (~cwayṯ)","B1","znw","A1","getallen & hoeveelheid","auto","tarifit::cefr::A1 tarifit::woordsoort::znw tarifit::thema::get"
"cway cway","langzaam","slowly","C1","ww","A1","eigenschappen & kleuren","auto","tarifit::cefr::A1 tarifit::woordsoort::ww tarifit::thema::eig"
"cway cwayṯ","Voorzichtig","Careful","C1","ww","A1","eigenschappen & kleuren","auto","tarifit::cefr::A1 tarifit::woordsoort::ww tarifit::thema::eig"
"cxaa","snurken","snoring","B1","ww","B1","lichaam","auto","tarifit::cefr::B1 tarifit::woordsoort::ww tarifit::thema::lich"
"cḏeḥ","dansen","dancing","B1","ww","A1","muziek & kunst","auto","tarifit::cefr::A1 tarifit::woordsoort::ww tarifit::thema::muz"
"cṛaḍa","Salade","Salad","B2","ww","A1","eten & drinken","auto","tarifit::cefr::A1 tarifit::woordsoort::ww tarifit::thema::eten"
"daweḏha","Geweldig","Great","B2","ww","A1","eigenschappen & kleuren","auto","tarifit::cefr::A1 tarifit::woordsoort::ww tarifit::thema::eig"
"ddafeɛ","verdedigen","defend","B2","ww","A2","samenleving & volken","auto","tarifit::cefr::A2 tarifit::woordsoort::ww tarifit::thema::sam"
"ddariḇa","Belasting","Tax","B2","ww","A2","samenleving & volken","auto","tarifit::cefr::A2 tarifit::woordsoort::ww tarifit::thema::sam"
"ddars","les","lesson","B2","ww","A1","taal & school & communicatie","auto","tarifit::cefr::A1 tarifit::woordsoort::ww tarifit::thema::taal"
"ddat","lichaam","body","B1","ww","A1","lichaam","auto","tarifit::cefr::A1 tarifit::woordsoort::ww tarifit::thema::lich"
"ddcaa","dorp","village","B2","ww","A1","plaats & richting & geografie","auto","tarifit::cefr::A1 tarifit::woordsoort::ww tarifit::thema::pl"
"ddebbuz","de knuppel","the bat","B2","znw","B2","gereedschap & materiaal","auto","tarifit::cefr::B2 tarifit::woordsoort::znw tarifit::thema::ger"
"ddegg","vreemd ding","strange thing","B2","ww","B2","overig","auto","tarifit::cefr::B2 tarifit::woordsoort::ww tarifit::thema::ov"
"ddellɛ","watermeloen (collectief)","watermelon (collective)","B2","ww","A2","eten & drinken","auto","tarifit::cefr::A2 tarifit::woordsoort::ww tarifit::thema::eten"
"ddemneṯ","de savanne","the savannah","B2","znw","B1","natuur & weer","auto","tarifit::cefr::B1 tarifit::woordsoort::znw tarifit::thema::nat"
"ddenfiř","de dolfijn","the dolphin","B2","znw","A2","dieren","auto","tarifit::cefr::A2 tarifit::woordsoort::znw tarifit::thema::dier"
"ddenya / lɛalam","wereld","world","B2","ww","A1","samenleving & volken","auto","tarifit::cefr::A1 tarifit::woordsoort::ww tarifit::thema::sam"
"ddexxan","rook","smoke","B2","ww","A2","natuur & weer","auto","tarifit::cefr::A2 tarifit::woordsoort::ww tarifit::thema::nat"
"ddez","stampen, platslaan","stomp, crush","B1","ww","B1","handelingen","auto","tarifit::cefr::B1 tarifit::woordsoort::ww tarifit::thema::doen"
"ddhen aḥuři","ghee","ghee","C2","ww","B2","eten & drinken","auto","tarifit::cefr::B2 tarifit::woordsoort::ww tarifit::thema::eten"
"ddin","godsdienst, religie","religion","B1","znw_m_ev","A2","religie & leven-dood","auto","tarifit::cefr::A2 tarifit::woordsoort::znw_m_ev tarifit::thema::rel"
"ddiseṭ","zwangerschap","pregnancy","B2","ww","A2","familie & mensen","auto","tarifit::cefr::A2 tarifit::woordsoort::ww tarifit::thema::fam"
"ddisku","lied","song","B2","ww","A1","muziek & kunst","auto","tarifit::cefr::A1 tarifit::woordsoort::ww tarifit::thema::muz"
"ddqiqa","minuut","minute","B2","ww","A1","tijd","auto","tarifit::cefr::A1 tarifit::woordsoort::ww tarifit::thema::tijd"
"ddra","maïs","corn","B1","ww","A2","eten & drinken","auto","tarifit::cefr::A2 tarifit::woordsoort::ww tarifit::thema::eten"
"ddubb","beer","bear","B2","ww","A2","dieren","auto","tarifit::cefr::A2 tarifit::woordsoort::ww tarifit::thema::dier"
"ddwa","Medicijnen","Medicines","B1","ww","A2","gezondheid","auto","tarifit::cefr::A2 tarifit::woordsoort::ww tarifit::thema::gez"
"ddɛɛwa","vermaning","admonition","B2","ww","B2","taal & school & communicatie","auto","tarifit::cefr::B2 tarifit::woordsoort::ww tarifit::thema::taal"
"deffaṛ / awaṛn (i)","achter","behind","B2","znw_m_ev","A1","plaats & richting & geografie","auto","tarifit::cefr::A1 tarifit::woordsoort::znw_m_ev tarifit::thema::pl"
"Dekk","Aanstampen, pletten","Tamping, crushing","B1","ww","B2","handelingen","auto","tarifit::cefr::B2 tarifit::woordsoort::ww tarifit::thema::doen"
"deřbuga","de trom","the drum","B2","znw","B1","muziek & kunst","auto","tarifit::cefr::B1 tarifit::woordsoort::znw tarifit::thema::muz"
"dixer","binnen","inside","B2","ww","A1","plaats & richting & geografie","auto","tarifit::cefr::A1 tarifit::woordsoort::ww tarifit::thema::pl"
"djaz'","honger hebben","be hungry","B2","ww","A1","eten & drinken","auto","tarifit::cefr::A1 tarifit::woordsoort::ww tarifit::thema::eten"
"djesseq","de lijm","the glue","B2","znw","A2","gereedschap & materiaal","auto","tarifit::cefr::A2 tarifit::woordsoort::znw tarifit::thema::ger"
"djiřeṯ","nacht","night","B2","ww","A1","tijd","auto","tarifit::cefr::A1 tarifit::woordsoort::ww tarifit::thema::tijd"
"duṯca/hamam","Badkamer","Bathroom","B2","ww","A1","huis & huishouden","auto","tarifit::cefr::A1 tarifit::woordsoort::ww tarifit::thema::huis"
"emsaḥ","Poetsen","To polish","B2","ww","A2","huis & huishouden","auto","tarifit::cefr::A2 tarifit::woordsoort::ww tarifit::thema::huis"
"esqiṛ","Klap","Clap","B2","ww","A2","handelingen","auto","tarifit::cefr::A2 tarifit::woordsoort::ww tarifit::thema::doen"
"ewc","geven","give","B1","ww","A1","handelingen","auto","tarifit::cefr::A1 tarifit::woordsoort::ww tarifit::thema::doen"
"exs","houden van","love","B1","ww","A1","gevoel & denken","auto","tarifit::cefr::A1 tarifit::woordsoort::ww tarifit::thema::gev"
"eŋw","rijp","ripe","B1","ww","A2","eten & drinken","auto","tarifit::cefr::A2 tarifit::woordsoort::ww tarifit::thema::eten"
"fa iḏennaḏ","eergisteren","the day before yesterday","C1","ww","A2","tijd","auto","tarifit::cefr::A2 tarifit::woordsoort::ww tarifit::thema::tijd"
"faacu","de arend","the eagle","B2","znw","B1","dieren","auto","tarifit::cefr::B1 tarifit::woordsoort::znw tarifit::thema::dier"
"faawicca","overmorgen","the day after tomorrow","C1","ww","A2","tijd","auto","tarifit::cefr::A2 tarifit::woordsoort::ww tarifit::thema::tijd"
"faayeḏ","krom","crooked","B2","ww","B1","eigenschappen & kleuren","auto","tarifit::cefr::B1 tarifit::woordsoort::ww tarifit::thema::eig"
"faaz","helder","bright","B1","ww","A2","eigenschappen & kleuren","auto","tarifit::cefr::A2 tarifit::woordsoort::ww tarifit::thema::eig"
"faaḏ","vegen","wipe","B1","ww","A2","huis & huishouden","auto","tarifit::cefr::A2 tarifit::woordsoort::ww tarifit::thema::huis"
"faaḥ","blij","pleased","B1","ww","A1","gevoel & denken","auto","tarifit::cefr::A1 tarifit::woordsoort::ww tarifit::thema::gev"
"familiya","Gezin","Family","C1","ww","A1","familie & mensen","auto","tarifit::cefr::A1 tarifit::woordsoort::ww tarifit::thema::fam"
"familya","familie","family","B2","ww","A1","familie & mensen","auto","tarifit::cefr::A1 tarifit::woordsoort::ww tarifit::thema::fam"
"faq","wakker","awake","B1","ww","A1","lichaam","auto","tarifit::cefr::A1 tarifit::woordsoort::ww tarifit::thema::lich"
"farina","zacht graan","soft grain","C1","ww","B2","landbouw & veeteelt & visserij","auto","tarifit::cefr::B2 tarifit::woordsoort::ww tarifit::thema::land"
"farmaj / kisu","kaas","cheese","B1","ww","A1","eten & drinken","auto","tarifit::cefr::A1 tarifit::woordsoort::ww tarifit::thema::eten"
"farmaɛia","Apotheek","Pharmacy","C1","ww","A2","gezondheid","auto","tarifit::cefr::A2 tarifit::woordsoort::ww tarifit::thema::gez"
"fařda","Rok","Skirt","B2","ww","A1","kleding & sieraad","auto","tarifit::cefr::A1 tarifit::woordsoort::ww tarifit::thema::kled"
"faṛṛeɣ","arm zijn","be poor","B2","ww","A2","eigenschappen & kleuren","auto","tarifit::cefr::A2 tarifit::woordsoort::ww tarifit::thema::eig"
"fewwaa","stomen","steaming","B2","ww","B1","eten & drinken","auto","tarifit::cefr::B1 tarifit::woordsoort::ww tarifit::thema::eten"
"fezz","kauwen","chew","B1","ww","B1","eten & drinken","auto","tarifit::cefr::B1 tarifit::woordsoort::ww tarifit::thema::eten"
"feǧeq","splitsen","split","B2","ww","B1","handelingen","auto","tarifit::cefr::B1 tarifit::woordsoort::ww tarifit::thema::doen"
"ffaa","verbergen","hide","B1","ww","A2","handelingen","auto","tarifit::cefr::A2 tarifit::woordsoort::ww tarifit::thema::doen"
"ffaḏ","dorst hebben","be thirsty","B1","ww","A2","eten & drinken","auto","tarifit::cefr::A2 tarifit::woordsoort::ww tarifit::thema::eten"
"ffeɣ","uitgaan, Buitengaan","going out, going out","B1","ww","A2","handelingen","auto","tarifit::cefr::A2 tarifit::woordsoort::ww tarifit::thema::doen"
"ffu-d","ochtend worden","be morning","B2","ww","B2","tijd","auto","tarifit::cefr::B2 tarifit::woordsoort::ww tarifit::thema::tijd"
"fhem","begrijpen","understand","B1","ww","A1","gevoel & denken","auto","tarifit::cefr::A1 tarifit::woordsoort::ww tarifit::thema::gev"
"ficṯa","Feest","Party","B2","ww","A1","samenleving & volken","auto","tarifit::cefr::A1 tarifit::woordsoort::ww tarifit::thema::sam"
"fiza","visum","visa","B1","ww","A2","vervoer & reizen","auto","tarifit::cefr::A2 tarifit::woordsoort::ww tarifit::thema::verv"
"fiřu","Draad","Wire","B1","ww","A2","gereedschap & materiaal","auto","tarifit::cefr::A2 tarifit::woordsoort::ww tarifit::thema::ger"
"fiɣaa / ḇusekka / ṯařefsa","slang","snake","B2","znw_v_ev","A2","dieren","auto","tarifit::cefr::A2 tarifit::woordsoort::znw_v_ev tarifit::thema::dier"
"fiṯu","de tak","the branch","B1","znw","A2","natuur & weer","auto","tarifit::cefr::A2 tarifit::woordsoort::znw tarifit::thema::nat"
"fles","nutteloos zijn","be useless","B1","ww","B2","eigenschappen & kleuren","auto","tarifit::cefr::B2 tarifit::woordsoort::ww tarifit::thema::eig"
"fluka / ayaṛṛabu","boot","boat","B2","znw_m_ev","A1","vervoer & reizen","auto","tarifit::cefr::A1 tarifit::woordsoort::znw_m_ev tarifit::thema::verv"
"fteř","couscous rollen","couscous rolls","B1","ww","B2","eten & drinken","auto","tarifit::cefr::B2 tarifit::woordsoort::ww tarifit::thema::eten"
"fuarma","vorm","shape","B2","ww","A1","overig","auto","tarifit::cefr::A1 tarifit::woordsoort::ww tarifit::thema::ov"
"fumaḏa","de zalf","the ointment","B2","znw","B1","gezondheid","auto","tarifit::cefr::B1 tarifit::woordsoort::znw tarifit::thema::gez"
"funara","Hoofddoek","Headscarf","B2","ww","A2","kleding & sieraad","auto","tarifit::cefr::A2 tarifit::woordsoort::ww tarifit::thema::kled"
"fus","hand","hand","B1","ww","A1","lichaam","auto","tarifit::cefr::A1 tarifit::woordsoort::ww tarifit::thema::lich"
"fuřcita","vork","fork","B2","ww","A1","eten & drinken","auto","tarifit::cefr::A1 tarifit::woordsoort::ww tarifit::thema::eten"
"fuḏ","knie","knee","B1","ww","A1","lichaam","auto","tarifit::cefr::A1 tarifit::woordsoort::ww tarifit::thema::lich"
"fuṛṣa","Kans, kans, gelegenheid","Opportunity, opportunity, opportunity","B2","ww","A2","overig","auto","tarifit::cefr::A2 tarifit::woordsoort::ww tarifit::thema::ov"
"fři / qess","snijden","cutting","B1","ww","A1","handelingen","auto","tarifit::cefr::A1 tarifit::woordsoort::ww tarifit::thema::doen"
"fřina","remmen","brakes","B2","ww","A2","vervoer & reizen","auto","tarifit::cefr::A2 tarifit::woordsoort::ww tarifit::thema::verv"
"fḏaṛ","Ontbijten","Have breakfast","B1","ww","A2","eten & drinken","auto","tarifit::cefr::A2 tarifit::woordsoort::ww tarifit::thema::eten"
"fḏeř","beter zijn","be better","B1","ww","A2","eigenschappen & kleuren","auto","tarifit::cefr::A2 tarifit::woordsoort::ww tarifit::thema::eig"
"fḏeḥ","drijven","to conduct","B1","ww","A2","handelingen","auto","tarifit::cefr::A2 tarifit::woordsoort::ww tarifit::thema::doen"
"fḏeḥ / ɛum","zwemmen","to swim","B1","ww","A1","handelingen","auto","tarifit::cefr::A1 tarifit::woordsoort::ww tarifit::thema::doen"
"fḥeř","seks hebben","have sex","B1","ww","B1","lichaam","auto","tarifit::cefr::B1 tarifit::woordsoort::ww tarifit::thema::lich"
"fṛan","die-en-die (M)","so-and-so (M)","B1","ww","B2","functiewoorden","auto","tarifit::cefr::B2 tarifit::woordsoort::ww tarifit::thema::gram"
"fṛinu","breuk","breakage","B2","ww","B1","gezondheid","auto","tarifit::cefr::B1 tarifit::woordsoort::ww tarifit::thema::gez"
"gaanez","opscheppen","to boast","B2","ww","B1","gevoel & denken","auto","tarifit::cefr::B1 tarifit::woordsoort::ww tarifit::thema::gev"
"garra","Oorlog","War","B2","ww","A1","samenleving & volken","auto","tarifit::cefr::A1 tarifit::woordsoort::ww tarifit::thema::sam"
"garru","de sigaret","the cigarette","B2","znw","A2","gezondheid","auto","tarifit::cefr::A2 tarifit::woordsoort::znw tarifit::thema::gez"
"Genoeg ergens van","Mewjud","Mewjud","C2","ww","B2","overig","check","tarifit::cefr::B2 tarifit::woordsoort::ww tarifit::thema::ov"
"gg","doen, maken, lijken op","do, make, resemble","B1","ww","A1","handelingen","auto","tarifit::cefr::A1 tarifit::woordsoort::ww tarifit::thema::doen"
"gg array","gehoorzamen","obey","C1","ww","B1","samenleving & volken","auto","tarifit::cefr::B1 tarifit::woordsoort::ww tarifit::thema::sam"
"gg arriḥṯ","stinken","stink","C1","ww","A2","lichaam","auto","tarifit::cefr::A2 tarifit::woordsoort::ww tarifit::thema::lich"
"gg imi ḏi","beschuldigen","accuse","C1","ww","B1","samenleving & volken","auto","tarifit::cefr::B1 tarifit::woordsoort::ww tarifit::thema::sam"
"gg řqařeḇ","smeden","forging","C1","ww","B2","werk & beroep & ambacht","auto","tarifit::cefr::B2 tarifit::woordsoort::ww tarifit::thema::werk"
"ggenfa","genezen, beter worden","heal, get better","C2","ww","B1","gezondheid","auto","tarifit::cefr::B1 tarifit::woordsoort::ww tarifit::thema::gez"
"ggw","bakken","baking","B1","ww","A1","eten & drinken","auto","tarifit::cefr::A1 tarifit::woordsoort::ww tarifit::thema::eten"
"ggw","kneden","knead","B1","ww","B1","eten & drinken","auto","tarifit::cefr::B1 tarifit::woordsoort::ww tarifit::thema::eten"
"ggw jenna","omhoog","upwards","C1","ww","A1","plaats & richting & geografie","auto","tarifit::cefr::A1 tarifit::woordsoort::ww tarifit::thema::pl"
"ggwej","ver","far","B2","ww","A1","plaats & richting & geografie","auto","tarifit::cefr::A1 tarifit::woordsoort::ww tarifit::thema::pl"
"ggweḏ","Bang (ww)","Afraid (ww)","B2","ww","A1","gevoel & denken","auto","tarifit::cefr::A1 tarifit::woordsoort::ww tarifit::thema::gev"
"ggʷeḏ","vrezen, bang zijn","to fear, to be afraid","B2","ww","B1","gevoel & denken","auto","tarifit::cefr::B1 tarifit::woordsoort::ww tarifit::thema::gev"
"gḏaa","dik","thick","B1","ww","A1","eigenschappen & kleuren","auto","tarifit::cefr::A1 tarifit::woordsoort::ww tarifit::thema::eig"
"henǧa","zodat, om te","so that, in order to","B2","ww","A2","functiewoorden","auto","tarifit::cefr::A2 tarifit::woordsoort::ww tarifit::thema::gram"
"hna","kalm zijn, in vrede zijn","be calm, be at peace","B1","ww","B1","gevoel & denken","auto","tarifit::cefr::B1 tarifit::woordsoort::ww tarifit::thema::gev"
"hudd","bedreigen","to threaten","B1","ww","B1","samenleving & volken","auto","tarifit::cefr::B1 tarifit::woordsoort::ww tarifit::thema::sam"
"Hulanḏa","Nederland","The Netherlands","B2","ww","A1","plaats & richting & geografie","auto","tarifit::cefr::A1 tarifit::woordsoort::ww tarifit::thema::pl"
"hwa","naar beneden gaan, afdalen","to go down, to descend","B1","ww","B1","handelingen","auto","tarifit::cefr::B1 tarifit::woordsoort::ww tarifit::thema::doen"
"hwen","makkelijk","comfortable","B1","ww","A1","eigenschappen & kleuren","auto","tarifit::cefr::A1 tarifit::woordsoort::ww tarifit::thema::eig"
"hweř","ruw (gedrag)","rough (behavior)","B1","ww","B1","eigenschappen & kleuren","auto","tarifit::cefr::B1 tarifit::woordsoort::ww tarifit::thema::eig"
"hřec","ziek","sick","B1","ww","A1","gezondheid","auto","tarifit::cefr::A1 tarifit::woordsoort::ww tarifit::thema::gez"
"hḏa","begeleiden (religieus), grazen","to guide (religious), to graze","B1","ww","B1","handelingen","auto","tarifit::cefr::B1 tarifit::woordsoort::ww tarifit::thema::doen"
"i","relatief-marker","relative-marker","A1","vz","B2","functiewoorden","auto","tarifit::cefr::B2 tarifit::woordsoort::vz tarifit::thema::gram"
"i / ɣaa","Aan (Naar)","On (To)","A1","vz","A1","functiewoorden","auto","tarifit::cefr::A1 tarifit::woordsoort::vz tarifit::thema::gram"
"iazza","de wesp","the wasp","B2","znw_m_mv","A2","dieren","auto","tarifit::cefr::A2 tarifit::woordsoort::znw_m_mv tarifit::thema::dier"
"iaḏ","aantrekken","attract","B1","ww","A2","kleding & sieraad","auto","tarifit::cefr::A2 tarifit::woordsoort::ww tarifit::thema::kled"
"iaḏen","tarwe","wheat","B2","znw_m_mv","A2","landbouw & veeteelt & visserij","auto","tarifit::cefr::A2 tarifit::woordsoort::znw_m_mv tarifit::thema::land"
"ibedd","Rechtop","Upright","B2","znw_m_mv","A2","plaats & richting & geografie","auto","tarifit::cefr::A2 tarifit::woordsoort::znw_m_mv tarifit::thema::pl"
"ibelas","Gesloten","Closed","B2","ww","A2","eigenschappen & kleuren","auto","tarifit::cefr::A2 tarifit::woordsoort::ww tarifit::thema::eig"
"icarri","ram","Ram","B1","znw_m_mv","B2","dieren","auto","tarifit::cefr::B2 tarifit::woordsoort::znw_m_mv tarifit::thema::dier"
"icc","hoorn","horn","B1","znw_m_mv","B1","dieren","auto","tarifit::cefr::B1 tarifit::woordsoort::znw_m_mv tarifit::thema::dier"
"iccaa","de vingernagel","the fingernail","B2","znw_m_mv","B1","lichaam","auto","tarifit::cefr::B1 tarifit::woordsoort::znw_m_mv tarifit::thema::lich"
"iccaṛ","Nagel","Nail","B2","znw_m_mv","A2","lichaam","auto","tarifit::cefr::A2 tarifit::woordsoort::znw_m_mv tarifit::thema::lich"
"icennaf","Geroosterd","Roasted","B2","znw_m_mv","B1","eten & drinken","auto","tarifit::cefr::B1 tarifit::woordsoort::znw_m_mv tarifit::thema::eten"
"iceṯṯar","Laat","Leave","B2","znw_m_mv","A1","tijd","auto","tarifit::cefr::A1 tarifit::woordsoort::znw_m_mv tarifit::thema::tijd"
"icfaa","de schildpad","the turtle","B2","znw_m_mv","A2","dieren","auto","tarifit::cefr::A2 tarifit::woordsoort::znw_m_mv tarifit::thema::dier"
"icɛeḇ","de vos","the fox","B2","znw_m_mv","A2","dieren","auto","tarifit::cefr::A2 tarifit::woordsoort::znw_m_mv tarifit::thema::dier"
"ifadden","de dij","the thigh","B2","znw_m_mv","B1","lichaam","auto","tarifit::cefr::B1 tarifit::woordsoort::znw_m_mv tarifit::thema::lich"
"ifassen","Handen","Hands","B2","ww","A1","lichaam","auto","tarifit::cefr::A1 tarifit::woordsoort::ww tarifit::thema::lich"
"ifis","hyena","hyena","B1","znw_m_mv","B1","dieren","auto","tarifit::cefr::B1 tarifit::woordsoort::znw_m_mv tarifit::thema::dier"
"ifri","grot","cave","B1","znw_m_mv","B1","natuur & weer","auto","tarifit::cefr::B1 tarifit::woordsoort::znw_m_mv tarifit::thema::nat"
"ifsus","Licht (gewicht)","Light (weight)","B2","znw_m_mv","A1","natuur & weer","auto","tarifit::cefr::A1 tarifit::woordsoort::znw_m_mv tarifit::thema::nat"
"iggʷey","ver zijn","be far","B2","ww","A2","plaats & richting & geografie","auto","tarifit::cefr::A2 tarifit::woordsoort::ww tarifit::thema::pl"
"ihseḏ","Jaloers, afgunst","Jealous, envy","B2","znw_m_mv","A2","gevoel & denken","auto","tarifit::cefr::A2 tarifit::woordsoort::znw_m_mv tarifit::thema::gev"
"iǧdi","zand","sand","B2","znw","A1","natuur & weer","auto","tarifit::cefr::A1 tarifit::woordsoort::znw tarifit::thema::nat"
"ijjen","één","one","B2","znw_m_mv","A1","getallen & hoeveelheid","auto","tarifit::cefr::A1 tarifit::woordsoort::znw_m_mv tarifit::thema::get"
"ikemmer / wje","klaar","finished","B1","znw_m_mv","A1","eigenschappen & kleuren","auto","tarifit::cefr::A1 tarifit::woordsoort::znw_m_mv tarifit::thema::eig"
"imendi","gerst, graan","barley, grain","C1","znw_m_mv","B1","landbouw & veeteelt & visserij","auto","tarifit::cefr::B1 tarifit::woordsoort::znw_m_mv tarifit::thema::land"
"imenɣi","Gevecht","Fight","B2","znw_m_mv","B1","samenleving & volken","auto","tarifit::cefr::B1 tarifit::woordsoort::znw_m_mv tarifit::thema::sam"
"imexṯan","de besnijdenis","the circumcision","B2","znw_m_mv","B2","religie & leven-dood","auto","tarifit::cefr::B2 tarifit::woordsoort::znw_m_mv tarifit::thema::rel"
"imez","de duim","the thumb","B1","znw_m_mv","A2","lichaam","auto","tarifit::cefr::A2 tarifit::woordsoort::znw_m_mv tarifit::thema::lich"
"imeǧařen","de testikels","the testicles","C1","znw_m_mv","B2","lichaam","auto","tarifit::cefr::B2 tarifit::woordsoort::znw_m_mv tarifit::thema::lich"
"imqeddef","de peddel","the paddle","C1","znw_m_mv","B2","vervoer & reizen","auto","tarifit::cefr::B2 tarifit::woordsoort::znw_m_mv tarifit::thema::verv"
"inaafeḏ","milt","spleen","B2","znw_m_mv","B2","lichaam","auto","tarifit::cefr::B2 tarifit::woordsoort::znw_m_mv tarifit::thema::lich"
"inaḏan","goede daden","good deeds","B2","znw_m_mv","B2","religie & leven-dood","auto","tarifit::cefr::B2 tarifit::woordsoort::znw_m_mv tarifit::thema::rel"
"infaa","de luis","the louse","B2","znw_m_mv","B1","dieren","auto","tarifit::cefr::B1 tarifit::woordsoort::znw_m_mv tarifit::thema::dier"
"ini","Vertellen, zeggen","Tell, say","A1","ww","A1","taal & school & communicatie","auto","tarifit::cefr::A1 tarifit::woordsoort::ww tarifit::thema::taal"
"insi","egel","hedgehog","B1","znw_m_mv","B1","dieren","auto","tarifit::cefr::B1 tarifit::woordsoort::znw_m_mv tarifit::thema::dier"
"inu","van mij","from me","B2","vnw_bez","A2","functiewoorden","auto","tarifit::cefr::A2 tarifit::woordsoort::vnw_bez tarifit::thema::gram"
"Iqda","Het is op","It's over","B1","znw_m_mv","B1","functiewoorden","auto","tarifit::cefr::B1 tarifit::woordsoort::znw_m_mv tarifit::thema::gram"
"iraa","spelen","to play","B1","ww","A1","overig","auto","tarifit::cefr::A1 tarifit::woordsoort::ww tarifit::thema::ov"
"iri (n) umaayuř","de kraag","the collar","C2","znw_m_mv","B1","kleding & sieraad","auto","tarifit::cefr::B1 tarifit::woordsoort::znw_m_mv tarifit::thema::kled"
"isawen","Behulpzaam","Helpful","B2","znw_m_mv","A2","eigenschappen & kleuren","auto","tarifit::cefr::A2 tarifit::woordsoort::znw_m_mv tarifit::thema::eig"
"isem","naam, naamgevingsdag","name, naming day","B1","znw_m_mv","A1","taal & school & communicatie","auto","tarifit::cefr::A1 tarifit::woordsoort::znw_m_mv tarifit::thema::taal"
"isiyni","de naald","the needle","B2","znw_m_mv","A2","kleding & sieraad","auto","tarifit::cefr::A2 tarifit::woordsoort::znw_m_mv tarifit::thema::kled"
"isḏeḥḥac","grappig","Funny","C1","znw_m_mv","A1","eigenschappen & kleuren","auto","tarifit::cefr::A1 tarifit::woordsoort::znw_m_mv tarifit::thema::eig"
"itsegweḏ","Eng","Scary","C1","znw_m_mv","A2","gevoel & denken","auto","tarifit::cefr::A2 tarifit::woordsoort::znw_m_mv tarifit::thema::gev"
"iwa","Dus, wel! (uitroep)","So, well! (exclamation)","B1","znw_m_mv","A1","functiewoorden","auto","tarifit::cefr::A1 tarifit::woordsoort::znw_m_mv tarifit::thema::gram"
"iwettḏen","de neet","the nee","C1","znw_m_mv","B2","gezondheid","auto","tarifit::cefr::B2 tarifit::woordsoort::znw_m_mv tarifit::thema::gez"
"iweṯ unẓaṛ","Regenen","Rain","C1","ww","A1","natuur & weer","auto","tarifit::cefr::A1 tarifit::woordsoort::ww tarifit::thema::nat"
"iwzan","ruw gemalen tarwe","roughly milled wheat","B2","znw_m_mv","B2","eten & drinken","auto","tarifit::cefr::B2 tarifit::woordsoort::znw_m_mv tarifit::thema::eten"
"iwḏan","mensen, het volk","people","B2","znw_m_mv","A1","familie & mensen","auto","tarifit::cefr::A1 tarifit::woordsoort::znw_m_mv tarifit::thema::fam"
"ixariqen","Leugen","Lie","C1","ww","A2","taal & school & communicatie","auto","tarifit::cefr::A2 tarifit::woordsoort::ww tarifit::thema::taal"
"ixef","zelf (reflexief)","self (reflexive)","B1","znw_m_mv","A1","functiewoorden","auto","tarifit::cefr::A1 tarifit::woordsoort::znw_m_mv tarifit::thema::gram"
"ixḏaa","kiezen","to elect","B2","ww","A1","handelingen","auto","tarifit::cefr::A1 tarifit::woordsoort::ww tarifit::thema::doen"
"ixṣa / yaṛez","Kapot","Broken","B1","znw_m_mv","A1","eigenschappen & kleuren","auto","tarifit::cefr::A1 tarifit::woordsoort::znw_m_mv tarifit::thema::eig"
"iyaaynen","dubbele zadeltas","double saddle bag","C1","znw_m_mv","B2","landbouw & veeteelt & visserij","auto","tarifit::cefr::B2 tarifit::woordsoort::znw_m_mv tarifit::thema::land"
"iyaǧen","het schouderblad","the shoulder blade","B2","znw_m_mv","B2","lichaam","auto","tarifit::cefr::B2 tarifit::woordsoort::znw_m_mv tarifit::thema::lich"
"iyyaa","veld","field","B2","znw_m_mv","A2","landbouw & veeteelt & visserij","auto","tarifit::cefr::A2 tarifit::woordsoort::znw_m_mv tarifit::thema::land"
"izaggwen","het schaamhaar","the pubic hair","C1","znw_m_mv","B2","lichaam","auto","tarifit::cefr::B2 tarifit::woordsoort::znw_m_mv tarifit::thema::lich"
"izi","vlieg","fly","B1","znw_m_mv","A2","dieren","auto","tarifit::cefr::A2 tarifit::woordsoort::znw_m_mv tarifit::thema::dier"
"izmaa","het lam","the lamb","B2","znw_m_mv","B1","dieren","auto","tarifit::cefr::B1 tarifit::woordsoort::znw_m_mv tarifit::thema::dier"
"izzaa","voorgaan, voorop gaan","to go ahead, to lead","B2","znw_m_mv","B1","handelingen","auto","tarifit::cefr::B1 tarifit::woordsoort::znw_m_mv tarifit::thema::doen"
"iřef","het varken, wild zwijn","the pig, wild boar","B1","znw_m_mv","A1","dieren","auto","tarifit::cefr::A1 tarifit::woordsoort::znw_m_mv tarifit::thema::dier"
"iřes","tong","tongue","B1","znw_m_mv","A2","lichaam","auto","tarifit::cefr::A2 tarifit::woordsoort::znw_m_mv tarifit::thema::lich"
"iri","hals, nek, zijn","neck, to be","B1","znw_m_mv","A2","lichaam","auto","tarifit::cefr::A2 tarifit::woordsoort::znw_m_mv tarifit::thema::lich"
"iǧi","het touw","the rope","B1","znw_m_mv","A2","gereedschap & materiaal","auto","tarifit::cefr::A2 tarifit::woordsoort::znw_m_mv tarifit::thema::ger"
"iɣemzan","grote tanden","big teeth","B2","znw_m_mv","B2","lichaam","auto","tarifit::cefr::B2 tarifit::woordsoort::znw_m_mv tarifit::thema::lich"
"iɣess","bot","bone","B2","znw_m_mv","A2","lichaam","check","tarifit::cefr::A2 tarifit::woordsoort::znw_m_mv tarifit::thema::lich"
"iɣeyḏ","het geitje","the kid","B2","znw_m_mv","B2","dieren","auto","tarifit::cefr::B2 tarifit::woordsoort::znw_m_mv tarifit::thema::dier"
"iɣza","rivier","river","B1","znw_m_mv","A1","natuur & weer","auto","tarifit::cefr::A1 tarifit::woordsoort::znw_m_mv tarifit::thema::nat"
"iɣzaa","de rivier of stroom","the river or stream","B2","znw_m_mv","B1","natuur & weer","auto","tarifit::cefr::B1 tarifit::woordsoort::znw_m_mv tarifit::thema::nat"
"iɣřa","duur","duration","B1","znw_m_mv","A1","handel & geld","auto","tarifit::cefr::A1 tarifit::woordsoort::znw_m_mv tarifit::thema::hdl"
"iɣɣeḏ","As","Ash","B2","znw_m_mv","B1","natuur & weer","check","tarifit::cefr::B1 tarifit::woordsoort::znw_m_mv tarifit::thema::nat"
"iḇawn","boon","bean","B2","znw_m_mv","A2","eten & drinken","auto","tarifit::cefr::A2 tarifit::woordsoort::znw_m_mv tarifit::thema::eten"
"iḍes","slaap","sleep","B1","znw_m_mv","A1","lichaam","auto","tarifit::cefr::A1 tarifit::woordsoort::znw_m_mv tarifit::thema::lich"
"iḏammen","bloed","blood","B2","znw_m_mv","A1","lichaam","auto","tarifit::cefr::A1 tarifit::woordsoort::znw_m_mv tarifit::thema::lich"
"iḏennaḏ","gisteren","yesterday","B2","ww","A1","tijd","auto","tarifit::cefr::A1 tarifit::woordsoort::ww tarifit::thema::tijd"
"iḏewřan","de schoonouders","the in-laws","B2","znw_m_mv","B1","familie & mensen","auto","tarifit::cefr::B1 tarifit::woordsoort::znw_m_mv tarifit::thema::fam"
"iḏiyḏi","de vijzel","the mortar","B2","znw_m_mv","B2","eten & drinken","auto","tarifit::cefr::B2 tarifit::woordsoort::znw_m_mv tarifit::thema::eten"
"iṛi","Bestaan (Hebben)","Existence (Having)","B1","znw_m_mv","A2","overig","auto","tarifit::cefr::A2 tarifit::woordsoort::znw_m_mv tarifit::thema::ov"
"iṯri","ster","star","B1","znw_m_mv","A1","natuur & weer","auto","tarifit::cefr::A1 tarifit::woordsoort::znw_m_mv tarifit::thema::nat"
"iṯwassen / meɛruf","bekend","known","B2","znw_m_mv","A2","eigenschappen & kleuren","auto","tarifit::cefr::A2 tarifit::woordsoort::znw_m_mv tarifit::thema::eig"
"jaaḥ","verwonden","injure","B1","ww","B1","gezondheid","auto","tarifit::cefr::B1 tarifit::woordsoort::ww tarifit::thema::gez"
"jbeḏ","trekken","Pull","B1","ww","A1","handelingen","auto","tarifit::cefr::A1 tarifit::woordsoort::ww tarifit::thema::doen"
"jeddi","Grootvader","Grandfather","B2","ww","A1","familie & mensen","auto","tarifit::cefr::A1 tarifit::woordsoort::ww tarifit::thema::fam"
"jeyyef","stikken","to suffocate","B2","ww","B1","gezondheid","auto","tarifit::cefr::B1 tarifit::woordsoort::ww tarifit::thema::gez"
"jjaaf","de klif of afgrond","big rock","B2","znw","B2","natuur & weer","auto","tarifit::cefr::B2 tarifit::woordsoort::znw tarifit::thema::nat"
"jjařḏa","Tuin","Garden","B2","ww","A1","huis & huishouden","auto","tarifit::cefr::A1 tarifit::woordsoort::ww tarifit::thema::huis"
"jjaǧ","zweren","to swear","B2","ww","B1","samenleving & volken","check","tarifit::cefr::B1 tarifit::woordsoort::ww tarifit::thema::sam"
"jjdiḏ","nieuw","new","B2","ww","A1","eigenschappen & kleuren","auto","tarifit::cefr::A1 tarifit::woordsoort::ww tarifit::thema::eig"
"jjeddi","Opa, Grootvader","Grandpa, Grandfather","B2","ww","A1","familie & mensen","auto","tarifit::cefr::A1 tarifit::woordsoort::ww tarifit::thema::fam"
"jjemɛa","vrijdag","Friday","B2","ww","A1","tijd","auto","tarifit::cefr::A1 tarifit::woordsoort::ww tarifit::thema::tijd"
"jjenn","geest, ǧinn","spirit, ǧinn","B1","ww","B1","religie & leven-dood","auto","tarifit::cefr::B1 tarifit::woordsoort::ww tarifit::thema::rel"
"jjnun","de woede","the anger","B2","znw","B1","gevoel & denken","auto","tarifit::cefr::B1 tarifit::woordsoort::znw tarifit::thema::gev"
"jjuanal","de krant","the newspaper","B2","znw","A1","taal & school & communicatie","auto","tarifit::cefr::A1 tarifit::woordsoort::znw tarifit::thema::taal"
"jjuf / ibbec","borst","chest","B1","znw_m_mv","A2","lichaam","auto","tarifit::cefr::A2 tarifit::woordsoort::znw_m_mv tarifit::thema::lich"
"jmeɛ","opruimen, verzamelen","to clean up, to collect","B1","ww","A2","huis & huishouden","auto","tarifit::cefr::A2 tarifit::woordsoort::ww tarifit::thema::huis"
"jmeḏ","bevriezen","freeze","B1","ww","B1","natuur & weer","auto","tarifit::cefr::B1 tarifit::woordsoort::ww tarifit::thema::nat"
"juffiḏ","de billen","the buttocks","B2","znw","A2","lichaam","auto","tarifit::cefr::A2 tarifit::woordsoort::znw tarifit::thema::lich"
"kacef","raden","councils","B2","ww","A2","gevoel & denken","auto","tarifit::cefr::A2 tarifit::woordsoort::ww tarifit::thema::gev"
"kacita","(muziek)cassette","(music) cassette","B2","ww","A2","overig","auto","tarifit::cefr::A2 tarifit::woordsoort::ww tarifit::thema::ov"
"kalacnikuf","Kalashnikov","Kalashnikov","C1","ww","B2","samenleving & volken","auto","tarifit::cefr::B2 tarifit::woordsoort::ww tarifit::thema::sam"
"kamira","camera","camera","B2","ww","A1","muziek & kunst","auto","tarifit::cefr::A1 tarifit::woordsoort::ww tarifit::thema::muz"
"kangaru","het kangoeroe","the kangaroo","B2","znw","A2","dieren","auto","tarifit::cefr::A2 tarifit::woordsoort::znw tarifit::thema::dier"
"karru","de kar of wagen","the cart or cart","B2","znw","B1","vervoer & reizen","auto","tarifit::cefr::B1 tarifit::woordsoort::znw tarifit::thema::verv"
"kartpustal","de ansichtkaart","the postcard","C1","znw","A2","taal & school & communicatie","auto","tarifit::cefr::A2 tarifit::woordsoort::znw tarifit::thema::taal"
"kasku","de helm","the helmet","B2","znw","A2","kleding & sieraad","auto","tarifit::cefr::A2 tarifit::woordsoort::znw tarifit::thema::kled"
"kebb","gieten, inschenken","to pour","B1","ww","A2","handelingen","auto","tarifit::cefr::A2 tarifit::woordsoort::ww tarifit::thema::doen"
"kemmeř","afmaken","kill","B2","ww","A2","handelingen","auto","tarifit::cefr::A2 tarifit::woordsoort::ww tarifit::thema::doen"
"kenniw (m) / kennint (v)","jullie","you","C1","ww","A1","functiewoorden","auto","tarifit::cefr::A1 tarifit::woordsoort::ww tarifit::thema::gram"
"keyyef","roken","smoking","B2","ww","A2","gezondheid","auto","tarifit::cefr::A2 tarifit::woordsoort::ww tarifit::thema::gez"
"Kicc","Met jou","With you","B1","ww","A2","functiewoorden","auto","tarifit::cefr::A2 tarifit::woordsoort::ww tarifit::thema::gram"
"kiḏi","Met mij","With me","B1","ww","A2","functiewoorden","auto","tarifit::cefr::A2 tarifit::woordsoort::ww tarifit::thema::gram"
"kk","duren, voorbijgaan, passeren","to last, to pass by","C2","ww","A2","tijd","auto","tarifit::cefr::A2 tarifit::woordsoort::ww tarifit::thema::tijd"
"kkaa","opstaan","to get up","C2","ww","A1","handelingen","auto","tarifit::cefr::A1 tarifit::woordsoort::ww tarifit::thema::doen"
"kkes","verwijderen","to delete","B1","ww","A2","handelingen","auto","tarifit::cefr::A2 tarifit::woordsoort::ww tarifit::thema::doen"
"kkʷua / sayeṛ","beledigen, uitschelden","insult, insult","B2","ww","B1","samenleving & volken","auto","tarifit::cefr::B1 tarifit::woordsoort::ww tarifit::thema::sam"
"kmeř","geheel, compleet","whole, complete","B1","ww","A2","getallen & hoeveelheid","auto","tarifit::cefr::A2 tarifit::woordsoort::ww tarifit::thema::get"
"kruci","het kruis","the cross","B2","znw","A2","religie & leven-dood","check","tarifit::cefr::A2 tarifit::woordsoort::znw tarifit::thema::rel"
"kuffu","het schuim","the foam","B2","znw","B1","overig","auto","tarifit::cefr::B1 tarifit::woordsoort::znw tarifit::thema::ov"
"kuka","Coca-Cola, frisdrank","Coca-Cola, soft drink","B1","ww","A1","eten & drinken","auto","tarifit::cefr::A1 tarifit::woordsoort::ww tarifit::thema::eten"
"kukayin","cocaïne","cocaine","B2","ww","B1","samenleving & volken","auto","tarifit::cefr::B1 tarifit::woordsoort::ww tarifit::thema::sam"
"kuku","de kokosnoot","the coconut","B1","znw","A2","eten & drinken","auto","tarifit::cefr::A2 tarifit::woordsoort::znw tarifit::thema::eten"
"kulur","de kleur","the color","B2","znw","A1","eigenschappen & kleuren","auto","tarifit::cefr::A1 tarifit::woordsoort::znw tarifit::thema::eig"
"kuř","elke","each","B1","ww","A1","functiewoorden","auto","tarifit::cefr::A1 tarifit::woordsoort::ww tarifit::thema::gram"
"kuřci","Alles","Everything","B2","ww","A1","functiewoorden","auto","tarifit::cefr::A1 tarifit::woordsoort::ww tarifit::thema::gram"
"kṯaa","meer","more","B1","ww","A1","functiewoorden","check","tarifit::cefr::A1 tarifit::woordsoort::ww tarifit::thema::gram"
"l'islam","Islam","Islam","B2","ww","A2","religie & leven-dood","auto","tarifit::cefr::A2 tarifit::woordsoort::ww tarifit::thema::rel"
"laksiḏa","Ongeluk","Accident","B2","ww","A2","overig","auto","tarifit::cefr::A2 tarifit::woordsoort::ww tarifit::thema::ov"
"lalla","vrouw paternale oom; aanhef voor dame","wife of paternal uncle; title for lady","B2","ww","B2","familie & mensen","auto","tarifit::cefr::B2 tarifit::woordsoort::ww tarifit::thema::fam"
"lambulans","Ambulance","Ambulance","C1","ww","A2","gezondheid","auto","tarifit::cefr::A2 tarifit::woordsoort::ww tarifit::thema::gez"
"landris","adres","address","B2","ww","A1","huis & huishouden","auto","tarifit::cefr::A1 tarifit::woordsoort::ww tarifit::thema::huis"
"lanṯirneṯ","Internet","Internet","C1","ww","A1","overig","auto","tarifit::cefr::A1 tarifit::woordsoort::ww tarifit::thema::ov"
"lasnam","Afgod","Idol","B2","ww","B2","religie & leven-dood","auto","tarifit::cefr::B2 tarifit::woordsoort::ww tarifit::thema::rel"
"laspirin","Aspirine","Aspirin","C1","ww","A2","gezondheid","auto","tarifit::cefr::A2 tarifit::woordsoort::ww tarifit::thema::gez"
"laḏab","beleefdheid","politeness","B2","ww","B1","gevoel & denken","auto","tarifit::cefr::B1 tarifit::woordsoort::ww tarifit::thema::gev"
"lbaladiya","Gemeente","Local authority","C1","ww","A2","samenleving & volken","auto","tarifit::cefr::A2 tarifit::woordsoort::ww tarifit::thema::sam"
"lbaliza","Koffer","Suitcase","B2","ww","A1","vervoer & reizen","auto","tarifit::cefr::A1 tarifit::woordsoort::ww tarifit::thema::verv"
"lbanan","Banaan","Banana","B2","ww","A1","eten & drinken","auto","tarifit::cefr::A1 tarifit::woordsoort::ww tarifit::thema::eten"
"lbaṭima","Flat","Flat","B2","ww","A1","huis & huishouden","auto","tarifit::cefr::A1 tarifit::woordsoort::ww tarifit::thema::huis"
"lbuqaḏyu","Brooǧe","Brooǧe","C1","ww","B2","eten & drinken","check","tarifit::cefr::B2 tarifit::woordsoort::ww tarifit::thema::eten"
"lcarṯe","Kaart","Card","B2","ww","A1","overig","auto","tarifit::cefr::A1 tarifit::woordsoort::ww tarifit::thema::ov"
"leccin","Appelsien","Orange","B2","ww","A2","eten & drinken","auto","tarifit::cefr::A2 tarifit::woordsoort::ww tarifit::thema::eten"
"lfaqi","de priester","the priest","B2","znw_m_ev","B1","religie & leven-dood","auto","tarifit::cefr::B1 tarifit::woordsoort::znw_m_ev tarifit::thema::rel"
"lfasaḏ","corruptie","corruption","B2","ww","B1","samenleving & volken","auto","tarifit::cefr::B1 tarifit::woordsoort::ww tarifit::thema::sam"
"lfawaḥic","ontucht, overspel","fornication, adultery","C1","ww","B2","religie & leven-dood","auto","tarifit::cefr::B2 tarifit::woordsoort::ww tarifit::thema::rel"
"lfikra","Idee","Idea","B2","ww","A1","gevoel & denken","auto","tarifit::cefr::A1 tarifit::woordsoort::ww tarifit::thema::gev"
"lfil","de olifant","the elephant","B1","znw_m_ev","A1","dieren","auto","tarifit::cefr::A1 tarifit::woordsoort::znw_m_ev tarifit::thema::dier"
"lfiras","Peer","Pear","B2","ww","A2","eten & drinken","auto","tarifit::cefr::A2 tarifit::woordsoort::ww tarifit::thema::eten"
"lfuyyaa","immorele daden","immoral acts","B2","ww","B2","religie & leven-dood","auto","tarifit::cefr::B2 tarifit::woordsoort::ww tarifit::thema::rel"
"lfṛan","Rem","Brake","B2","ww","A2","vervoer & reizen","auto","tarifit::cefr::A2 tarifit::woordsoort::ww tarifit::thema::verv"
"lgamba","Garnaal","Shrimp","B2","ww","A2","eten & drinken","auto","tarifit::cefr::A2 tarifit::woordsoort::ww tarifit::thema::eten"
"lgaṛaj","Garage","Garage","B2","ww","A2","vervoer & reizen","auto","tarifit::cefr::A2 tarifit::woordsoort::ww tarifit::thema::verv"
"limṯiḥan","Examen","Exam","C1","ww","A1","taal & school & communicatie","auto","tarifit::cefr::A1 tarifit::woordsoort::ww tarifit::thema::taal"
"lintixaḇ","de verkiezing","the election","C1","znw_m_ev","A2","samenleving & volken","auto","tarifit::cefr::A2 tarifit::woordsoort::znw_m_ev tarifit::thema::sam"
"lisans","Benzine","Petrol","B2","ww","A2","vervoer & reizen","auto","tarifit::cefr::A2 tarifit::woordsoort::ww tarifit::thema::verv"
"lisṯiɛmaṛ","Gebruik","Usage","C1","ww","A2","overig","auto","tarifit::cefr::A2 tarifit::woordsoort::ww tarifit::thema::ov"
"lixiya","Bleekmiddel","Bleach","B2","ww","B1","huis & huishouden","auto","tarifit::cefr::B1 tarifit::woordsoort::ww tarifit::thema::huis"
"liṯru","Liter","Litre","B2","ww","A2","getallen & hoeveelheid","auto","tarifit::cefr::A2 tarifit::woordsoort::ww tarifit::thema::get"
"ljanuḇ","het zuiden","the south","B2","znw_m_ev","A1","plaats & richting & geografie","auto","tarifit::cefr::A1 tarifit::woordsoort::znw_m_ev tarifit::thema::pl"
"ljarima","misdaad, misdrijf","crime","B2","znw_m_ev","A2","samenleving & volken","auto","tarifit::cefr::A2 tarifit::woordsoort::znw_m_ev tarifit::thema::sam"
"jheḏ","kracht, sterkte","power, strength","B2","ww","A2","overig","auto","tarifit::cefr::A2 tarifit::woordsoort::ww tarifit::thema::ov"
"ljihad","heilige strijd","holy battle","B2","ww","B2","religie & leven-dood","auto","tarifit::cefr::B2 tarifit::woordsoort::ww tarifit::thema::rel"
"lkanisa","kerk","church","B2","ww","A1","religie & leven-dood","auto","tarifit::cefr::A1 tarifit::woordsoort::ww tarifit::thema::rel"
"lkitab","boek","book","B2","ww","A1","taal & school & communicatie","auto","tarifit::cefr::A1 tarifit::woordsoort::ww tarifit::thema::taal"
"lkufr","Kofferbak","Trunk","B2","ww","B1","vervoer & reizen","auto","tarifit::cefr::B1 tarifit::woordsoort::ww tarifit::thema::verv"
"lla","nee","no","A1","ww","A1","functiewoorden","auto","tarifit::cefr::A1 tarifit::woordsoort::ww tarifit::thema::gram"
"llajua","baksteen (collectief)","brick (collective)","B2","ww","B1","huis & huishouden","auto","tarifit::cefr::B1 tarifit::woordsoort::ww tarifit::thema::huis"
"llaḇaḇu","het aanrecht","the countertop","B2","znw_m_ev","A2","huis & huishouden","auto","tarifit::cefr::A2 tarifit::woordsoort::znw_m_ev tarifit::thema::huis"
"llaḥa","Bezig","Busy","B2","ww","A2","eigenschappen & kleuren","auto","tarifit::cefr::A2 tarifit::woordsoort::ww tarifit::thema::eig"
"llecccin","sinaasappel (coll.)","orange (coll.)","C1","ww","A1","eten & drinken","auto","tarifit::cefr::A1 tarifit::woordsoort::ww tarifit::thema::eten"
"llimun","Citroen","Lemon","B2","ww","A1","eten & drinken","auto","tarifit::cefr::A1 tarifit::woordsoort::ww tarifit::thema::eten"
"llisṯa","Lijst","List","B2","ww","A2","overig","auto","tarifit::cefr::A2 tarifit::woordsoort::ww tarifit::thema::ov"
"llumiya","de kalender","the calendar","B2","znw_m_ev","A2","tijd","auto","tarifit::cefr::A2 tarifit::woordsoort::znw_m_ev tarifit::thema::tijd"
"lmakla","voedsel","food","B2","ww","A2","eten & drinken","auto","tarifit::cefr::A2 tarifit::woordsoort::ww tarifit::thema::eten"
"lmakṯaba","Bibliotheek","Library","C1","ww","A1","taal & school & communicatie","auto","tarifit::cefr::A1 tarifit::woordsoort::ww tarifit::thema::taal"
"lmal / agṛa","bezit","possess","B1","znw_m_ev","B1","handel & geld","auto","tarifit::cefr::B1 tarifit::woordsoort::znw_m_ev tarifit::thema::hdl"
"lmalik","koning","king","B2","ww","A1","samenleving & volken","auto","tarifit::cefr::A1 tarifit::woordsoort::ww tarifit::thema::sam"
"lmasafa / lbuɛḏ","afstand","distance","B2","ww","A2","plaats & richting & geografie","auto","tarifit::cefr::A2 tarifit::woordsoort::ww tarifit::thema::pl"
"lmecṛubaṯ","Frisdrank","Soda","C1","ww","A2","eten & drinken","auto","tarifit::cefr::A2 tarifit::woordsoort::ww tarifit::thema::eten"
"lmexzen","de overheid","the government","B2","znw_m_ev","A2","samenleving & volken","auto","tarifit::cefr::A2 tarifit::woordsoort::znw_m_ev tarifit::thema::sam"
"lmuhanḏis","Ingenieur","Engineer","C1","ww","A2","werk & beroep & ambacht","auto","tarifit::cefr::A2 tarifit::woordsoort::ww tarifit::thema::werk"
"lmuhimm","in elk geval","anyway","B2","ww","B1","functiewoorden","auto","tarifit::cefr::B1 tarifit::woordsoort::ww tarifit::thema::gram"
"lmusawana","Hulp","Staff","C1","ww","A1","overig","auto","tarifit::cefr::A1 tarifit::woordsoort::ww tarifit::thema::ov"
"lmuwatin","de burger","the citizen","C1","znw_m_ev","A2","samenleving & volken","auto","tarifit::cefr::A2 tarifit::woordsoort::znw_m_ev tarifit::thema::sam"
"lmuɛellim","leraar","teacher","C1","ww","A1","taal & school & communicatie","auto","tarifit::cefr::A1 tarifit::woordsoort::ww tarifit::thema::taal"
"lmuḏir","Directeur","Director","B2","ww","A2","werk & beroep & ambacht","auto","tarifit::cefr::A2 tarifit::woordsoort::ww tarifit::thema::werk"
"lmuṭuṛ","Brommer","Moped","B2","ww","A2","vervoer & reizen","auto","tarifit::cefr::A2 tarifit::woordsoort::ww tarifit::thema::verv"
"lpitrul","de petroleum","the petroleum","B2","znw_m_ev","B1","overig","auto","tarifit::cefr::B1 tarifit::woordsoort::znw_m_ev tarifit::thema::ov"
"lqissa / ṯḥaǧiṯ","verhaal","story","B2","ww","A1","taal & school & communicatie","auto","tarifit::cefr::A1 tarifit::woordsoort::ww tarifit::thema::taal"
"luɣa / awař","Taal","Language","B1","znw_m_ev","A1","taal & school & communicatie","auto","tarifit::cefr::A1 tarifit::woordsoort::znw_m_ev tarifit::thema::taal"
"lwaliḏin","ouders","parents","C1","ww","A1","familie & mensen","auto","tarifit::cefr::A1 tarifit::woordsoort::ww tarifit::thema::fam"
"lwasṯ","Centrum","Center","B2","ww","A1","plaats & richting & geografie","auto","tarifit::cefr::A1 tarifit::woordsoort::ww tarifit::thema::pl"
"lwelda","baarmoeder","uterus","B2","ww","B2","lichaam","auto","tarifit::cefr::B2 tarifit::woordsoort::ww tarifit::thema::lich"
"lweḥc","Gemis","Lack","B2","ww","B2","gevoel & denken","auto","tarifit::cefr::B2 tarifit::woordsoort::ww tarifit::thema::gev"
"lxatař","Gevaar","Danger","B2","ww","A2","overig","auto","tarifit::cefr::A2 tarifit::woordsoort::ww tarifit::thema::ov"
"lxutḇa","de toespraak","the speech","B2","znw_m_ev","B1","taal & school & communicatie","auto","tarifit::cefr::B1 tarifit::woordsoort::znw_m_ev tarifit::thema::taal"
"lyamiɛa","universiteit","university","B2","ww","A1","taal & school & communicatie","auto","tarifit::cefr::A1 tarifit::woordsoort::ww tarifit::thema::taal"
"lyaw","Klimaat","Climate","B1","ww","A2","natuur & weer","auto","tarifit::cefr::A2 tarifit::woordsoort::ww tarifit::thema::nat"
"lɛalama","het voorteken","the omen","B2","znw_m_ev","B2","religie & leven-dood","auto","tarifit::cefr::B2 tarifit::woordsoort::znw_m_ev tarifit::thema::rel"
"lɛaza","Condoleance","Condolences","B2","ww","B2","religie & leven-dood","auto","tarifit::cefr::B2 tarifit::woordsoort::ww tarifit::thema::rel"
"lɛaḏa","de gewoonte","the habit","B2","znw_m_ev","A2","samenleving & volken","auto","tarifit::cefr::A2 tarifit::woordsoort::znw_m_ev tarifit::thema::sam"
"lɛiqaḇ","de straf","the punishment","B2","znw_m_ev","A2","samenleving & volken","auto","tarifit::cefr::A2 tarifit::woordsoort::znw_m_ev tarifit::thema::sam"
"lɛud","luit","lute","B1","ww","B2","muziek & kunst","auto","tarifit::cefr::B2 tarifit::woordsoort::ww tarifit::thema::muz"
"lɛutla / fakans","Vakantie","Holiday","B2","ww","A1","overig","auto","tarifit::cefr::A1 tarifit::woordsoort::ww tarifit::thema::ov"
"lɛɛziz","geliefde","beloved","B2","ww","B1","familie & mensen","auto","tarifit::cefr::B1 tarifit::woordsoort::ww tarifit::thema::fam"
"lḇala","schop","shovel","B2","ww","B1","gereedschap & materiaal","auto","tarifit::cefr::B1 tarifit::woordsoort::ww tarifit::thema::ger"
"lḥadiṯ","Profetische traditie (Hadith)","Prophetic Tradition (Hadith)","B2","ww","B2","religie & leven-dood","auto","tarifit::cefr::B2 tarifit::woordsoort::ww tarifit::thema::rel"
"lḥayawan","Dier","Animal","C1","ww","A1","dieren","auto","tarifit::cefr::A1 tarifit::woordsoort::ww tarifit::thema::dier"
"lḥayawan n ṯaḏḏarṯ","Huisdier","Pet","C2","ww","A1","dieren","auto","tarifit::cefr::A1 tarifit::woordsoort::ww tarifit::thema::dier"
"lḥikma","wijsheid","wisdom","B2","ww","B1","gevoel & denken","auto","tarifit::cefr::B1 tarifit::woordsoort::ww tarifit::thema::gev"
"lḥubb","liefde","love","B2","ww","A1","gevoel & denken","auto","tarifit::cefr::A1 tarifit::woordsoort::ww tarifit::thema::gev"
"ma","vraagpartikel (ja, nee)","question particle (yes, no)","A2","vraagw","B2","functiewoorden","auto","tarifit::cefr::B2 tarifit::woordsoort::vraagw tarifit::thema::gram"
"maamita","metalen pan","metal pan","B2","ww","B2","eten & drinken","auto","tarifit::cefr::B2 tarifit::woordsoort::ww tarifit::thema::eten"
"maatayen","twee keer","twice","C1","ww","A2","getallen & hoeveelheid","auto","tarifit::cefr::A2 tarifit::woordsoort::ww tarifit::thema::get"
"maaṯayen","tweemaal","twice","C1","ww","B1","getallen & hoeveelheid","auto","tarifit::cefr::B1 tarifit::woordsoort::ww tarifit::thema::get"
"mabruk","Gefeliciteerd","Congratulations","B2","ww","A1","taal & school & communicatie","auto","tarifit::cefr::A1 tarifit::woordsoort::ww tarifit::thema::taal"
"macca","de maaltijd","the meal","B2","znw","A1","eten & drinken","auto","tarifit::cefr::A1 tarifit::woordsoort::znw tarifit::thema::eten"
"macca / walakin","maar","but","C1","ww","A1","functiewoorden","auto","tarifit::cefr::A1 tarifit::woordsoort::ww tarifit::thema::gram"
"macina","Machine","Machine","B2","ww","A2","gereedschap & materiaal","auto","tarifit::cefr::A2 tarifit::woordsoort::ww tarifit::thema::ger"
"macina","Trein","Train","B2","ww","A1","vervoer & reizen","auto","tarifit::cefr::A1 tarifit::woordsoort::ww tarifit::thema::verv"
"makiyaj","Make-up","Makeup","B2","ww","A2","kleding & sieraad","auto","tarifit::cefr::A2 tarifit::woordsoort::ww tarifit::thema::kled"
"malṭa","Deken","Blanket","B2","ww","A2","huis & huishouden","auto","tarifit::cefr::A2 tarifit::woordsoort::ww tarifit::thema::huis"
"mamec","Hoe","How","B2","ww","A1","functiewoorden","auto","tarifit::cefr::A1 tarifit::woordsoort::ww tarifit::thema::gram"
"mami","terwijl, lieveling","while, favorite","B1","vraagw","A2","functiewoorden","auto","tarifit::cefr::A2 tarifit::woordsoort::vraagw tarifit::thema::gram"
"man","welke","which","B1","ww","A1","functiewoorden","auto","tarifit::cefr::A1 tarifit::woordsoort::ww tarifit::thema::gram"
"mandařina","Mandarijn","Mandarine","C1","ww","A2","eten & drinken","auto","tarifit::cefr::A2 tarifit::woordsoort::ww tarifit::thema::eten"
"mani","waar","where","B2","vraagw","A1","functiewoorden","auto","tarifit::cefr::A1 tarifit::woordsoort::vraagw tarifit::thema::gram"
"mani mma","Overal","Everywhere","C1","ww","A1","plaats & richting & geografie","auto","tarifit::cefr::A1 tarifit::woordsoort::ww tarifit::thema::pl"
"mani nneɣniṯ","Ergens","Somewhere","C2","ww","A2","plaats & richting & geografie","auto","tarifit::cefr::A2 tarifit::woordsoort::ww tarifit::thema::pl"
"manis","waar vandaan","where from","B2","vraagw","A2","functiewoorden","auto","tarifit::cefr::A2 tarifit::woordsoort::vraagw tarifit::thema::gram"
"marra","Iedereen","Everyone","B2","ww","A1","functiewoorden","auto","tarifit::cefr::A1 tarifit::woordsoort::ww tarifit::thema::gram"
"marḥba","welkom","welcome","B2","ww","A1","taal & school & communicatie","auto","tarifit::cefr::A1 tarifit::woordsoort::ww tarifit::thema::taal"
"matrikula","de nummerplaat","the license plate","C1","znw","B1","vervoer & reizen","auto","tarifit::cefr::B1 tarifit::woordsoort::znw tarifit::thema::verv"
"mayemmi","waarom","why","B2","vraagw","A1","functiewoorden","auto","tarifit::cefr::A1 tarifit::woordsoort::vraagw tarifit::thema::gram"
"maziɣ","Berber (M)","Berber (M)","B2","ww","A2","samenleving & volken","auto","tarifit::cefr::A2 tarifit::woordsoort::ww tarifit::thema::sam"
"mařa","als","as","C1","ww","A1","functiewoorden","auto","tarifit::cefr::A1 tarifit::woordsoort::ww tarifit::thema::gram"
"maḥta n ṭṭiyara","Vliegveld","Airport","C2","ww","A2","vervoer & reizen","auto","tarifit::cefr::A2 tarifit::woordsoort::ww tarifit::thema::verv"
"maṯalan","Bijvoorbeeld","For example","B2","ww","A1","functiewoorden","auto","tarifit::cefr::A1 tarifit::woordsoort::ww tarifit::thema::gram"
"maṯrikula","Kenteken","License plate","C1","ww","B1","vervoer & reizen","auto","tarifit::cefr::B1 tarifit::woordsoort::ww tarifit::thema::verv"
"mbra","Behalve","Except","B1","ww","A2","functiewoorden","auto","tarifit::cefr::A2 tarifit::woordsoort::ww tarifit::thema::gram"
"mbɛeḏ","later, daarna","later, afterwards","B2","ww","A1","tijd","auto","tarifit::cefr::A1 tarifit::woordsoort::ww tarifit::thema::tijd"
"mceḏ","kammen","combs","B1","ww","A2","lichaam","auto","tarifit::cefr::A2 tarifit::woordsoort::ww tarifit::thema::lich"
"mecruḇat","het drankje","the drink","C1","znw","A2","eten & drinken","auto","tarifit::cefr::A2 tarifit::woordsoort::znw tarifit::thema::eten"
"mecḥař","hoeveel","how many","B2","vraagw","A1","functiewoorden","auto","tarifit::cefr::A1 tarifit::woordsoort::vraagw tarifit::thema::gram"
"mekaniko","Monteur","Mechanic","C1","ww","A2","werk & beroep & ambacht","auto","tarifit::cefr::A2 tarifit::woordsoort::ww tarifit::thema::werk"
"meskin","arme stakker (medelijden)","poor wretch (pity)","B2","ww","B2","overig","auto","tarifit::cefr::B2 tarifit::woordsoort::ww tarifit::thema::ov"
"meřmi","wanneer","when","B2","ww","A1","functiewoorden","auto","tarifit::cefr::A1 tarifit::woordsoort::ww tarifit::thema::gram"
"meɛɛec / dɛa","smeken, vervloeken","beg, curse","B1","ww","B1","taal & school & communicatie","auto","tarifit::cefr::B1 tarifit::woordsoort::ww tarifit::thema::taal"
"mikaniku","automonteur","car mechanic","C1","ww","A2","werk & beroep & ambacht","auto","tarifit::cefr::A2 tarifit::woordsoort::ww tarifit::thema::werk"
"milyun","miljoen","million","B2","ww","A2","getallen & hoeveelheid","auto","tarifit::cefr::A2 tarifit::woordsoort::ww tarifit::thema::get"
"Minzi","Want, omdat, daarom, doordat, wegens","Because, since, therefore, due to","B2","ww","A1","functiewoorden","auto","tarifit::cefr::A1 tarifit::woordsoort::ww tarifit::thema::gram"
"miriw","breed","wide","B2","ww","A1","eigenschappen & kleuren","auto","tarifit::cefr::A1 tarifit::woordsoort::ww tarifit::thema::eig"
"missa / ṭabṛa","tafel","table","C2","ww","A1","huis & huishouden","auto","tarifit::cefr::A1 tarifit::woordsoort::ww tarifit::thema::huis"
"miṯayen","tweehonderd","two hundred","C1","ww","A2","getallen & hoeveelheid","auto","tarifit::cefr::A2 tarifit::woordsoort::ww tarifit::thema::get"
"miziḏ","zoet","sweet","B2","ww","A1","eten & drinken","auto","tarifit::cefr::A1 tarifit::woordsoort::ww tarifit::thema::eten"
"mjaa","maaien","mow","B1","ww","B1","landbouw & veeteelt & visserij","auto","tarifit::cefr::B1 tarifit::woordsoort::ww tarifit::thema::land"
"mliḥ","Fijn, goed, goed gaand","Fine, good, going well","A2","voegw","A1","eigenschappen & kleuren","auto","tarifit::cefr::A1 tarifit::woordsoort::voegw tarifit::thema::eig"
"mmaani","toegevoegd worden","be added","C2","ww","B2","handelingen","auto","tarifit::cefr::B2 tarifit::woordsoort::ww tarifit::thema::doen"
"mmenz","verkocht worden","be sold","B2","ww","B2","handel & geld","auto","tarifit::cefr::B2 tarifit::woordsoort::ww tarifit::thema::hdl"
"mmenḍaa","weggegooid worden","to be thrown away","B2","ww","B2","handelingen","auto","tarifit::cefr::B2 tarifit::woordsoort::ww tarifit::thema::doen"
"mmeṯ","doodgaan, sterven","to die","B1","ww","A2","religie & leven-dood","auto","tarifit::cefr::A2 tarifit::woordsoort::ww tarifit::thema::rel"
"mmi","de zoon","the son","A1","znw","A1","familie & mensen","auto","tarifit::cefr::A1 tarifit::woordsoort::znw tarifit::thema::fam"
"mmneɣ","vechten","to fight","B2","ww","A2","samenleving & volken","auto","tarifit::cefr::A2 tarifit::woordsoort::ww tarifit::thema::sam"
"mmuaḏ","kruipen","crawl","B2","ww","A2","handelingen","auto","tarifit::cefr::A2 tarifit::woordsoort::ww tarifit::thema::doen"
"mmuḏ","de vlecht, weven of vlechten","the braid, to weave or to braid","B1","znw","B1","lichaam","auto","tarifit::cefr::B1 tarifit::woordsoort::znw tarifit::thema::lich"
"mneɛ","verbieden, vasthouden","forbid, detain","B1","ww","A2","samenleving & volken","auto","tarifit::cefr::A2 tarifit::woordsoort::ww tarifit::thema::sam"
"msaa","gebeuren","to happen","B1","ww","A1","overig","auto","tarifit::cefr::A1 tarifit::woordsoort::ww tarifit::thema::ov"
"mseneḏ","tegen elkaar leunen","lean against each other","B2","ww","B2","handelingen","auto","tarifit::cefr::B2 tarifit::woordsoort::ww tarifit::thema::doen"
"mseřqa","ontmoeten","meet","B2","ww","A1","samenleving & volken","auto","tarifit::cefr::A1 tarifit::woordsoort::ww tarifit::thema::sam"
"mseḥ / Sfaḍ","Afvegen, wissen","Wipe, wipe","B1","ww","B1","huis & huishouden","auto","tarifit::cefr::B1 tarifit::woordsoort::ww tarifit::thema::huis"
"mucc","kat","cat","B1","ww","A1","dieren","auto","tarifit::cefr::A1 tarifit::woordsoort::ww tarifit::thema::dier"
"muckil","Probleem","Problem","B2","ww","A1","overig","auto","tarifit::cefr::A1 tarifit::woordsoort::ww tarifit::thema::ov"
"muhimm","Belangrijk","Important","B2","ww","A1","eigenschappen & kleuren","auto","tarifit::cefr::A1 tarifit::woordsoort::ww tarifit::thema::eig"
"muka","uil","owl","B1","ww","A2","dieren","auto","tarifit::cefr::A2 tarifit::woordsoort::ww tarifit::thema::dier"
"mun","vergezellen","accompany","B1","ww","B2","samenleving & volken","auto","tarifit::cefr::B2 tarifit::woordsoort::ww tarifit::thema::sam"
"museyyala","cassettespeler","cassette player","C1","ww","B1","overig","auto","tarifit::cefr::B1 tarifit::woordsoort::ww tarifit::thema::ov"
"mutua","de motor","the engine","B2","znw","A2","vervoer & reizen","auto","tarifit::cefr::A2 tarifit::woordsoort::znw tarifit::thema::verv"
"muzaa","haarlok","lock of hair","B2","ww","B2","lichaam","auto","tarifit::cefr::B2 tarifit::woordsoort::ww tarifit::thema::lich"
"muziqa","muziek","music","B2","ww","A1","muziek & kunst","auto","tarifit::cefr::A1 tarifit::woordsoort::ww tarifit::thema::muz"
"muřay","bruidegom","groom","B2","ww","A2","familie & mensen","auto","tarifit::cefr::A2 tarifit::woordsoort::ww tarifit::thema::fam"
"muřebbeɛ","het vierkant","the square","C1","znw","A2","overig","auto","tarifit::cefr::A2 tarifit::woordsoort::znw tarifit::thema::ov"
"muḇila","de motorfiets","the motorcycle","B2","znw","A2","vervoer & reizen","auto","tarifit::cefr::A2 tarifit::woordsoort::znw tarifit::thema::verv"
"muḥaṛ","Onmogelijk","Impossible","B2","ww","A2","eigenschappen & kleuren","auto","tarifit::cefr::A2 tarifit::woordsoort::ww tarifit::thema::eig"
"mxeyyaa","het beste","the best","B2","znw","A1","eigenschappen & kleuren","auto","tarifit::cefr::A1 tarifit::woordsoort::znw tarifit::thema::eig"
"mya","honderd","one hundred","B2","ww","A1","getallen & hoeveelheid","auto","tarifit::cefr::A1 tarifit::woordsoort::ww tarifit::thema::get"
"myaa","oogsten, maaien","harvest, mow","B1","ww","B1","landbouw & veeteelt & visserij","auto","tarifit::cefr::B1 tarifit::woordsoort::ww tarifit::thema::land"
"mřaɣa","elkaar roepen","calling each other","C2","ww","B2","taal & school & communicatie","auto","tarifit::cefr::B2 tarifit::woordsoort::ww tarifit::thema::taal"
"mřaḏas","naderen tot elkaar","approaching each other","B2","ww","B2","handelingen","auto","tarifit::cefr::B2 tarifit::woordsoort::ww tarifit::thema::doen"
"mřec","trouwen","to marry","B1","ww","A1","familie & mensen","auto","tarifit::cefr::A1 tarifit::woordsoort::ww tarifit::thema::fam"
"mřewṯa","elkaar slaan","hitting each other","B2","ww","B2","handelingen","auto","tarifit::cefr::B2 tarifit::woordsoort::ww tarifit::thema::doen"
"Mřič","Melilla","Melilla","B1","ww","B1","plaats & richting & geografie","check","tarifit::cefr::B1 tarifit::woordsoort::ww tarifit::thema::pl"
"mɛacaṯ","Gezelschap","Company","B2","ww","B1","samenleving & volken","auto","tarifit::cefr::B1 tarifit::woordsoort::ww tarifit::thema::sam"
"mɣaa / ɣmi","groeien","To grow","B1","ww","A2","natuur & weer","auto","tarifit::cefr::A2 tarifit::woordsoort::ww tarifit::thema::nat"
"mẓaa","elkaar zien","see each other","B1","ww","B1","samenleving & volken","auto","tarifit::cefr::B1 tarifit::woordsoort::ww tarifit::thema::sam"
"n","van (bezit)","of (possession)","B1","vz","A1","functiewoorden","auto","tarifit::cefr::A1 tarifit::woordsoort::vz tarifit::thema::gram"
"ndeh / gewweḏ","leiden","to lead","B1","ww","A2","handelingen","auto","tarifit::cefr::A2 tarifit::woordsoort::ww tarifit::thema::doen"
"ndem","spijt hebben","be sorry","B1","ww","B1","gevoel & denken","auto","tarifit::cefr::B1 tarifit::woordsoort::ww tarifit::thema::gev"
"ndeř","begraven","buried","B1","ww","B1","religie & leven-dood","auto","tarifit::cefr::B1 tarifit::woordsoort::ww tarifit::thema::rel"
"ndi","vangen in een val","catch in a trap","B1","znw","B2","dieren","auto","tarifit::cefr::B2 tarifit::woordsoort::znw tarifit::thema::dier"
"ndu","springen","jump","B1","ww","A1","handelingen","auto","tarifit::cefr::A1 tarifit::woordsoort::ww tarifit::thema::doen"
"necc","ik","I","A1","ww","A1","functiewoorden","auto","tarifit::cefr::A1 tarifit::woordsoort::ww tarifit::thema::gram"
"neccin","wij","we","A1","vnw_pers","A1","functiewoorden","auto","tarifit::cefr::A1 tarifit::woordsoort::vnw_pers tarifit::thema::gram"
"Neffeḍ","Afstoffen, uitschudden","Dust, shake out","B2","ww","B1","huis & huishouden","auto","tarifit::cefr::B1 tarifit::woordsoort::ww tarifit::thema::huis"
"neffeḥ","snuiven","sniff","B2","ww","B2","lichaam","auto","tarifit::cefr::B2 tarifit::woordsoort::ww tarifit::thema::lich"
"nehřa","geen behoefte","no need","B2","ww","B2","gevoel & denken","auto","tarifit::cefr::B2 tarifit::woordsoort::ww tarifit::thema::gev"
"netta","hij","he","A1","vnw_pers","A1","functiewoorden","auto","tarifit::cefr::A1 tarifit::woordsoort::vnw_pers tarifit::thema::gram"
"nettaṯ","zij","they, she","A1","vnw_pers","A1","functiewoorden","auto","tarifit::cefr::A1 tarifit::woordsoort::vnw_pers tarifit::thema::gram"
"neɣ","doden","kill","B1","ww","A2","samenleving & volken","auto","tarifit::cefr::A2 tarifit::woordsoort::ww tarifit::thema::sam"
"nhaa","dag","day","B1","ww","A1","tijd","auto","tarifit::cefr::A1 tarifit::woordsoort::ww tarifit::thema::tijd"
"niaz","de hiel","the heel","B1","znw","B1","lichaam","auto","tarifit::cefr::B1 tarifit::woordsoort::znw tarifit::thema::lich"
"nican","juist, correct, recht, rechtdoor","right, correct, straight, straight ahead","B2","ww","A2","eigenschappen & kleuren","auto","tarifit::cefr::A2 tarifit::woordsoort::ww tarifit::thema::eig"
"niccan","Eerlijk, Precies, Rechtdoor","Honest, Precise, Straightforward","B2","ww","A2","eigenschappen & kleuren","auto","tarifit::cefr::A2 tarifit::woordsoort::ww tarifit::thema::eig"
"niɣ","of","or","C1","ww","A1","functiewoorden","auto","tarifit::cefr::A1 tarifit::woordsoort::ww tarifit::thema::gram"
"njaa","schrapen","scrape","B1","ww","B2","handelingen","auto","tarifit::cefr::B2 tarifit::woordsoort::ww tarifit::thema::doen"
"nkaa","ontkennen","to deny","B1","ww","B1","taal & school & communicatie","auto","tarifit::cefr::B1 tarifit::woordsoort::ww tarifit::thema::taal"
"nnamus","de mug","the mosquito","B2","znw","A2","dieren","auto","tarifit::cefr::A2 tarifit::woordsoort::znw tarifit::thema::dier"
"Nnaḍuṛ","Nador","Nador","B2","ww","B1","plaats & richting & geografie","check","tarifit::cefr::B1 tarifit::woordsoort::ww tarifit::thema::pl"
"nndfa","gapen","to yawn","B2","ww","B1","lichaam","auto","tarifit::cefr::B1 tarifit::woordsoort::ww tarifit::thema::lich"
"nnec / nnem","Jouw","Your","B2","vnw_bez","A1","functiewoorden","auto","tarifit::cefr::A1 tarifit::woordsoort::vnw_bez tarifit::thema::gram"
"nnewwac","plant, bloem (collectief)","plant, flower (collective)","B2","ww","A1","natuur & weer","auto","tarifit::cefr::A1 tarifit::woordsoort::ww tarifit::thema::nat"
"nneɣneɣ","stotteren","stutter","B2","ww","B1","taal & school & communicatie","auto","tarifit::cefr::B1 tarifit::woordsoort::ww tarifit::thema::taal"
"nneɣni","ander","other","C1","ww","A1","functiewoorden","auto","tarifit::cefr::A1 tarifit::woordsoort::ww tarifit::thema::gram"
"nneḍfes","gevouwen worden","be folded","B2","ww","B2","handelingen","auto","tarifit::cefr::B2 tarifit::woordsoort::ww tarifit::thema::doen"
"nnhara","vandaag","Today","B2","ww","A1","tijd","auto","tarifit::cefr::A1 tarifit::woordsoort::ww tarifit::thema::tijd"
"nni","die (post-nominale deictisch)","which (post-nominal deictic)","B2","ww","A1","functiewoorden","auto","tarifit::cefr::A1 tarifit::woordsoort::ww tarifit::thema::gram"
"nniṭ","juist die (nadrukker)","just that (emphasis)","B1","ww","B2","functiewoorden","auto","tarifit::cefr::B2 tarifit::woordsoort::ww tarifit::thema::gram"
"nnmeř / ṯikeḏfet","mier","ant","B2","znw_v_mv","A2","dieren","auto","tarifit::cefr::A2 tarifit::woordsoort::znw_v_mv tarifit::thema::dier"
"nnuaẓem","geopend worden","be opened","B2","ww","B2","handelingen","auto","tarifit::cefr::B2 tarifit::woordsoort::ww tarifit::thema::doen"
"nnum","Gewennen","Get used to it","B1","ww","B1","gevoel & denken","auto","tarifit::cefr::B1 tarifit::woordsoort::ww tarifit::thema::gev"
"nnumru","het getal","the number","B2","znw","A1","getallen & hoeveelheid","auto","tarifit::cefr::A1 tarifit::woordsoort::znw tarifit::thema::get"
"nnumṛu","Cijfer (nummer)","Digit (number)","B2","ww","A1","getallen & hoeveelheid","auto","tarifit::cefr::A1 tarifit::woordsoort::ww tarifit::thema::get"
"nnuqaaṯ","het zilver","the silver","B2","znw","A2","overig","auto","tarifit::cefr::A2 tarifit::woordsoort::znw tarifit::thema::ov"
"nnwaḏaa","Bril","Glasses","B2","ww","A1","kleding & sieraad","auto","tarifit::cefr::A1 tarifit::woordsoort::ww tarifit::thema::kled"
"nnḏa","de dauw","the dew","B1","znw","B2","natuur & weer","auto","tarifit::cefr::B2 tarifit::woordsoort::znw tarifit::thema::nat"
"nnḥas","het koper","the copper","B2","znw","B1","overig","auto","tarifit::cefr::B1 tarifit::woordsoort::znw tarifit::thema::ov"
"Nunya","Nunja (sprookjespersoon)","Nunja (fairy tale character)","B2","ww","B2","overig","check","tarifit::cefr::B2 tarifit::woordsoort::ww tarifit::thema::ov"
"nyeḏ","verpulveren","pulverize","B1","ww","B2","handelingen","auto","tarifit::cefr::B2 tarifit::woordsoort::ww tarifit::thema::doen"
"nɛem","toegeven","to give in","B1","ww","B1","taal & school & communicatie","auto","tarifit::cefr::B1 tarifit::woordsoort::ww tarifit::thema::taal"
"nɛeř","vervloeken","curse","B1","ww","B2","religie & leven-dood","auto","tarifit::cefr::B2 tarifit::woordsoort::ww tarifit::thema::rel"
"nḍar","gooien","to throw","B1","ww","A2","handelingen","auto","tarifit::cefr::A2 tarifit::woordsoort::ww tarifit::thema::doen"
"nḍeq","verklaren, beginnen te spreken","explain, begin to speak","B1","ww","B1","taal & school & communicatie","auto","tarifit::cefr::B1 tarifit::woordsoort::ww tarifit::thema::taal"
"nḏeh","Rijden","To ride","B1","ww","A1","vervoer & reizen","auto","tarifit::cefr::A1 tarifit::woordsoort::ww tarifit::thema::verv"
"parki / plaṣṣa","Plein","Square","B2","ww","A2","plaats & richting & geografie","auto","tarifit::cefr::A2 tarifit::woordsoort::ww tarifit::thema::pl"
"pasaporṯe","paspoort","passport","C1","ww","A1","vervoer & reizen","auto","tarifit::cefr::A1 tarifit::woordsoort::ww tarifit::thema::verv"
"payas","Matras","Mattress","B2","ww","A2","huis & huishouden","auto","tarifit::cefr::A2 tarifit::woordsoort::ww tarifit::thema::huis"
"paṛka","Parkeren","Parking","B2","ww","A2","vervoer & reizen","auto","tarifit::cefr::A2 tarifit::woordsoort::ww tarifit::thema::verv"
"paṭrun","baas, manager","boss, manager","B2","ww","A2","werk & beroep & ambacht","auto","tarifit::cefr::A2 tarifit::woordsoort::ww tarifit::thema::werk"
"pepino","Komkommer","Cucumber","B2","ww","A2","eten & drinken","auto","tarifit::cefr::A2 tarifit::woordsoort::ww tarifit::thema::eten"
"pijama","Pyjama","Pajamas","B2","ww","A2","kleding & sieraad","auto","tarifit::cefr::A2 tarifit::woordsoort::ww tarifit::thema::kled"
"pilun","de vislijn","the fishing line","B2","znw","B2","landbouw & veeteelt & visserij","auto","tarifit::cefr::B2 tarifit::woordsoort::znw tarifit::thema::land"
"pintaa","schilderen","to paint","B2","ww","A2","muziek & kunst","auto","tarifit::cefr::A2 tarifit::woordsoort::ww tarifit::thema::muz"
"pintura","verf","paint","B2","ww","A2","huis & huishouden","auto","tarifit::cefr::A2 tarifit::woordsoort::ww tarifit::thema::huis"
"pirikula / lfilem","film","film","B2","ww","A1","muziek & kunst","auto","tarifit::cefr::A1 tarifit::woordsoort::ww tarifit::thema::muz"
"piřmi","Rijbewijs","Driver's license","B2","ww","A2","vervoer & reizen","auto","tarifit::cefr::A2 tarifit::woordsoort::ww tarifit::thema::verv"
"plafon","Plafond","Ceiling","B2","ww","A2","huis & huishouden","auto","tarifit::cefr::A2 tarifit::woordsoort::ww tarifit::thema::huis"
"plastik","het plastic","the plastic","B2","znw","A2","overig","auto","tarifit::cefr::A2 tarifit::woordsoort::znw tarifit::thema::ov"
"puerṯo / řmuyyi","haven","harbour","B2","ww","A2","vervoer & reizen","auto","tarifit::cefr::A2 tarifit::woordsoort::ww tarifit::thema::verv"
"pulisiya","politie","Police","C1","ww","A1","samenleving & volken","auto","tarifit::cefr::A1 tarifit::woordsoort::ww tarifit::thema::sam"
"puřki / minzi / laxataa","omdat","because","C1","ww","A1","functiewoorden","auto","tarifit::cefr::A1 tarifit::woordsoort::ww tarifit::thema::gram"
"qa","huidige relevantie partikel","current relevance particle","B1","ww","B2","functiewoorden","auto","tarifit::cefr::B2 tarifit::woordsoort::ww tarifit::thema::gram"
"qaddef","roeien","rowing","B2","ww","B1","vervoer & reizen","auto","tarifit::cefr::B1 tarifit::woordsoort::ww tarifit::thema::verv"
"qama","bed","bed","C1","ww","A1","huis & huishouden","auto","tarifit::cefr::A1 tarifit::woordsoort::ww tarifit::thema::huis"
"qandaw","de grendel","the latch","B2","znw","B2","huis & huishouden","auto","tarifit::cefr::B2 tarifit::woordsoort::znw tarifit::thema::huis"
"qarrem","mank","limp","B2","ww","B2","gezondheid","auto","tarifit::cefr::B2 tarifit::woordsoort::ww tarifit::thema::gez"
"qawieṯ","Pinda","Peanut","B2","ww","A2","eten & drinken","auto","tarifit::cefr::A2 tarifit::woordsoort::ww tarifit::thema::eten"
"qaɛ","Absoluut, totaal, geheel","Absolutely, totally, completely","C1","ww","B1","functiewoorden","auto","tarifit::cefr::B1 tarifit::woordsoort::ww tarifit::thema::gram"
"qaṛṛeb","naderen, dichterbij komen","to approach, to come closer","B2","ww","B1","handelingen","auto","tarifit::cefr::B1 tarifit::woordsoort::ww tarifit::thema::doen"
"qbeř","accepteren","accept","C1","vz","A2","gevoel & denken","auto","tarifit::cefr::A2 tarifit::woordsoort::vz tarifit::thema::gev"
"qbeṛ","Ontvangen","Received","B1","ww","A2","handelingen","auto","tarifit::cefr::A2 tarifit::woordsoort::ww tarifit::thema::doen"
"qeccaa","schillen","peel","B2","ww","B1","eten & drinken","auto","tarifit::cefr::B1 tarifit::woordsoort::ww tarifit::thema::eten"
"qedda","zo'n hoeveelheid","such an amount","B2","ww","B2","getallen & hoeveelheid","auto","tarifit::cefr::B2 tarifit::woordsoort::ww tarifit::thema::get"
"qeddes","heilig","holy","B2","ww","B1","religie & leven-dood","auto","tarifit::cefr::B1 tarifit::woordsoort::ww tarifit::thema::rel"
"qedjeq","haasten","rush","B2","ww","A2","handelingen","auto","tarifit::cefr::A2 tarifit::woordsoort::ww tarifit::thema::doen"
"qejḍeḥ","hinken","limping","B2","ww","B2","lichaam","auto","tarifit::cefr::B2 tarifit::woordsoort::ww tarifit::thema::lich"
"qer","Minder","Fewer","B1","ww","A1","getallen & hoeveelheid","auto","tarifit::cefr::A1 tarifit::woordsoort::ww tarifit::thema::get"
"qqes","omhakken","cut down","B1","ww","B2","handelingen","auto","tarifit::cefr::B2 tarifit::woordsoort::ww tarifit::thema::doen"
"qqim","blijven, zitten","to stay, to sit","A2","ww","A1","handelingen","auto","tarifit::cefr::A1 tarifit::woordsoort::ww tarifit::thema::doen"
"qubbu","gewaad, ǧellaba","robe, ǧellaba","B2","ww","B2","kleding & sieraad","auto","tarifit::cefr::B2 tarifit::woordsoort::ww tarifit::thema::kled"
"qundɛa","Spin","Spider","B2","ww","A2","dieren","auto","tarifit::cefr::A2 tarifit::woordsoort::ww tarifit::thema::dier"
"qučiya","het scheermesje","the razor blade","B2","znw","B1","lichaam","auto","tarifit::cefr::B1 tarifit::woordsoort::znw tarifit::thema::lich"
"qřa","frituren in olie","frying in oil","B1","ww","B2","eten & drinken","auto","tarifit::cefr::B2 tarifit::woordsoort::ww tarifit::thema::eten"
"qḇeř (i)","voor (in tijd)","before (in time)","C1","ww","A1","functiewoorden","auto","tarifit::cefr::A1 tarifit::woordsoort::ww tarifit::thema::gram"
"qḍa","afgemaakt zijn (eten), dun worden","to be finished (to eat), to become thin","B1","ww","B1","handelingen","auto","tarifit::cefr::B1 tarifit::woordsoort::ww tarifit::thema::doen"
"Qḍew","Afbreken (draad)","Break off (thread)","B1","ww","B1","handelingen","auto","tarifit::cefr::B1 tarifit::woordsoort::ww tarifit::thema::doen"
"qḏes","Knippen","To cut","B1","ww","A2","handelingen","auto","tarifit::cefr::A2 tarifit::woordsoort::ww tarifit::thema::doen"
"qḏeɛ","puntig, scherp","pointed, sharp","B1","ww","B1","eigenschappen & kleuren","auto","tarifit::cefr::B1 tarifit::woordsoort::ww tarifit::thema::eig"
"qṛeb/nneḍ","draaien","turn","C2","ww","A2","handelingen","auto","tarifit::cefr::A2 tarifit::woordsoort::ww tarifit::thema::doen"
"ra... ra","noch... noch","neither... nor","C1","ww","B1","functiewoorden","auto","tarifit::cefr::B1 tarifit::woordsoort::ww tarifit::thema::gram"
"raja","wachten","to wait","B1","ww","A1","handelingen","auto","tarifit::cefr::A1 tarifit::woordsoort::ww tarifit::thema::doen"
"rebreq","Bliksem","Lightning","B2","ww","A2","natuur & weer","auto","tarifit::cefr::A2 tarifit::woordsoort::ww tarifit::thema::nat"
"remraḥ / ame","zout","salt","B2","znw_m_ev","A1","eten & drinken","auto","tarifit::cefr::A1 tarifit::woordsoort::znw_m_ev tarifit::thema::eten"
"rented/uřa","ook","also","B2","ww","A1","functiewoorden","auto","tarifit::cefr::A1 tarifit::woordsoort::ww tarifit::thema::gram"
"rexras / swa","Kosten, inkomen","Costs, income","B1","ww","A1","handel & geld","auto","tarifit::cefr::A1 tarifit::woordsoort::ww tarifit::thema::hdl"
"rizirvi","Reserveren","To book","B2","ww","A2","handel & geld","auto","tarifit::cefr::A2 tarifit::woordsoort::ww tarifit::thema::hdl"
"rkabus","Pistool","Pistol","B2","ww","A2","samenleving & volken","auto","tarifit::cefr::A2 tarifit::woordsoort::ww tarifit::thema::sam"
"rqaḏ","de aap","the monkey","B1","znw","A2","dieren","auto","tarifit::cefr::A2 tarifit::woordsoort::znw tarifit::thema::dier"
"ru","huilen","to cry","A1","ww","A1","gevoel & denken","auto","tarifit::cefr::A1 tarifit::woordsoort::ww tarifit::thema::gev"
"rucc","spatten","splashing","B1","ww","B1","handelingen","auto","tarifit::cefr::B1 tarifit::woordsoort::ww tarifit::thema::doen"
"ruḥ","gaan","to go","B1","ww","A1","handelingen","auto","tarifit::cefr::A1 tarifit::woordsoort::ww tarifit::thema::doen"
"rḥarara","extreme hitte","extreme heat","C1","znw","B2","natuur & weer","auto","tarifit::cefr::B2 tarifit::woordsoort::znw tarifit::thema::nat"
"s ṯnayn","Beide","Both","B2","ww","A2","functiewoorden","auto","tarifit::cefr::A2 tarifit::woordsoort::ww tarifit::thema::gram"
"safeṛ","Reizen","To travel","B2","ww","A1","vervoer & reizen","auto","tarifit::cefr::A1 tarifit::woordsoort::ww tarifit::thema::verv"
"saqer","Herkennen","Recognize","B2","ww","A2","gevoel & denken","auto","tarifit::cefr::A2 tarifit::woordsoort::ww tarifit::thema::gev"
"sarreḥ","uitrekken","stretch","B2","ww","B1","handelingen","auto","tarifit::cefr::B1 tarifit::woordsoort::ww tarifit::thema::doen"
"sarrḇa","redden","to rescue","B2","ww","A2","handelingen","auto","tarifit::cefr::A2 tarifit::woordsoort::ww tarifit::thema::doen"
"sawem","handelen of ruilen","trade or exchange","B2","ww","B1","handel & geld","auto","tarifit::cefr::B1 tarifit::woordsoort::ww tarifit::thema::hdl"
"saṛs","Leggen","Lay","B1","ww","A1","handelingen","auto","tarifit::cefr::A1 tarifit::woordsoort::ww tarifit::thema::doen"
"Sbeyyen","Aantonen","Demonstrate","B2","ww","B1","taal & school & communicatie","auto","tarifit::cefr::B1 tarifit::woordsoort::ww tarifit::thema::taal"
"scaa","dronken","drunk","B1","ww","A2","eten & drinken","auto","tarifit::cefr::A2 tarifit::woordsoort::ww tarifit::thema::eten"
"sebɛeṭac","zeventien","seventeen","C1","ww","A1","getallen & hoeveelheid","auto","tarifit::cefr::A1 tarifit::woordsoort::ww tarifit::thema::get"
"sebɛin","zeventig","seventy","B2","ww","A1","getallen & hoeveelheid","auto","tarifit::cefr::A1 tarifit::woordsoort::ww tarifit::thema::get"
"sedjem","Begroeten","Greet","B2","ww","A2","taal & school & communicatie","auto","tarifit::cefr::A2 tarifit::woordsoort::ww tarifit::thema::taal"
"seffaa","fluiten","flutes","B2","ww","A2","muziek & kunst","auto","tarifit::cefr::A2 tarifit::woordsoort::ww tarifit::thema::muz"
"sejjel","opnemen","to withdraw","B2","ww","A2","handelingen","auto","tarifit::cefr::A2 tarifit::woordsoort::ww tarifit::thema::doen"
"seksu","Couscous","Couscous","C2","ww","A2","eten & drinken","auto","tarifit::cefr::A2 tarifit::woordsoort::ww tarifit::thema::eten"
"sellem","toestaan","allow","B2","ww","A2","samenleving & volken","auto","tarifit::cefr::A2 tarifit::woordsoort::ww tarifit::thema::sam"
"semma","bellen","to call","B2","ww","A1","taal & school & communicatie","auto","tarifit::cefr::A1 tarifit::woordsoort::ww tarifit::thema::taal"
"sennej","Hierboven","Above","B2","ww","A2","plaats & richting & geografie","auto","tarifit::cefr::A2 tarifit::woordsoort::ww tarifit::thema::pl"
"senneɛ","vormen","to form","B2","ww","A2","handelingen","auto","tarifit::cefr::A2 tarifit::woordsoort::ww tarifit::thema::doen"
"setta","zes","six","A1","telw","A1","getallen & hoeveelheid","auto","tarifit::cefr::A1 tarifit::woordsoort::telw tarifit::thema::get"
"settin","zestig","sixty","B2","ww","A1","getallen & hoeveelheid","auto","tarifit::cefr::A1 tarifit::woordsoort::ww tarifit::thema::get"
"sewyeḏ","Bereiden","Prepare","B2","ww","A2","eten & drinken","auto","tarifit::cefr::A2 tarifit::woordsoort::ww tarifit::thema::eten"
"seř","horen","to belong","B1","ww","A1","lichaam","auto","tarifit::cefr::A1 tarifit::woordsoort::ww tarifit::thema::lich"
"seɣ","Kopen","Buy","B1","ww","A1","handel & geld","auto","tarifit::cefr::A1 tarifit::woordsoort::ww tarifit::thema::hdl"
"seḇɛa","zeven","seven","B2","ww","A1","getallen & hoeveelheid","auto","tarifit::cefr::A1 tarifit::woordsoort::ww tarifit::thema::get"
"seḥḥ","gezond","healthy","B1","ww","A1","gezondheid","auto","tarifit::cefr::A1 tarifit::woordsoort::ww tarifit::thema::gez"
"simana","Week","Week","B2","ww","A1","tijd","auto","tarifit::cefr::A1 tarifit::woordsoort::ww tarifit::thema::tijd"
"sinima","Bioscoop","Cinema","B2","ww","A1","muziek & kunst","auto","tarifit::cefr::A1 tarifit::woordsoort::ww tarifit::thema::muz"
"sinta","tape","tape","B2","ww","A2","gereedschap & materiaal","auto","tarifit::cefr::A2 tarifit::woordsoort::ww tarifit::thema::ger"
"sirkulasyun","verkeer","traffic","C2","ww","A2","vervoer & reizen","auto","tarifit::cefr::A2 tarifit::woordsoort::ww tarifit::thema::verv"
"Siyaq","Schoonmaken","Cleaning","B2","ww","A1","huis & huishouden","auto","tarifit::cefr::A1 tarifit::woordsoort::ww tarifit::thema::huis"
"sizeɣ","Afdrogen","Dry","B2","ww","A2","huis & huishouden","auto","tarifit::cefr::A2 tarifit::woordsoort::ww tarifit::thema::huis"
"siɣi","doorgaan, voortzetten","continue, continue","B1","ww","A2","handelingen","auto","tarifit::cefr::A2 tarifit::woordsoort::ww tarifit::thema::doen"
"siḏi","de heer, meester, majesteit","the lord, master, majesty","B1","znw","A2","samenleving & volken","auto","tarifit::cefr::A2 tarifit::woordsoort::znw tarifit::thema::sam"
"smeḥ / ɛfu","Overgeven","Yield","B1","ww","B1","gezondheid","auto","tarifit::cefr::B1 tarifit::woordsoort::ww tarifit::thema::gez"
"smun","samenbrengen, verzamelen","to bring together, to collect","B1","ww","B1","handelingen","auto","tarifit::cefr::B1 tarifit::woordsoort::ww tarifit::thema::doen"
"smutti","bewegen","move","B2","ww","A2","handelingen","auto","tarifit::cefr::A2 tarifit::woordsoort::ww tarifit::thema::doen"
"spitaa","ziekenhuis","hospital","B2","ww","A1","gezondheid","auto","tarifit::cefr::A1 tarifit::woordsoort::ww tarifit::thema::gez"
"sqaṛṛeb","naderbij brengen, verplaatsen","to approach, to move","B2","ww","B2","handelingen","auto","tarifit::cefr::B2 tarifit::woordsoort::ww tarifit::thema::doen"
"sraqezzit","de kakkerlak","the cockroach","C1","znw","B1","dieren","auto","tarifit::cefr::B1 tarifit::woordsoort::znw tarifit::thema::dier"
"ssa","vanaf hier","from here","B1","ww","B1","plaats & richting & geografie","auto","tarifit::cefr::B1 tarifit::woordsoort::ww tarifit::thema::pl"
"ssaaf / nneɛnaɛ","Munt (geld)","Coin (money)","B2","ww","A2","handel & geld","check","tarifit::cefr::A2 tarifit::woordsoort::ww tarifit::thema::hdl"
"ssaas","neerleggen, zetten","put down, put down","B2","ww","B1","handelingen","auto","tarifit::cefr::B1 tarifit::woordsoort::ww tarifit::thema::doen"
"ssaaweṯ","dorsen","threshing","B2","ww","B2","landbouw & veeteelt & visserij","auto","tarifit::cefr::B2 tarifit::woordsoort::ww tarifit::thema::land"
"ssalam","Hallo, de vrede","Hello, peace","B2","znw","A1","taal & school & communicatie","auto","tarifit::cefr::A1 tarifit::woordsoort::znw tarifit::thema::taal"
"ssaḇun","Zeep","Soap","B2","ww","A1","huis & huishouden","auto","tarifit::cefr::A1 tarifit::woordsoort::ww tarifit::thema::huis"
"sscen / sseḏḥaa","tonen, laten zien","show, show","B2","ww","A2","handelingen","auto","tarifit::cefr::A2 tarifit::woordsoort::ww tarifit::thema::doen"
"ssecc","voeren, te eten geven","to feed, to give food","C2","ww","B1","landbouw & veeteelt & visserij","auto","tarifit::cefr::B1 tarifit::woordsoort::ww tarifit::thema::land"
"ssefhem","uitleggen, doen begrijpen","explain, make you understand","B2","ww","A2","taal & school & communicatie","auto","tarifit::cefr::A2 tarifit::woordsoort::ww tarifit::thema::taal"
"ssefsi","smelten, ontvouwen","melting, unfolding","B2","ww","B1","natuur & weer","auto","tarifit::cefr::B1 tarifit::woordsoort::ww tarifit::thema::nat"
"ssefṯ","zaterdag","Saturday","B2","ww","A1","tijd","auto","tarifit::cefr::A1 tarifit::woordsoort::ww tarifit::thema::tijd"
"ssehma","warm maken","to heat up","B2","ww","B1","handelingen","auto","tarifit::cefr::B1 tarifit::woordsoort::ww tarifit::thema::doen"
"ssehnunneḍ","wikkelen","to wrap","C1","ww","B1","handelingen","auto","tarifit::cefr::B1 tarifit::woordsoort::ww tarifit::thema::doen"
"ssejjaaṯ","boom (collectief)","tree (collective)","C1","ww","A1","natuur & weer","auto","tarifit::cefr::A1 tarifit::woordsoort::ww tarifit::thema::nat"
"ssekk","sturen","to steer","B2","ww","A1","handelingen","auto","tarifit::cefr::A1 tarifit::woordsoort::ww tarifit::thema::doen"
"ssekkaa","wakker maken, doen opstaan","to wake up, to make stand up","B2","ww","A2","handelingen","auto","tarifit::cefr::A2 tarifit::woordsoort::ww tarifit::thema::doen"
"ssekwila / madrase","school","school","B2","ww","A1","taal & school & communicatie","auto","tarifit::cefr::A1 tarifit::woordsoort::ww tarifit::thema::taal"
"ssemm","Gif","Poison","B2","ww","B1","gezondheid","auto","tarifit::cefr::B1 tarifit::woordsoort::ww tarifit::thema::gez"
"ssemneɣ","doen vechten","make fight","C2","ww","B2","handelingen","auto","tarifit::cefr::B2 tarifit::woordsoort::ww tarifit::thema::doen"
"ssen","weten","to know","B1","ww","A1","gevoel & denken","auto","tarifit::cefr::A1 tarifit::woordsoort::ww tarifit::thema::gev"
"ssenjem","voorkomen","to prevent","B2","ww","A2","overig","auto","tarifit::cefr::A2 tarifit::woordsoort::ww tarifit::thema::ov"
"ssens","iemand laten overnachten","let someone stay overnight","B2","ww","B2","handelingen","auto","tarifit::cefr::B2 tarifit::woordsoort::ww tarifit::thema::doen"
"ssensřeṯ / tisersetc","ketting, de ruggengraat","chain, the spine","C1","znw","A2","kleding & sieraad","auto","tarifit::cefr::A2 tarifit::woordsoort::znw tarifit::thema::kled"
"ssenta","starten, beginnen","start, start","B2","ww","A2","handelingen","auto","tarifit::cefr::A2 tarifit::woordsoort::ww tarifit::thema::doen"
"sseqnunni","rollen","roll","C1","ww","A2","handelingen","auto","tarifit::cefr::A2 tarifit::woordsoort::ww tarifit::thema::doen"
"sseqsa","vragen","to ask","B2","ww","A1","taal & school & communicatie","auto","tarifit::cefr::A1 tarifit::woordsoort::ww tarifit::thema::taal"
"ssewyeḏ","voorbereiden","to prepare","B2","ww","A2","handelingen","auto","tarifit::cefr::A2 tarifit::woordsoort::ww tarifit::thema::doen"
"ssexsi","blussen, doven, uitzetten","extinguish, extinguish, turn off","B2","ww","B1","handelingen","auto","tarifit::cefr::B1 tarifit::woordsoort::ww tarifit::thema::doen"
"ssexṣaa","bederven","spoil","B2","ww","B1","eten & drinken","auto","tarifit::cefr::B1 tarifit::woordsoort::ww tarifit::thema::eten"
"sseŋw / ṯaaṯaa","koken","to cook","B2","ww","A1","eten & drinken","auto","tarifit::cefr::A1 tarifit::woordsoort::ww tarifit::thema::eten"
"sseǧum","ladder","ladder","B2","ww","A2","gereedschap & materiaal","auto","tarifit::cefr::A2 tarifit::woordsoort::ww tarifit::thema::ger"
"sseɛḏ","geluk","happiness","B2","ww","A2","gevoel & denken","auto","tarifit::cefr::A2 tarifit::woordsoort::ww tarifit::thema::gev"
"sseɣmi","verbouwen","renovate","B2","ww","B1","landbouw & veeteelt & visserij","auto","tarifit::cefr::B1 tarifit::woordsoort::ww tarifit::thema::land"
"sseɣři","slikken","swallow","B2","ww","A2","lichaam","auto","tarifit::cefr::A2 tarifit::woordsoort::ww tarifit::thema::lich"
"sseḇsi","de pijp","the pipe","B2","znw","B1","overig","auto","tarifit::cefr::B1 tarifit::woordsoort::znw tarifit::thema::ov"
"sseḏha","schamen","ashamed","B2","ww","A2","gevoel & denken","auto","tarifit::cefr::A2 tarifit::woordsoort::ww tarifit::thema::gev"
"sseḥḥ","waarheid","truth","B2","ww","A2","overig","auto","tarifit::cefr::A2 tarifit::woordsoort::ww tarifit::thema::ov"
"ssfaaɣ / aḏaṛ","buigen","bend","B1","ww","A2","handelingen","auto","tarifit::cefr::A2 tarifit::woordsoort::ww tarifit::thema::doen"
"ssiaḏ / sird","wassen, kleden","to wash, to dress someone","B2","ww","A1","huis & huishouden","auto","tarifit::cefr::A1 tarifit::woordsoort::ww tarifit::thema::huis"
"ssibba / sabab","Reden","Rode","B2","ww","A2","overig","auto","tarifit::cefr::A2 tarifit::woordsoort::ww tarifit::thema::ov"
"ssidef","binnenlaten, naar binnen brengen","to let in, to bring in","C2","ww","B1","handelingen","auto","tarifit::cefr::B1 tarifit::woordsoort::ww tarifit::thema::doen"
"ssiheř","moe maken","make you tired","C2","ww","B2","handelingen","auto","tarifit::cefr::B2 tarifit::woordsoort::ww tarifit::thema::doen"
"ssiweř","praten, spreken","talk, speak","B2","ww","A1","taal & school & communicatie","auto","tarifit::cefr::A1 tarifit::woordsoort::ww tarifit::thema::taal"
"ssiweḏ","iets brengen, doen aankomen","to bring something, to make something arrive","B2","ww","A1","handelingen","auto","tarifit::cefr::A1 tarifit::woordsoort::ww tarifit::thema::doen"
"ssiyy","gluren, kijken","peeking, watching","B2","ww","B2","handelingen","auto","tarifit::cefr::B2 tarifit::woordsoort::ww tarifit::thema::doen"
"ssizzeř","doen rennen","make you run","C2","ww","B2","handelingen","auto","tarifit::cefr::B2 tarifit::woordsoort::ww tarifit::thema::doen"
"ssiɣ / ceɛ","aansteken","light","B1","ww","B1","handelingen","auto","tarifit::cefr::B1 tarifit::woordsoort::ww tarifit::thema::doen"
"ssmun","samenvoegen","to combine","B2","ww","B1","handelingen","auto","tarifit::cefr::B1 tarifit::woordsoort::ww tarifit::thema::doen"
"ssnuffaa","verstoppen","hide","C1","ww","A2","handelingen","auto","tarifit::cefr::A2 tarifit::woordsoort::ww tarifit::thema::doen"
"ssqaa","stil zijn","be quiet","B2","ww","A2","eigenschappen & kleuren","auto","tarifit::cefr::A2 tarifit::woordsoort::ww tarifit::thema::eig"
"ssqaqeb","Kloppen","To beat","B2","ww","A2","handelingen","auto","tarifit::cefr::A2 tarifit::woordsoort::ww tarifit::thema::doen"
"ssru","doen huilen","make you cry","B1","ww","B2","handelingen","auto","tarifit::cefr::B2 tarifit::woordsoort::ww tarifit::thema::doen"
"ssu","uitspreiden","spread out","B1","ww","B2","handelingen","auto","tarifit::cefr::B2 tarifit::woordsoort::ww tarifit::thema::doen"
"ssuq","markt","market","C2","ww","A1","handel & geld","auto","tarifit::cefr::A1 tarifit::woordsoort::ww tarifit::thema::hdl"
"ssusef","spugen","spit","B2","ww","B1","lichaam","auto","tarifit::cefr::B1 tarifit::woordsoort::ww tarifit::thema::lich"
"ssuḏ","blazen","blow","B1","ww","A2","handelingen","auto","tarifit::cefr::A2 tarifit::woordsoort::ww tarifit::thema::doen"
"ssuṭaa","eisen, vragen","demands, questions","B2","ww","B1","samenleving & volken","auto","tarifit::cefr::B1 tarifit::woordsoort::ww tarifit::thema::sam"
"ssxarreq","liegen","lie","C1","ww","A2","taal & school & communicatie","auto","tarifit::cefr::A2 tarifit::woordsoort::ww tarifit::thema::taal"
"ssyiwen","vol maken","to fill","B2","ww","B1","handelingen","auto","tarifit::cefr::B1 tarifit::woordsoort::ww tarifit::thema::doen"
"ssɣaa / ɛellem","onderwijzen","teach","B2","ww","B1","taal & school & communicatie","auto","tarifit::cefr::B1 tarifit::woordsoort::ww tarifit::thema::taal"
"ssɣuyy","gillen","scream","B2","ww","B1","taal & school & communicatie","auto","tarifit::cefr::B1 tarifit::woordsoort::ww tarifit::thema::taal"
"ssɣuyy / jeɛjeɛ","schreeuwen","shout","B2","ww","A2","taal & school & communicatie","auto","tarifit::cefr::A2 tarifit::woordsoort::ww tarifit::thema::taal"
"ssḇedd","ophouden","to hold up","B2","ww","A2","handelingen","auto","tarifit::cefr::A2 tarifit::woordsoort::ww tarifit::thema::doen"
"ssḇeḥ","Ochtend","Morning","B2","ww","A1","tijd","auto","tarifit::cefr::A1 tarifit::woordsoort::ww tarifit::thema::tijd"
"ssḥaaq / sscmeḏ","branden","burn","B2","ww","A2","natuur & weer","auto","tarifit::cefr::A2 tarifit::woordsoort::ww tarifit::thema::nat"
"ssḥess","luisteren","listen","B2","ww","A1","lichaam","auto","tarifit::cefr::A1 tarifit::woordsoort::ww tarifit::thema::lich"
"ssḥua","de magie","the magic","B2","znw","B1","religie & leven-dood","auto","tarifit::cefr::B1 tarifit::woordsoort::znw tarifit::thema::rel"
"stilu","pen","pen","B2","ww","A1","taal & school & communicatie","auto","tarifit::cefr::A1 tarifit::woordsoort::ww tarifit::thema::taal"
"stumaɣu","Maag","Stomach","B2","ww","A2","lichaam","auto","tarifit::cefr::A2 tarifit::woordsoort::ww tarifit::thema::lich"
"su","drinken","drinks","B1","ww","A1","eten & drinken","auto","tarifit::cefr::A1 tarifit::woordsoort::ww tarifit::thema::eten"
"suddem","zoenen","to kiss","B2","ww","A2","gevoel & denken","auto","tarifit::cefr::A2 tarifit::woordsoort::ww tarifit::thema::gev"
"supa","soep","soup","B1","ww","A1","eten & drinken","auto","tarifit::cefr::A1 tarifit::woordsoort::ww tarifit::thema::eten"
"suqwaḥ","Suiker","Sugar","B2","ww","A1","eten & drinken","auto","tarifit::cefr::A1 tarifit::woordsoort::ww tarifit::thema::eten"
"susef","spuwen","spit","B2","ww","B1","lichaam","auto","tarifit::cefr::B1 tarifit::woordsoort::ww tarifit::thema::lich"
"susiṯ","de worst","the sausage","B2","znw","A2","eten & drinken","auto","tarifit::cefr::A2 tarifit::woordsoort::znw tarifit::thema::eten"
"swaday","Hieronder","Below","B2","ww","A2","plaats & richting & geografie","auto","tarifit::cefr::A2 tarifit::woordsoort::ww tarifit::thema::pl"
"swadday","naar beneden, omlaag","down","B2","ww","A2","plaats & richting & geografie","auto","tarifit::cefr::A2 tarifit::woordsoort::ww tarifit::thema::pl"
"sxef","flauwvallen","fainting","B1","ww","B1","gezondheid","auto","tarifit::cefr::B1 tarifit::woordsoort::ww tarifit::thema::gez"
"syaḏ ṛeqcuɛ","(de spullen) afwassen","wash (the things).","C2","znw","A2","huis & huishouden","auto","tarifit::cefr::A2 tarifit::woordsoort::znw tarifit::thema::huis"
"sřeḥ","verzoenen, beter maken","to reconcile, to make better","B1","ww","B2","samenleving & volken","auto","tarifit::cefr::B2 tarifit::woordsoort::ww tarifit::thema::sam"
"sřuddi","kwijlen","drool","B2","ww","B2","lichaam","auto","tarifit::cefr::B2 tarifit::woordsoort::ww tarifit::thema::lich"
"sḏeɛ","Irriteren","Annoy","B1","ww","B1","gevoel & denken","auto","tarifit::cefr::B1 tarifit::woordsoort::ww tarifit::thema::gev"
"Tadsa","grapje / lachen","Joking, laughing","B2","ww","A2","gevoel & denken","auto","tarifit::cefr::A2 tarifit::woordsoort::ww tarifit::thema::gev"
"tajjač","de weduwe","the widow","B2","znw","B1","familie & mensen","auto","tarifit::cefr::B1 tarifit::woordsoort::znw tarifit::thema::fam"
"Takniyet","Achternaam","Surname","C1","ww","A2","taal & school & communicatie","auto","tarifit::cefr::A2 tarifit::woordsoort::ww tarifit::thema::taal"
"tambaa","de postzegel","the postage stamp","B2","znw","A2","taal & school & communicatie","auto","tarifit::cefr::A2 tarifit::woordsoort::znw tarifit::thema::taal"
"tejjaa","rijk","rich","B2","ww","A1","eigenschappen & kleuren","auto","tarifit::cefr::A1 tarifit::woordsoort::ww tarifit::thema::eig"
"trisinti","Elektriciteit","Electricity","C1","ww","A2","huis & huishouden","auto","tarifit::cefr::A2 tarifit::woordsoort::ww tarifit::thema::huis"
"tsɛa","negen","nine","B1","ww","A1","getallen & hoeveelheid","auto","tarifit::cefr::A1 tarifit::woordsoort::ww tarifit::thema::get"
"ttaa","verzoeken","requests","B1","ww","B1","taal & school & communicatie","auto","tarifit::cefr::B1 tarifit::woordsoort::ww tarifit::thema::taal"
"ttaaf (i) / zzaṭ","naast","next to","B1","ww","A1","plaats & richting & geografie","auto","tarifit::cefr::A1 tarifit::woordsoort::ww tarifit::thema::pl"
"ttaas","schuldig zijn","be guilty","B2","ww","B1","samenleving & volken","auto","tarifit::cefr::B1 tarifit::woordsoort::ww tarifit::thema::sam"
"ttaman","Prijs","Price","B2","ww","A1","handel & geld","auto","tarifit::cefr::A1 tarifit::woordsoort::ww tarifit::thema::hdl"
"ttariqa","de manier","the way","B2","znw","A1","overig","auto","tarifit::cefr::A1 tarifit::woordsoort::znw tarifit::thema::ov"
"ttaḇa","het tabak","the tobacco","B2","znw","B1","gezondheid","auto","tarifit::cefr::B1 tarifit::woordsoort::znw tarifit::thema::gez"
"ttaḇec","de blauwe plek","the bruise","B2","znw","B1","gezondheid","auto","tarifit::cefr::B1 tarifit::woordsoort::znw tarifit::thema::gez"
"ttaḇeɛ","het litteken","the scar","B2","znw","B1","gezondheid","auto","tarifit::cefr::B1 tarifit::woordsoort::znw tarifit::thema::gez"
"ttef","grijpen, vangen, krijgen","grab, catch, get","B1","ww","A2","handelingen","auto","tarifit::cefr::A2 tarifit::woordsoort::ww tarifit::thema::doen"
"ttes","slapen","to sleep","B1","ww","A1","lichaam","auto","tarifit::cefr::A1 tarifit::woordsoort::ww tarifit::thema::lich"
"tteḇheṯ","verrast of verbaasd","surprised or amazed","B2","ww","B1","gevoel & denken","auto","tarifit::cefr::B1 tarifit::woordsoort::ww tarifit::thema::gev"
"tteḇsi","Bord","Board","B2","ww","A1","eten & drinken","auto","tarifit::cefr::A1 tarifit::woordsoort::ww tarifit::thema::eten"
"ttfuḥ","ruiken, geurig","to smell, fragrant","B2","ww","A2","lichaam","auto","tarifit::cefr::A2 tarifit::woordsoort::ww tarifit::thema::lich"
"ttilifun","de telefoon","the phone","C1","znw","A1","overig","auto","tarifit::cefr::A1 tarifit::woordsoort::znw tarifit::thema::ov"
"ttiliḇizyun","Televisie","Television","C2","ww","A1","overig","auto","tarifit::cefr::A1 tarifit::woordsoort::ww tarifit::thema::ov"
"ttimsaḥ","het krokodil","the crocodile","B2","znw","A2","dieren","auto","tarifit::cefr::A2 tarifit::woordsoort::znw tarifit::thema::dier"
"ttmenyaṯ","geld","money","C1","ww","A1","handel & geld","auto","tarifit::cefr::A1 tarifit::woordsoort::ww tarifit::thema::hdl"
"ttqacia","de sok of kous","the sock or stocking","B2","znw","A2","kleding & sieraad","auto","tarifit::cefr::A2 tarifit::woordsoort::znw tarifit::thema::kled"
"ttrankiř","stil","quiet","C1","ww","A1","eigenschappen & kleuren","auto","tarifit::cefr::A1 tarifit::woordsoort::ww tarifit::thema::eig"
"ttu","vergeten","forget","B1","ww","A1","gevoel & denken","auto","tarifit::cefr::A1 tarifit::woordsoort::ww tarifit::thema::gev"
"ttumubin","car","car","C1","ww","A2","vervoer & reizen","check","tarifit::cefr::A2 tarifit::woordsoort::ww tarifit::thema::verv"
"ttuḇis","Bus","Bus","B2","ww","A1","vervoer & reizen","auto","tarifit::cefr::A1 tarifit::woordsoort::ww tarifit::thema::verv"
"ttřam","duisternis","darkness","B2","ww","B1","natuur & weer","auto","tarifit::cefr::B1 tarifit::woordsoort::ww tarifit::thema::nat"
"ttřaṯa","dinsdag","Tuesday","B2","ww","A1","tijd","auto","tarifit::cefr::A1 tarifit::woordsoort::ww tarifit::thema::tijd"
"tub","berouw hebben","to repent","B1","ww","B2","religie & leven-dood","auto","tarifit::cefr::B2 tarifit::woordsoort::ww tarifit::thema::rel"
"tuddinṯ","druppel","drop","B2","ww","A2","natuur & weer","auto","tarifit::cefr::A2 tarifit::woordsoort::ww tarifit::thema::nat"
"tumaṭic","Tomaat","Tomato","B2","ww","A1","eten & drinken","auto","tarifit::cefr::A1 tarifit::woordsoort::ww tarifit::thema::eten"
"turnifis","de schroevendraaier","the screwdriver","C1","znw","B1","gereedschap & materiaal","auto","tarifit::cefr::B1 tarifit::woordsoort::znw tarifit::thema::ger"
"tuɣa","verleden-partikel","past-particle","B1","ww","B2","functiewoorden","auto","tarifit::cefr::B2 tarifit::woordsoort::ww tarifit::thema::gram"
"tɣiř","nadenken","think it over","B1","ww","A2","gevoel & denken","auto","tarifit::cefr::A2 tarifit::woordsoort::ww tarifit::thema::gev"
"ṯaak","alleen laten (+ IO)","leave alone (+ IO)","B2","ww","B1","handelingen","auto","tarifit::cefr::B1 tarifit::woordsoort::ww tarifit::thema::doen"
"ṯaftic","wiek (van olielamp)","wick (of oil lamp)","B2","ww","B2","overig","auto","tarifit::cefr::B2 tarifit::woordsoort::ww tarifit::thema::ov"
"ṯamza","ogress (vrouwelijk monster)","ogress (female monster)","B2","ww","B2","religie & leven-dood","check","tarifit::cefr::B2 tarifit::woordsoort::ww tarifit::thema::rel"
"ṯanexxač","stro","straw","C1","ww","B1","landbouw & veeteelt & visserij","auto","tarifit::cefr::B1 tarifit::woordsoort::ww tarifit::thema::land"
"ṯaneyḏa","poeder","powder","C1","ww","B1","overig","auto","tarifit::cefr::B1 tarifit::woordsoort::ww tarifit::thema::ov"
"ṯayḏuaṯ","melkpot","milk pot","C1","ww","B2","eten & drinken","auto","tarifit::cefr::B2 tarifit::woordsoort::ww tarifit::thema::eten"
"ṯazeggʷaaṭ","soort struik (Ziziphus lotus)","species of shrub (Ziziphus lotus)","C2","ww","B2","natuur & weer","auto","tarifit::cefr::B2 tarifit::woordsoort::ww tarifit::thema::nat"
"ṯazeqqa","dak","roof","C1","ww","A1","huis & huishouden","auto","tarifit::cefr::A1 tarifit::woordsoort::ww tarifit::thema::huis"
"ṯazewḏa","groot houten couscousbord","large wooden couscous plate","C1","ww","B2","eten & drinken","auto","tarifit::cefr::B2 tarifit::woordsoort::ww tarifit::thema::eten"
"ṯazṛuṭ / biṭariya","kleine steen, batterij","small stone, battery","B2","ww","B2","natuur & weer","auto","tarifit::cefr::B2 tarifit::woordsoort::ww tarifit::thema::nat"
"ṯaɛrabṯ","Arabische (vrouw, taal)","Arabic (woman, language)","C1","ww","A2","samenleving & volken","auto","tarifit::cefr::A2 tarifit::woordsoort::ww tarifit::thema::sam"
"ṯaḥraymecṯ","sluwheid","cunning","C2","ww","B2","eigenschappen & kleuren","auto","tarifit::cefr::B2 tarifit::woordsoort::ww tarifit::thema::eig"
"ṯaṛyenṯ","vrouwelijke kameel","female camel","C1","ww","B2","dieren","auto","tarifit::cefr::B2 tarifit::woordsoort::ww tarifit::thema::dier"
"ṯbuaẓeṯ","klein raam","small window","C1","ww","B2","huis & huishouden","auto","tarifit::cefr::B2 tarifit::woordsoort::ww tarifit::thema::huis"
"ṯemẓi","kindertijd","childhood","B2","ww","B1","tijd","auto","tarifit::cefr::B1 tarifit::woordsoort::ww tarifit::thema::tijd"
"ṯesɛin","negentig","ninety","B2","ww","A1","getallen & hoeveelheid","auto","tarifit::cefr::A1 tarifit::woordsoort::ww tarifit::thema::get"
"ṯicti","blaas, klap","blow, blow","B2","ww","B2","lichaam","auto","tarifit::cefr::B2 tarifit::woordsoort::ww tarifit::thema::lich"
"ṯini","dadel","date","B2","ww","A2","eten & drinken","auto","tarifit::cefr::A2 tarifit::woordsoort::ww tarifit::thema::eten"
"ṯiwzaṭin","onrijpe tarwe (alleen mv.)","unripe wheat (plural only)","C1","ww","B2","landbouw & veeteelt & visserij","auto","tarifit::cefr::B2 tarifit::woordsoort::ww tarifit::thema::land"
"ṯiyuqiṯ","parel","pearl","C1","ww","B1","kleding & sieraad","auto","tarifit::cefr::B1 tarifit::woordsoort::ww tarifit::thema::kled"
"ṯiḏaatṯ","korenaar, korrel","ear of corn, grain","C1","ww","B2","landbouw & veeteelt & visserij","auto","tarifit::cefr::B2 tarifit::woordsoort::ww tarifit::thema::land"
"ṯiṛefṯ, zaaɛ","zaaien","to sow","C2","ww","B1","landbouw & veeteelt & visserij","auto","tarifit::cefr::B1 tarifit::woordsoort::ww tarifit::thema::land"
"ṯmanyin","tachtig","eighty","C1","ww","A1","getallen & hoeveelheid","auto","tarifit::cefr::A1 tarifit::woordsoort::ww tarifit::thema::get"
"ṯmentac","achttien","eighteen","C1","ww","A1","getallen & hoeveelheid","auto","tarifit::cefr::A1 tarifit::woordsoort::ww tarifit::thema::get"
"ṯrist","schapenwol","sheep's wool","B2","ww","B2","landbouw & veeteelt & visserij","auto","tarifit::cefr::B2 tarifit::woordsoort::ww tarifit::thema::land"
"ṯseɛtac","negentien","nineteen","C1","ww","A1","getallen & hoeveelheid","auto","tarifit::cefr::A1 tarifit::woordsoort::ww tarifit::thema::get"
"ṯsunetṯ","luier","diaper","C1","ww","A2","familie & mensen","auto","tarifit::cefr::A2 tarifit::woordsoort::ww tarifit::thema::fam"
"ṯwacc","gegeten worden","be eaten","B2","ww","B2","eten & drinken","auto","tarifit::cefr::B2 tarifit::woordsoort::ww tarifit::thema::eten"
"ṯwaccaaẓ","geploegd worden","be ploughed","C1","ww","B2","landbouw & veeteelt & visserij","auto","tarifit::cefr::B2 tarifit::woordsoort::ww tarifit::thema::land"
"ṯwasizzeř","gemaakt worden te rennen","are made to run","C1","ww","B2","handelingen","auto","tarifit::cefr::B2 tarifit::woordsoort::ww tarifit::thema::doen"
"ṯwazzu","geplant worden","be planted","B2","ww","B2","landbouw & veeteelt & visserij","auto","tarifit::cefr::B2 tarifit::woordsoort::ww tarifit::thema::land"
"ṯřatin","dertig","thirty","B2","ww","A1","getallen & hoeveelheid","auto","tarifit::cefr::A1 tarifit::woordsoort::ww tarifit::thema::get"
"ṯřettac","dertien","thirteen","C1","ww","A1","getallen & hoeveelheid","auto","tarifit::cefr::A1 tarifit::woordsoort::ww tarifit::thema::get"
"tḇan","lijken","corpses","B1","ww","A2","overig","auto","tarifit::cefr::A2 tarifit::woordsoort::ww tarifit::thema::ov"
"uaja","dromen","dreams","B1","ww","A2","gevoel & denken","auto","tarifit::cefr::A2 tarifit::woordsoort::ww tarifit::thema::gev"
"uatu","vijgenboom","fig tree","B1","ww","B1","natuur & weer","auto","tarifit::cefr::B1 tarifit::woordsoort::ww tarifit::thema::nat"
"uaɣ","goud","gold","B1","ww","A2","overig","auto","tarifit::cefr::A2 tarifit::woordsoort::ww tarifit::thema::ov"
"uccen","jakhals, de wolf","jackal, the wolf","B2","znw_m_ev","B2","dieren","auto","tarifit::cefr::B2 tarifit::woordsoort::znw_m_ev tarifit::thema::dier"
"uff","nat","wet","B1","ww","A1","eigenschappen & kleuren","auto","tarifit::cefr::A1 tarifit::woordsoort::ww tarifit::thema::eig"
"ulaḇudd / mya ḏi mya","zeker","sure","B2","ww","A1","functiewoorden","auto","tarifit::cefr::A1 tarifit::woordsoort::ww tarifit::thema::gram"
"uma","Broer","Brother","A1","ww","A1","familie & mensen","auto","tarifit::cefr::A1 tarifit::woordsoort::ww tarifit::thema::fam"
"uma amezzyan","de jongere broer","the younger brother","C2","znw","B1","familie & mensen","auto","tarifit::cefr::B1 tarifit::woordsoort::znw tarifit::thema::fam"
"umi","aan wie","to whom","C1","vraagw","A1","functiewoorden","auto","tarifit::cefr::A1 tarifit::woordsoort::vraagw tarifit::thema::gram"
"uraa","bruiloft","wedding","B1","ww","A2","familie & mensen","auto","tarifit::cefr::A2 tarifit::woordsoort::ww tarifit::thema::fam"
"ussan","dagen, periode","days, period","B2","ww","A2","tijd","check","tarifit::cefr::A2 tarifit::woordsoort::ww tarifit::thema::tijd"
"usu","hoesten","cough","B1","ww","A2","gezondheid","auto","tarifit::cefr::A2 tarifit::woordsoort::ww tarifit::thema::gez"
"uyua","lopen","to walk","B1","ww","A1","handelingen","auto","tarifit::cefr::A1 tarifit::woordsoort::ww tarifit::thema::doen"
"uzzař","het schild, ijzer","the shield, iron","B2","znw","B1","samenleving & volken","auto","tarifit::cefr::B1 tarifit::woordsoort::znw tarifit::thema::sam"
"učma","Zus","Sister","A2","ww","A1","familie & mensen","auto","tarifit::cefr::A1 tarifit::woordsoort::ww tarifit::thema::fam"
"učma ṯameqqrant","de oudere zus","the older sister","C2","znw","B1","familie & mensen","auto","tarifit::cefr::B1 tarifit::woordsoort::znw tarifit::thema::fam"
"učma ṯamezzyant","de jongere zus","the younger sister","C2","znw","B1","familie & mensen","auto","tarifit::cefr::B1 tarifit::woordsoort::znw tarifit::thema::fam"
"uř","hart","heart","B1","ww","A1","lichaam","auto","tarifit::cefr::A1 tarifit::woordsoort::ww tarifit::thema::lich"
"uřuf","de scheiding","the divorce","B1","znw","B1","familie & mensen","auto","tarifit::cefr::B1 tarifit::woordsoort::znw tarifit::thema::fam"
"uḏay","Jood","Jew","B1","ww","A2","religie & leven-dood","auto","tarifit::cefr::A2 tarifit::woordsoort::ww tarifit::thema::rel"
"uḏem / aɣembub","gezicht","sight","B1","znw_m_ev","A1","lichaam","auto","tarifit::cefr::A1 tarifit::woordsoort::znw_m_ev tarifit::thema::lich"
"uḏum","druipen, druppelen","drip, drip","B1","ww","B1","handelingen","auto","tarifit::cefr::B1 tarifit::woordsoort::ww tarifit::thema::doen"
"uṛu","handvol, Euro","handful, Euro","B1","ww","B1","getallen & hoeveelheid","auto","tarifit::cefr::B1 tarifit::woordsoort::ww tarifit::thema::get"
"waa-ssi","ik weet niet","I don't know","B2","ww","A2","taal & school & communicatie","auto","tarifit::cefr::A2 tarifit::woordsoort::ww tarifit::thema::taal"
"waadyi","is niet (negator non-verbale predicaten)","is not (negator non-verbal predicates)","B2","ww","B1","functiewoorden","auto","tarifit::cefr::B1 tarifit::woordsoort::ww tarifit::thema::gram"
"wah","ja","Yes","A1","ww","A1","functiewoorden","auto","tarifit::cefr::A1 tarifit::woordsoort::ww tarifit::thema::gram"
"walu","geen, niets","no, nothing","B2","ww","A1","functiewoorden","auto","tarifit::cefr::A1 tarifit::woordsoort::ww tarifit::thema::gram"
"wantis","de handschoen","the glove","B2","znw","A2","kleding & sieraad","auto","tarifit::cefr::A2 tarifit::woordsoort::znw tarifit::thema::kled"
"warda","Roze","Pink","B2","ww","A1","eigenschappen & kleuren","auto","tarifit::cefr::A1 tarifit::woordsoort::ww tarifit::thema::eig"
"wata","plat","flat","B1","ww","A2","eigenschappen & kleuren","auto","tarifit::cefr::A2 tarifit::woordsoort::ww tarifit::thema::eig"
"waxxa","hoewel, zelfs als, oké","although, even if, okay","A2","ww","A2","functiewoorden","auto","tarifit::cefr::A2 tarifit::woordsoort::ww tarifit::thema::gram"
"wařa / zaa","zien","to see","B1","ww","A1","lichaam","auto","tarifit::cefr::A1 tarifit::woordsoort::ww tarifit::thema::lich"
"waḥḏi/waha","Alleen (zichzelf)","Alone (himself)","B1","ww","A1","functiewoorden","auto","tarifit::cefr::A1 tarifit::woordsoort::ww tarifit::thema::gram"
"weddaa","verdwijnen","disappear","B2","ww","A2","handelingen","auto","tarifit::cefr::A2 tarifit::woordsoort::ww tarifit::thema::doen"
"weddi","uitroep","exclamation","B2","ww","B2","taal & school & communicatie","auto","tarifit::cefr::B2 tarifit::woordsoort::ww tarifit::thema::taal"
"welleh","bij God","with God","B2","ww","B1","religie & leven-dood","auto","tarifit::cefr::B1 tarifit::woordsoort::ww tarifit::thema::rel"
"wenni d yusin","volgende","next","C2","ww","A1","functiewoorden","auto","tarifit::cefr::A1 tarifit::woordsoort::ww tarifit::thema::gram"
"wenni isteḏɛan","de gedaagde","the defendant","C2","znw","B2","samenleving & volken","auto","tarifit::cefr::B2 tarifit::woordsoort::znw tarifit::thema::sam"
"wenni itteḏɛan","de eiser","the plaintiff","C2","znw","B2","samenleving & volken","auto","tarifit::cefr::B2 tarifit::woordsoort::znw tarifit::thema::sam"
"Wenni/ayenni","Dat, deze","That, these","B2","vnw_aanw","A1","functiewoorden","auto","tarifit::cefr::A1 tarifit::woordsoort::vnw_aanw tarifit::thema::gram"
"wessex","vies","dirty","B2","ww","A1","eigenschappen & kleuren","auto","tarifit::cefr::A1 tarifit::woordsoort::ww tarifit::thema::eig"
"wi","wie?","who?","B2","ww","A1","functiewoorden","auto","tarifit::cefr::A1 tarifit::woordsoort::ww tarifit::thema::gram"
"wis ṯnayen","tweede","second","C1","ww","A1","getallen & hoeveelheid","auto","tarifit::cefr::A1 tarifit::woordsoort::ww tarifit::thema::get"
"wis ṯřaṯa","derde","third","C1","ww","A1","getallen & hoeveelheid","auto","tarifit::cefr::A1 tarifit::woordsoort::ww tarifit::thema::get"
"wiss","rangtelwoord-vormer (~ uss)","ordinal former (~ uss)","B1","ww","B2","functiewoorden","auto","tarifit::cefr::B2 tarifit::woordsoort::ww tarifit::thema::gram"
"wiř","verbods-partikel","prohibition particle","B1","ww","B2","functiewoorden","auto","tarifit::cefr::B2 tarifit::woordsoort::ww tarifit::thema::gram"
"wseɛ","veel zijn","are many","B1","ww","B1","getallen & hoeveelheid","auto","tarifit::cefr::B1 tarifit::woordsoort::ww tarifit::thema::get"
"wweṯ","slaan of raken","hit or hit","B1","ww","A2","handelingen","auto","tarifit::cefr::A2 tarifit::woordsoort::ww tarifit::thema::doen"
"wweṯ s uqaatas","schieten","to shoot","C2","ww","A2","samenleving & volken","auto","tarifit::cefr::A2 tarifit::woordsoort::ww tarifit::thema::sam"
"wzen","wegen","to weigh","B1","ww","A2","getallen & hoeveelheid","auto","tarifit::cefr::A2 tarifit::woordsoort::ww tarifit::thema::get"
"wřaḏi","mijn kinderen","my children","B2","ww","A2","familie & mensen","auto","tarifit::cefr::A2 tarifit::woordsoort::ww tarifit::thema::fam"
"wɛaa / iqṣeḥ","moeilijk","difficult","B1","znw_m_mv","A1","eigenschappen & kleuren","auto","tarifit::cefr::A1 tarifit::woordsoort::znw_m_mv tarifit::thema::eig"
"wḏa","vallen","to fall","B1","ww","A1","handelingen","auto","tarifit::cefr::A1 tarifit::woordsoort::ww tarifit::thema::doen"
"Wṣṣa","Adviseren, opdragen","Advise, instruct","B1","ww","B1","taal & school & communicatie","auto","tarifit::cefr::B1 tarifit::woordsoort::ww tarifit::thema::taal"
"x","op (~ xef ~ xaf-)","at (~xef ~ xaf-)","A1","vz","A1","functiewoorden","auto","tarifit::cefr::A1 tarifit::woordsoort::vz tarifit::thema::gram"
"xarrebbi / ikfa","genoeg","enough","B1","znw_m_mv","A1","getallen & hoeveelheid","auto","tarifit::cefr::A1 tarifit::woordsoort::znw_m_mv tarifit::thema::get"
"xataṛ","Gevaarlijk","Dangerous","B2","ww","A1","eigenschappen & kleuren","auto","tarifit::cefr::A1 tarifit::woordsoort::ww tarifit::thema::eig"
"xači","tante (moederszijde)","maternal aunt","B1","znw","A1","familie & mensen","auto","tarifit::cefr::A1 tarifit::woordsoort::znw tarifit::thema::fam"
"xaři","de oom (moederszijde)","maternal uncle","B1","znw","A1","familie & mensen","auto","tarifit::cefr::A1 tarifit::woordsoort::znw tarifit::thema::fam"
"xedjes'","betalen","pay","B2","ww","A1","handel & geld","auto","tarifit::cefr::A1 tarifit::woordsoort::ww tarifit::thema::hdl"
"xelleṯ","mengen","mix","B2","ww","A2","handelingen","auto","tarifit::cefr::A2 tarifit::woordsoort::ww tarifit::thema::doen"
"xemmem / fekkar","denken","think","B2","ww","A1","gevoel & denken","auto","tarifit::cefr::A1 tarifit::woordsoort::ww tarifit::thema::gev"
"xemmeztac","vijftien","fifteen","C1","ww","A1","getallen & hoeveelheid","auto","tarifit::cefr::A1 tarifit::woordsoort::ww tarifit::thema::get"
"xemmeř","bewaren, sparen","save, save","B2","ww","A2","handelingen","auto","tarifit::cefr::A2 tarifit::woordsoort::ww tarifit::thema::doen"
"xemsa","vijf","five","A1","telw","A1","getallen & hoeveelheid","auto","tarifit::cefr::A1 tarifit::woordsoort::telw tarifit::thema::get"
"xemsin","vijftig","fifty","B2","ww","A1","getallen & hoeveelheid","auto","tarifit::cefr::A1 tarifit::woordsoort::ww tarifit::thema::get"
"xeyyeq","boos zijn, verdrietig zijn","be angry, be sad","B2","ww","A2","gevoel & denken","auto","tarifit::cefr::A2 tarifit::woordsoort::ww tarifit::thema::gev"
"xeyyeḏ","naaien","sew","B2","ww","A2","kleding & sieraad","auto","tarifit::cefr::A2 tarifit::woordsoort::ww tarifit::thema::kled"
"xeḏem","werken","to work","B2","ww","A1","werk & beroep & ambacht","auto","tarifit::cefr::A1 tarifit::woordsoort::ww tarifit::thema::werk"
"xizu","wortel (collectief)","carrot (collective)","B1","ww","A1","eten & drinken","check","tarifit::cefr::A1 tarifit::woordsoort::ww tarifit::thema::eten"
"xs","willen, houden van","to want, to love","B1","ww","A1","functiewoorden","auto","tarifit::cefr::A1 tarifit::woordsoort::ww tarifit::thema::gram"
"xseṛ","Falen","Failure","B1","ww","B1","overig","auto","tarifit::cefr::B1 tarifit::woordsoort::ww tarifit::thema::ov"
"xwa","leeg","empty","B1","ww","A1","eigenschappen & kleuren","auto","tarifit::cefr::A1 tarifit::woordsoort::ww tarifit::thema::eig"
"xzaa","kijken","to look","B1","ww","A1","lichaam","auto","tarifit::cefr::A1 tarifit::woordsoort::ww tarifit::thema::lich"
"xřa","een plaats verlaten, dwalen","to leave a place, to wander","B1","znw","B2","handelingen","auto","tarifit::cefr::B2 tarifit::woordsoort::znw tarifit::thema::doen"
"xřeq","geboren worden","be born","B1","ww","A2","familie & mensen","auto","tarifit::cefr::A2 tarifit::woordsoort::ww tarifit::thema::fam"
"xḍeb","om de hand vragen","ask for your hand","B1","znw","B2","familie & mensen","auto","tarifit::cefr::B2 tarifit::woordsoort::znw tarifit::thema::fam"
"xḏaa","missen","miss","B1","ww","A2","gevoel & denken","auto","tarifit::cefr::A2 tarifit::woordsoort::ww tarifit::thema::gev"
"xṛingo","Pannenkoek","Pancake","B2","ww","A1","eten & drinken","auto","tarifit::cefr::A1 tarifit::woordsoort::ww tarifit::thema::eten"
"xṣaa","rot","rotten","B1","ww","A2","eigenschappen & kleuren","auto","tarifit::cefr::A2 tarifit::woordsoort::ww tarifit::thema::eig"
"xṣaa / wedda","verliezen","to lose","B1","ww","A1","handelingen","auto","tarifit::cefr::A1 tarifit::woordsoort::ww tarifit::thema::doen"
"yallah","kom op! (~ yalleh)","come on! (~yalleh)","B2","ww","A1","taal & school & communicatie","auto","tarifit::cefr::A1 tarifit::woordsoort::ww tarifit::thema::taal"
"yar","Tussen","Between","B2","ww","A1","functiewoorden","auto","tarifit::cefr::A1 tarifit::woordsoort::ww tarifit::thema::gram"
"yaziḏ","Haan","Rooster","B2","ww","A2","dieren","auto","tarifit::cefr::A2 tarifit::woordsoort::ww tarifit::thema::dier"
"yaɛḏ","Kleden","Dress","B1","ww","A2","kleding & sieraad","auto","tarifit::cefr::A2 tarifit::woordsoort::ww tarifit::thema::kled"
"yārḏen","tarwe","wheat","B1","znw_m_mv","A2","landbouw & veeteelt & visserij","auto","tarifit::cefr::A2 tarifit::woordsoort::znw_m_mv tarifit::thema::land"
"yedji-s n uma","de nicht","the niece","C2","znw","A2","familie & mensen","auto","tarifit::cefr::A2 tarifit::woordsoort::znw tarifit::thema::fam"
"yegga","Gedaan","Done","B2","ww","A2","handelingen","auto","tarifit::cefr::A2 tarifit::woordsoort::ww tarifit::thema::doen"
"yemkin","Misschien","Maybe","B2","ww","A1","functiewoorden","auto","tarifit::cefr::A1 tarifit::woordsoort::ww tarifit::thema::gram"
"yemma","Mama, Moeder","Mom, Mother","A1","ww","A1","familie & mensen","auto","tarifit::cefr::A1 tarifit::woordsoort::ww tarifit::thema::fam"
"yeği","dochter","daughter","B2","ww","A1","familie & mensen","auto","tarifit::cefr::A1 tarifit::woordsoort::ww tarifit::thema::fam"
"yis / akiḏaa","Paard","Horse","B1","znw_m_ev","A1","dieren","auto","tarifit::cefr::A1 tarifit::woordsoort::znw_m_ev tarifit::thema::dier"
"ymaa","jagen","hunting","B1","ww","A2","dieren","auto","tarifit::cefr::A2 tarifit::woordsoort::ww tarifit::thema::dier"
"yumayen","twee dagen","two days","C1","ww","B1","tijd","auto","tarifit::cefr::B1 tarifit::woordsoort::ww tarifit::thema::tijd"
"yutub","Youtube","Youtube","B2","ww","A1","overig","auto","tarifit::cefr::A1 tarifit::woordsoort::ww tarifit::thema::ov"
"yyaaf","grote rots","the cliff or abyss","B2","ww","B2","natuur & weer","auto","tarifit::cefr::B2 tarifit::woordsoort::ww tarifit::thema::nat"
"jjawen","vol zijn, verzadigd zijn (van eten)","to be full, to be satiated (from food)","B2","ww","B1","eigenschappen & kleuren","auto","tarifit::cefr::B1 tarifit::woordsoort::ww tarifit::thema::eig"
"zaaḏ","scheten laten","farting","B1","ww","B1","lichaam","auto","tarifit::cefr::B1 tarifit::woordsoort::ww tarifit::thema::lich"
"zalamit / cciɛeř","lucifers","matches","B2","ww","A2","huis & huishouden","auto","tarifit::cefr::A2 tarifit::woordsoort::ww tarifit::thema::huis"
"zeggʷami","vanaf dat moment, sinds","from then on, since","C1","ww","B2","tijd","auto","tarifit::cefr::B2 tarifit::woordsoort::ww tarifit::thema::tijd"
"zemm","knijpen, drukken, zuigen","to pinch, to press, to suck","B1","ww","B1","handelingen","auto","tarifit::cefr::B1 tarifit::woordsoort::ww tarifit::thema::doen"
"zemmaa","Kunnen","Be able to","C1","ww","A1","functiewoorden","auto","tarifit::cefr::A1 tarifit::woordsoort::ww tarifit::thema::gram"
"zeɛma","als het ware, zogezegd","as it were, so to speak","C2","znw","B2","functiewoorden","auto","tarifit::cefr::B2 tarifit::woordsoort::znw tarifit::thema::gram"
"zeḥḥef","mank lopen","walk with a limp","B2","ww","B2","gezondheid","auto","tarifit::cefr::B2 tarifit::woordsoort::ww tarifit::thema::gez"
"zic","vroeg","early","B1","ww","A1","tijd","auto","tarifit::cefr::A1 tarifit::woordsoort::ww tarifit::thema::tijd"
"zid","ga door! (uitroep)","keep going! (exclamation)","B1","ww","A2","taal & school & communicatie","auto","tarifit::cefr::A2 tarifit::woordsoort::ww tarifit::thema::taal"
"ziru","nul","zero","B1","ww","A1","getallen & hoeveelheid","auto","tarifit::cefr::A1 tarifit::woordsoort::ww tarifit::thema::get"
"zu","blaffen (hond)","barking (dog)","B1","ww","A2","dieren","auto","tarifit::cefr::A2 tarifit::woordsoort::ww tarifit::thema::dier"
"zum","vasten","fasting","B1","ww","B1","religie & leven-dood","auto","tarifit::cefr::B1 tarifit::woordsoort::ww tarifit::thema::rel"
"zzadj","bidden","to pray","B2","ww","A2","religie & leven-dood","auto","tarifit::cefr::A2 tarifit::woordsoort::ww tarifit::thema::rel"
"zzaj / řkas","glas","glass","B1","ww","A1","eten & drinken","auto","tarifit::cefr::A1 tarifit::woordsoort::ww tarifit::thema::eten"
"zzecṯ","olie","oil","B2","ww","A1","eten & drinken","auto","tarifit::cefr::A1 tarifit::woordsoort::ww tarifit::thema::eten"
"zzecṯ n ziṯun","Olijfolie","Olive oil","C2","ww","A2","eten & drinken","auto","tarifit::cefr::A2 tarifit::woordsoort::ww tarifit::thema::eten"
"zzekrun","Slot (van een deur)","Lock (of a door)","B2","znw","A2","huis & huishouden","check","tarifit::cefr::A2 tarifit::woordsoort::znw tarifit::thema::huis"
"zzenqeṯ","straat","street","B2","ww","A1","plaats & richting & geografie","auto","tarifit::cefr::A1 tarifit::woordsoort::ww tarifit::thema::pl"
"zzenz / snuza","verkopen","to sell","B2","ww","A1","handel & geld","auto","tarifit::cefr::A1 tarifit::woordsoort::ww tarifit::thema::hdl"
"zzeř","gaan liggen","lie down","B1","ww","B1","handelingen","auto","tarifit::cefr::B1 tarifit::woordsoort::ww tarifit::thema::doen"
"zzeřz","schudden","shake","B2","ww","A2","handelingen","auto","tarifit::cefr::A2 tarifit::woordsoort::ww tarifit::thema::doen"
"zzi","melken","milking","B1","ww","B1","landbouw & veeteelt & visserij","auto","tarifit::cefr::B1 tarifit::woordsoort::ww tarifit::thema::land"
"zzin","schoonheid, mooi persoon","beauty, beautiful person","B1","ww","A2","eigenschappen & kleuren","auto","tarifit::cefr::A2 tarifit::woordsoort::ww tarifit::thema::eig"
"zzina","overspel","adultery","B2","ww","B2","religie & leven-dood","auto","tarifit::cefr::B2 tarifit::woordsoort::ww tarifit::thema::rel"
"zziǧez","het medelijden","the pity","B2","znw","B1","gevoel & denken","auto","tarifit::cefr::B1 tarifit::woordsoort::znw tarifit::thema::gev"
"zzman","vroegere tijden, het verleden","former times, the past","C1","znw","B2","tijd","auto","tarifit::cefr::B2 tarifit::woordsoort::znw tarifit::thema::tijd"
"zzyenfa","rusten","rest","B2","ww","A2","gevoel & denken","auto","tarifit::cefr::A2 tarifit::woordsoort::ww tarifit::thema::gev"
"zɛef","bijten","bite","B1","ww","A2","handelingen","auto","tarifit::cefr::A2 tarifit::woordsoort::ww tarifit::thema::doen"
"zɛem","durven","to dare","B1","ww","A2","gevoel & denken","auto","tarifit::cefr::A2 tarifit::woordsoort::ww tarifit::thema::gev"
"zḏem","hakken","heels","B1","ww","B1","handelingen","auto","tarifit::cefr::B1 tarifit::woordsoort::ww tarifit::thema::doen"
"zḏeɣ","Wonen","Living","B1","ww","A1","huis & huishouden","auto","tarifit::cefr::A1 tarifit::woordsoort::ww tarifit::thema::huis"
"zḏeɣ / ddaa","leven","to live","B1","ww","A1","overig","auto","tarifit::cefr::A1 tarifit::woordsoort::ww tarifit::thema::ov"
"zṛi","iets omdraaien","turn something around","B1","ww","A2","handelingen","auto","tarifit::cefr::A2 tarifit::woordsoort::ww tarifit::thema::doen"
"čaḇula","het tuinhuis","the garden house","B2","znw","B2","huis & huishouden","auto","tarifit::cefr::B2 tarifit::woordsoort::znw tarifit::thema::huis"
"řaaḇɛa","woensdag","Wednesday","B2","ww","A1","tijd","auto","tarifit::cefr::A1 tarifit::woordsoort::ww tarifit::thema::tijd"
"řaɣa","roepen","shout","B1","ww","A1","taal & school & communicatie","auto","tarifit::cefr::A1 tarifit::woordsoort::ww tarifit::thema::taal"
"řbacua / ṯazaaṯ","vijg","fig","B2","znw_v_ev","A2","eten & drinken","auto","tarifit::cefr::A2 tarifit::woordsoort::znw_v_ev tarifit::thema::eten"
"řbanku","bank","bank","B2","ww","A2","handel & geld","check","tarifit::cefr::A2 tarifit::woordsoort::ww tarifit::thema::hdl"
"řehrua","kruiden, specerijen","herbs, spices","B2","znw","A2","eten & drinken","auto","tarifit::cefr::A2 tarifit::woordsoort::znw tarifit::thema::eten"
"řbuameṯ","couscousstoom-pan","couscous steamer","B2","ww","B2","eten & drinken","auto","tarifit::cefr::B2 tarifit::woordsoort::ww tarifit::thema::eten"
"řebni","gebouw","building","B2","ww","A1","huis & huishouden","auto","tarifit::cefr::A1 tarifit::woordsoort::ww tarifit::thema::huis"
"řebɛaḏ","een paar","a few","B2","znw","A1","getallen & hoeveelheid","auto","tarifit::cefr::A1 tarifit::woordsoort::znw tarifit::thema::get"
"řebṣeř","Ui","Onion","B2","ww","A1","eten & drinken","auto","tarifit::cefr::A1 tarifit::woordsoort::ww tarifit::thema::eten"
"řefjaa","de dageraad","the dawn","B2","znw","B2","tijd","auto","tarifit::cefr::B2 tarifit::woordsoort::znw tarifit::thema::tijd"
"řefɛeř","de verkrachting","the rape","B2","znw","B1","samenleving & volken","auto","tarifit::cefr::B1 tarifit::woordsoort::znw tarifit::thema::sam"
"řehna","rust, kalmte","peace, tranquility","B2","ww","A2","gevoel & denken","auto","tarifit::cefr::A2 tarifit::woordsoort::ww tarifit::thema::gev"
"řejbub","zakken (mv. van ǧǧib)","pockets (pl. of ǧǧib)","B2","ww","A2","handelingen","auto","tarifit::cefr::A2 tarifit::woordsoort::ww tarifit::thema::doen"
"řejduḏ","de grootouders, voorouders","the grandparents, ancestors","B2","znw","A1","familie & mensen","auto","tarifit::cefr::A1 tarifit::woordsoort::znw tarifit::thema::fam"
"řeknina","de pil of tablet","the pill or tablet","B2","znw","B1","gezondheid","auto","tarifit::cefr::B1 tarifit::woordsoort::znw tarifit::thema::gez"
"řemmez","hebzuchtig","greedy","B2","ww","B2","eigenschappen & kleuren","auto","tarifit::cefr::B2 tarifit::woordsoort::ww tarifit::thema::eig"
"řemraḥ","de binnenplaats","the courtyard","B2","znw","B1","huis & huishouden","auto","tarifit::cefr::B1 tarifit::woordsoort::znw tarifit::thema::huis"
"řemḥiameṯ","zakdoek of lap","handkerchief or rag","C1","ww","B1","huis & huishouden","auto","tarifit::cefr::B1 tarifit::woordsoort::ww tarifit::thema::huis"
"řeqten","het katoen","the cotton","B2","znw","B1","kleding & sieraad","auto","tarifit::cefr::B1 tarifit::woordsoort::znw tarifit::thema::kled"
"řeqřeɛ","de mast","the mast","B2","znw","B2","vervoer & reizen","auto","tarifit::cefr::B2 tarifit::woordsoort::znw tarifit::thema::verv"
"řes","schaap scheren","shearing sheep","B1","ww","B2","landbouw & veeteelt & visserij","auto","tarifit::cefr::B2 tarifit::woordsoort::ww tarifit::thema::land"
"řesnaḥ","de wapens","the weapons","B2","znw","A2","samenleving & volken","auto","tarifit::cefr::A2 tarifit::woordsoort::znw tarifit::thema::sam"
"řesḇaḇ","de oorzaak","the cause","B2","znw","A2","overig","auto","tarifit::cefr::A2 tarifit::woordsoort::znw tarifit::thema::ov"
"řexfif","het lood","the lead","B2","znw","B2","overig","auto","tarifit::cefr::B2 tarifit::woordsoort::znw tarifit::thema::ov"
"řexmis","donderdag","Thursday","B2","ww","A1","tijd","auto","tarifit::cefr::A1 tarifit::woordsoort::ww tarifit::thema::tijd"
"řexrif","Herfst","Autumn","B2","ww","A1","tijd","auto","tarifit::cefr::A1 tarifit::woordsoort::ww tarifit::thema::tijd"
"řexxu","nu","now","A2","ww","A1","tijd","auto","tarifit::cefr::A1 tarifit::woordsoort::ww tarifit::thema::tijd"
"řexḏenni","toen, in die tijd","then, at that time","C1","ww","A1","functiewoorden","auto","tarifit::cefr::A1 tarifit::woordsoort::ww tarifit::thema::gram"
"řeybaa","mest","manure","B2","ww","B1","landbouw & veeteelt & visserij","auto","tarifit::cefr::B1 tarifit::woordsoort::ww tarifit::thema::land"
"řeynuy","lieǧes","lieǧes","B2","ww","B2","overig","check","tarifit::cefr::B2 tarifit::woordsoort::ww tarifit::thema::ov"
"řeɛqeř","verstand, wijs","mind, wise","B2","ww","A2","gevoel & denken","auto","tarifit::cefr::A2 tarifit::woordsoort::ww tarifit::thema::gev"
"řeɛzib","het kamp","the camp","B2","znw","A2","samenleving & volken","auto","tarifit::cefr::A2 tarifit::woordsoort::znw tarifit::thema::sam"
"řeɛḏu","vijand","enemy","B2","ww","A2","samenleving & volken","auto","tarifit::cefr::A2 tarifit::woordsoort::ww tarifit::thema::sam"
"řeḇḏa","Altijd","Always","B2","ww","A1","tijd","auto","tarifit::cefr::A1 tarifit::woordsoort::ww tarifit::thema::tijd"
"řeḇḥaa","zee, de oceaan","sea, the ocean","B2","znw","A1","natuur & weer","auto","tarifit::cefr::A1 tarifit::woordsoort::znw tarifit::thema::nat"
"řeḥkam","het oordeel","the judgment","B2","znw","B1","samenleving & volken","auto","tarifit::cefr::B1 tarifit::woordsoort::znw tarifit::thema::sam"
"řeḥmu","warmte","heat","B2","ww","A2","natuur & weer","auto","tarifit::cefr::A2 tarifit::woordsoort::ww tarifit::thema::nat"
"řeḥram","iets verboden door religie","something forbidden by religion","B2","ww","B2","religie & leven-dood","auto","tarifit::cefr::B2 tarifit::woordsoort::ww tarifit::thema::rel"
"řeḥria","zijde","side, silk","B2","ww","B1","kleding & sieraad","auto","tarifit::cefr::B1 tarifit::woordsoort::ww tarifit::thema::kled"
"řeḥriq","Pijn","Pain","B2","ww","A1","gezondheid","auto","tarifit::cefr::A1 tarifit::woordsoort::ww tarifit::thema::gez"
"řeḥrua","specerijen (alleen mv.)","spices (pl. only)","B2","ww","B1","eten & drinken","auto","tarifit::cefr::B1 tarifit::woordsoort::ww tarifit::thema::eten"
"řeḥsaḇ","rekening, telling","bill, count","B2","ww","A1","handel & geld","auto","tarifit::cefr::A1 tarifit::woordsoort::ww tarifit::thema::hdl"
"řeḥḇes","Gevangenis","Prison","B2","ww","A2","samenleving & volken","auto","tarifit::cefr::A2 tarifit::woordsoort::ww tarifit::thema::sam"
"řeṯnayen","maandag","Monday","C1","ww","A1","tijd","auto","tarifit::cefr::A1 tarifit::woordsoort::ww tarifit::thema::tijd"
"řfaaq","verschil","difference","B2","ww","A1","overig","auto","tarifit::cefr::A1 tarifit::woordsoort::ww tarifit::thema::ov"
"řfaxaa","houtskool","charcoal","B2","ww","B1","natuur & weer","auto","tarifit::cefr::B1 tarifit::woordsoort::ww tarifit::thema::nat"
"řfeřfeř","paprika (collectief)","paprika (collective)","C1","ww","A2","eten & drinken","auto","tarifit::cefr::A2 tarifit::woordsoort::ww tarifit::thema::eten"
"řfeřfeř iteqqsen","de chilipeper","the chili pepper","C2","znw","A2","eten & drinken","auto","tarifit::cefr::A2 tarifit::woordsoort::znw tarifit::thema::eten"
"řfut’a","Handdoek","Towel","B2","ww","A1","huis & huishouden","auto","tarifit::cefr::A1 tarifit::woordsoort::ww tarifit::thema::huis"
"řgeɛḏeṯ","vlakte, plateau","plain, plateau","B2","ww","B1","natuur & weer","auto","tarifit::cefr::B1 tarifit::woordsoort::ww tarifit::thema::nat"
"řgih","katje, poesje","kitten, kitty","B1","ww","B1","dieren","auto","tarifit::cefr::B1 tarifit::woordsoort::ww tarifit::thema::dier"
"řgiḥḥ","het etter","the pus","B2","znw","B2","gezondheid","auto","tarifit::cefr::B2 tarifit::woordsoort::znw tarifit::thema::gez"
"řimaaṯ","de voetstap","the footstep","B2","znw","B1","overig","auto","tarifit::cefr::B1 tarifit::woordsoort::znw tarifit::thema::ov"
"řkazi","raam","window","B2","ww","A1","huis & huishouden","auto","tarifit::cefr::A1 tarifit::woordsoort::ww tarifit::thema::huis"
"řkettan","het doek","the cloth","B2","znw","A2","huis & huishouden","auto","tarifit::cefr::A2 tarifit::woordsoort::znw tarifit::thema::huis"
"řkuasi","stoel","chair","B2","ww","A1","huis & huishouden","auto","tarifit::cefr::A1 tarifit::woordsoort::ww tarifit::thema::huis"
"řmaameṯ","het weefgetouw","the loom","B2","znw","B2","werk & beroep & ambacht","auto","tarifit::cefr::B2 tarifit::woordsoort::znw tarifit::thema::werk"
"řmaaḥ","de dooier","the yolk","B2","znw","B1","eten & drinken","auto","tarifit::cefr::B1 tarifit::woordsoort::znw tarifit::thema::eten"
"řmaqřa / řḇuameṯ / ṯanaqqleṯ","Pan","Pan","B2","znw_v_ev","A1","eten & drinken","auto","tarifit::cefr::A1 tarifit::woordsoort::znw_v_ev tarifit::thema::eten"
"řmař","vee","cattle","B1","ww","B1","landbouw & veeteelt & visserij","auto","tarifit::cefr::B1 tarifit::woordsoort::ww tarifit::thema::land"
"řmecṯa","Winter","Winter","B2","ww","A1","tijd","auto","tarifit::cefr::A1 tarifit::woordsoort::ww tarifit::thema::tijd"
"řmeftaḥ","Sleutel","Key","B2","ww","A1","huis & huishouden","auto","tarifit::cefr::A1 tarifit::woordsoort::ww tarifit::thema::huis"
"řmencaa’","de zaag","the saw","C1","znw","B1","gereedschap & materiaal","auto","tarifit::cefr::B1 tarifit::woordsoort::znw tarifit::thema::ger"
"řmexzen / lhukama","Regering","Government","B2","ww","A2","samenleving & volken","auto","tarifit::cefr::A2 tarifit::woordsoort::ww tarifit::thema::sam"
"řmeymaa","barbecue","barbecue","B2","ww","A2","eten & drinken","auto","tarifit::cefr::A2 tarifit::woordsoort::ww tarifit::thema::eten"
"řmeyra","drainage","drainage","B2","ww","B2","landbouw & veeteelt & visserij","auto","tarifit::cefr::B2 tarifit::woordsoort::ww tarifit::thema::land"
"řmeḏ","leren","learn","B1","ww","A1","taal & school & communicatie","auto","tarifit::cefr::A1 tarifit::woordsoort::ww tarifit::thema::taal"
"řmeḏweḏ","de trog","the trough","B2","znw","B2","landbouw & veeteelt & visserij","auto","tarifit::cefr::B2 tarifit::woordsoort::znw tarifit::thema::land"
"řmeḥkama","het hof, rechtbank","the court, court","C1","znw","B1","samenleving & volken","check","tarifit::cefr::B1 tarifit::woordsoort::znw tarifit::thema::sam"
"řmujjeṯ","de golf","the wave","B2","znw","A2","natuur & weer","check","tarifit::cefr::A2 tarifit::woordsoort::znw tarifit::thema::nat"
"řmuneṯ","het loon","the wage","B2","znw","A2","werk & beroep & ambacht","auto","tarifit::cefr::A2 tarifit::woordsoort::znw tarifit::thema::werk"
"řmus","mes","knife","B1","ww","A1","eten & drinken","auto","tarifit::cefr::A1 tarifit::woordsoort::ww tarifit::thema::eten"
"řmuḏḏ","graanmaat","grain measure","B2","ww","B2","landbouw & veeteelt & visserij","auto","tarifit::cefr::B2 tarifit::woordsoort::ww tarifit::thema::land"
"řqa","vangen","catch","B1","ww","A2","handelingen","auto","tarifit::cefr::A2 tarifit::woordsoort::ww tarifit::thema::doen"
"řqanun / sharia","wet","law","B2","ww","A2","samenleving & volken","auto","tarifit::cefr::A2 tarifit::woordsoort::ww tarifit::thema::sam"
"řqaḏi","de rechter","the judge","B2","znw","A2","samenleving & volken","auto","tarifit::cefr::A2 tarifit::woordsoort::znw tarifit::thema::sam"
"řqedd","de leeftijd","the age","B2","znw","A1","tijd","auto","tarifit::cefr::A1 tarifit::woordsoort::znw tarifit::thema::tijd"
"řqehwa","koffie, café","coffee, cafe","B2","ww","A1","eten & drinken","auto","tarifit::cefr::A1 tarifit::woordsoort::ww tarifit::thema::eten"
"řqendaaṯ","brug","bridge","C1","ww","A1","vervoer & reizen","auto","tarifit::cefr::A1 tarifit::woordsoort::ww tarifit::thema::verv"
"řqenḏiř","olielamp","oil lamp","B2","ww","B2","huis & huishouden","auto","tarifit::cefr::B2 tarifit::woordsoort::ww tarifit::thema::huis"
"řqews","de boog","the arch","B2","znw","B1","samenleving & volken","auto","tarifit::cefr::B1 tarifit::woordsoort::znw tarifit::thema::sam"
"řqiřc","de haai","the shark","B2","znw","A2","dieren","auto","tarifit::cefr::A2 tarifit::woordsoort::znw tarifit::thema::dier"
"řum","het hooi","the hay","B1","znw","B1","landbouw & veeteelt & visserij","auto","tarifit::cefr::B1 tarifit::woordsoort::znw tarifit::thema::land"
"řwazia","de minister","the minister","B2","znw","A2","samenleving & volken","auto","tarifit::cefr::A2 tarifit::woordsoort::znw tarifit::thema::sam"
"řweqṯ","Tijd","Time","A1","ww","A1","tijd","auto","tarifit::cefr::A1 tarifit::woordsoort::ww tarifit::thema::tijd"
"řwesṯ","midden","middle","B2","ww","A1","plaats & richting & geografie","auto","tarifit::cefr::A1 tarifit::woordsoort::ww tarifit::thema::pl"
"řweḏwaḏ","de vleermuis","the bat","B2","znw","A2","dieren","auto","tarifit::cefr::A2 tarifit::woordsoort::znw tarifit::thema::dier"
"řweḥc / abaɛoc","Beest","Beast","B2","znw_m_ev","A2","dieren","auto","tarifit::cefr::A2 tarifit::woordsoort::znw_m_ev tarifit::thema::dier"
"řxaa","iets goeds","something good","B1","ww","B2","overig","auto","tarifit::cefr::B2 tarifit::woordsoort::ww tarifit::thema::ov"
"řxaḏaa","wens","wish","B2","ww","A2","gevoel & denken","auto","tarifit::cefr::A2 tarifit::woordsoort::ww tarifit::thema::gev"
"řxeḏmeṯ","werk","work","B2","ww","A1","werk & beroep & ambacht","auto","tarifit::cefr::A1 tarifit::woordsoort::ww tarifit::thema::werk"
"řxuḏaaṯ","fruit, groente","fruit, vegetable","B2","ww","A1","eten & drinken","auto","tarifit::cefr::A1 tarifit::woordsoort::ww tarifit::thema::eten"
"řɛucc","het nest","the nest","B2","znw","A2","dieren","auto","tarifit::cefr::A2 tarifit::woordsoort::znw tarifit::thema::dier"
"řɣaraḏ","de bedoeling","the intention","B2","znw","A2","gevoel & denken","auto","tarifit::cefr::A2 tarifit::woordsoort::znw tarifit::thema::gev"
"řɣaḇeṯ","woud of bos","forest or woods","B2","ww","A2","natuur & weer","auto","tarifit::cefr::A2 tarifit::woordsoort::ww tarifit::thema::nat"
"řɣiğeṯ / ṯamyir","Oogst","Harvest","B2","znw_v_ev","B1","landbouw & veeteelt & visserij","auto","tarifit::cefr::B1 tarifit::woordsoort::znw_v_ev tarifit::thema::land"
"řḇaa","het vasteland","the mainland","B1","znw","B2","natuur & weer","auto","tarifit::cefr::B2 tarifit::woordsoort::znw tarifit::thema::nat"
"řḇac n řeqřeɛ","het zeil","the sail","C2","znw","B1","vervoer & reizen","auto","tarifit::cefr::B1 tarifit::woordsoort::znw tarifit::thema::verv"
"řḇedjuḏ","de eikel","the jerk","B2","znw","B2","natuur & weer","auto","tarifit::cefr::B2 tarifit::woordsoort::znw tarifit::thema::nat"
"řḇiṯ / axam","kamer","room","B1","znw_m_ev","A1","huis & huishouden","auto","tarifit::cefr::A1 tarifit::woordsoort::znw_m_ev tarifit::thema::huis"
"řḇumba","bom","bomb","B2","ww","A2","samenleving & volken","auto","tarifit::cefr::A2 tarifit::woordsoort::ww tarifit::thema::sam"
"řḇut","de laars","the boot","B1","znw","A2","kleding & sieraad","auto","tarifit::cefr::A2 tarifit::woordsoort::znw tarifit::thema::kled"
"řḥa","bezig zijn","are busy","B1","ww","A2","eigenschappen & kleuren","auto","tarifit::cefr::A2 tarifit::woordsoort::ww tarifit::thema::eig"
"řḥaaḏ","praat, gebabbel","talk, chatter","B2","ww","A2","taal & school & communicatie","auto","tarifit::cefr::A2 tarifit::woordsoort::ww tarifit::thema::taal"
"řḥajeṯ","ding","thing","B2","ww","A1","overig","auto","tarifit::cefr::A1 tarifit::woordsoort::ww tarifit::thema::ov"
"řḥař","situatie","situation","B1","ww","A2","overig","auto","tarifit::cefr::A2 tarifit::woordsoort::ww tarifit::thema::ov"
"řḥebb","het zaad","the seed","B2","znw","B1","landbouw & veeteelt & visserij","auto","tarifit::cefr::B1 tarifit::woordsoort::znw tarifit::thema::land"
"řḥedd (1)","zondag","Sunday","C1","ww","A1","tijd","auto","tarifit::cefr::A1 tarifit::woordsoort::ww tarifit::thema::tijd"
"řḥedd (2)","de grens","the border","C1","znw","A2","samenleving & volken","auto","tarifit::cefr::A2 tarifit::woordsoort::znw tarifit::thema::sam"
"řḥenni","henna","henna","B2","ww","B2","kleding & sieraad","auto","tarifit::cefr::B2 tarifit::woordsoort::ww tarifit::thema::kled"
"řḥeqq","gelijk, recht","right, straight","B2","ww","A2","eigenschappen & kleuren","auto","tarifit::cefr::A2 tarifit::woordsoort::ww tarifit::thema::eig"
"řḥess","het geluid of lawaai","the sound or noise","B2","znw","A2","overig","auto","tarifit::cefr::A2 tarifit::woordsoort::znw tarifit::thema::ov"
"řḥiḏ’","muur","wall","B2","ww","A1","huis & huishouden","auto","tarifit::cefr::A1 tarifit::woordsoort::ww tarifit::thema::huis"
"ǧem","spinnen","spiders","B1","ww","B1","werk & beroep & ambacht","check","tarifit::cefr::B1 tarifit::woordsoort::ww tarifit::thema::werk"
"ǧeqqaḏ","de tang","the pliers","B2","znw","B1","gereedschap & materiaal","auto","tarifit::cefr::B1 tarifit::woordsoort::znw tarifit::thema::ger"
"ɛaan","duwen","Push","B1","ww","A2","handelingen","auto","tarifit::cefr::A2 tarifit::woordsoort::ww tarifit::thema::doen"
"ɛaaḏ‘","uitnodigen","to invite","B2","ww","A2","samenleving & volken","auto","tarifit::cefr::A2 tarifit::woordsoort::ww tarifit::thema::sam"
"ɛadi","Gewoon","Just","B1","ww","A1","eigenschappen & kleuren","auto","tarifit::cefr::A1 tarifit::woordsoort::ww tarifit::thema::eig"
"ɛafak","Alstublieft","Please","B2","ww","A1","taal & school & communicatie","auto","tarifit::cefr::A1 tarifit::woordsoort::ww tarifit::thema::taal"
"ɛafak / cukran","Bedankt","Thank you","A2","ww","A1","taal & school & communicatie","auto","tarifit::cefr::A1 tarifit::woordsoort::ww tarifit::thema::taal"
"ɛaheḏ / qaweṛ","beloven","promise","B2","ww","A2","taal & school & communicatie","auto","tarifit::cefr::A2 tarifit::woordsoort::ww tarifit::thema::taal"
"ɛajib","verbazingwekkend","amazing","B2","ww","B1","eigenschappen & kleuren","auto","tarifit::cefr::B1 tarifit::woordsoort::ww tarifit::thema::eig"
"ɛamayen","twee jaar","two years","C1","ww","B1","tijd","auto","tarifit::cefr::B1 tarifit::woordsoort::ww tarifit::thema::tijd"
"ɛawen","helpen","to help","B2","ww","A1","handelingen","auto","tarifit::cefr::A1 tarifit::woordsoort::ww tarifit::thema::doen"
"ɛaweḏ","Herhalen, vertellen, navertellen","Repeat, tell, retell","B2","ww","A2","taal & school & communicatie","auto","tarifit::cefr::A2 tarifit::woordsoort::ww tarifit::thema::taal"
"ɛaweḏ (2)","opnieuw","again","C1","ww","A1","functiewoorden","auto","tarifit::cefr::A1 tarifit::woordsoort::ww tarifit::thema::gram"
"ɛayaa","proberen","try","B2","ww","A1","handelingen","auto","tarifit::cefr::A1 tarifit::woordsoort::ww tarifit::thema::doen"
"ɛbaa","meten, voor de gek houden","to measure, to fool","B1","znw","A2","getallen & hoeveelheid","auto","tarifit::cefr::A2 tarifit::woordsoort::znw tarifit::thema::get"
"Ɛbed","aanbidden","worship","B1","ww","B2","religie & leven-dood","auto","tarifit::cefr::B2 tarifit::woordsoort::ww tarifit::thema::rel"
"ɛebbez","persen","press","B2","ww","B1","handelingen","auto","tarifit::cefr::B1 tarifit::woordsoort::ww tarifit::thema::doen"
"ɛecra","tien","ten","A1","telw","A1","getallen & hoeveelheid","auto","tarifit::cefr::A1 tarifit::woordsoort::telw tarifit::thema::get"
"ɛemmaa","vol","full","B2","ww","A1","eigenschappen & kleuren","auto","tarifit::cefr::A1 tarifit::woordsoort::ww tarifit::thema::eig"
"ɛemmaas","nooit","never","B2","ww","A1","tijd","auto","tarifit::cefr::A1 tarifit::woordsoort::ww tarifit::thema::tijd"
"ɛemmeṛ","Invullen","To fill in","B2","ww","A2","taal & school & communicatie","auto","tarifit::cefr::A2 tarifit::woordsoort::ww tarifit::thema::taal"
"ɛenti","de tante (vaderszijde)","paternal aunt","A2","znw","A1","familie & mensen","auto","tarifit::cefr::A1 tarifit::woordsoort::znw tarifit::thema::fam"
"ɛess","bewaken, in 't oog houden","to guard, to keep an eye on","B1","ww","B1","samenleving & volken","auto","tarifit::cefr::B1 tarifit::woordsoort::ww tarifit::thema::sam"
"ɛettaa","te laat zijn","be late","B2","ww","A2","tijd","auto","tarifit::cefr::A2 tarifit::woordsoort::ww tarifit::thema::tijd"
"ɛeyyeḇ","nabootsen","imitate","B2","ww","B2","handelingen","auto","tarifit::cefr::B2 tarifit::woordsoort::ww tarifit::thema::doen"
"ɛeṣṣeb","Boos","Angry","B2","ww","A1","gevoel & denken","auto","tarifit::cefr::A1 tarifit::woordsoort::ww tarifit::thema::gev"
"ɛfes","stappen op","steps up","B1","ww","B1","handelingen","auto","tarifit::cefr::B1 tarifit::woordsoort::ww tarifit::thema::doen"
"ɛgez","lui","lazy","B1","ww","A2","eigenschappen & kleuren","auto","tarifit::cefr::A2 tarifit::woordsoort::ww tarifit::thema::eig"
"ɛicrin","twintig","twenty","B2","ww","A1","getallen & hoeveelheid","auto","tarifit::cefr::A1 tarifit::woordsoort::ww tarifit::thema::get"
"ɛifrit","de demon, het spook","the demon, the ghost","B2","znw","B2","religie & leven-dood","auto","tarifit::cefr::B2 tarifit::woordsoort::znw tarifit::thema::rel"
"ɛizz","geliefd zijn","be loved","B1","ww","B2","gevoel & denken","auto","tarifit::cefr::B2 tarifit::woordsoort::ww tarifit::thema::gev"
"ɛqeř","herinneren, herkennen, onthouden","to remember, to recognize","B1","ww","A2","gevoel & denken","auto","tarifit::cefr::A2 tarifit::woordsoort::ww tarifit::thema::gev"
"ɛzizi","de oom (vaderszijde), de oudere broer","paternal uncle, older brother","A2","znw","A1","familie & mensen","auto","tarifit::cefr::A1 tarifit::woordsoort::znw tarifit::thema::fam"
"ɛḏes","niezen","sneezing","B1","ww","A2","lichaam","auto","tarifit::cefr::A2 tarifit::woordsoort::ww tarifit::thema::lich"
"ɛḏeř","maken, repareren","make, repair","B1","ww","A1","handelingen","auto","tarifit::cefr::A1 tarifit::woordsoort::ww tarifit::thema::doen"
"ɛḏu","passeren","pass","B1","ww","A2","handelingen","auto","tarifit::cefr::A2 tarifit::woordsoort::ww tarifit::thema::doen"
"ɛṛahaṛ / ggua","bijna","almost","B1","ww","A1","functiewoorden","auto","tarifit::cefr::A1 tarifit::woordsoort::ww tarifit::thema::gram"
"ɣa","exclamatief partikel ('wat een!')","exclamative particle ('what a!')","B2","ww","B2","functiewoorden","auto","tarifit::cefr::B2 tarifit::woordsoort::ww tarifit::thema::gram"
"ɣaa","Naar","Nasty","B2","vz","A1","functiewoorden","auto","tarifit::cefr::A1 tarifit::woordsoort::vz tarifit::thema::gram"
"ɣaa (2)","lezen","read","B2","ww","A1","taal & school & communicatie","auto","tarifit::cefr::A1 tarifit::woordsoort::ww tarifit::thema::taal"
"ɣaaq","verdrinken","drown","B1","ww","B1","gezondheid","auto","tarifit::cefr::B1 tarifit::woordsoort::ww tarifit::thema::gez"
"ɣaas / carreg / qqaas","scheuren","cracks","B2","ww","A2","handelingen","auto","tarifit::cefr::A2 tarifit::woordsoort::ww tarifit::thema::doen"
"ɣaaḇeř","zeven of ziften","to sieve or to sift","B2","ww","B2","eten & drinken","auto","tarifit::cefr::B2 tarifit::woordsoort::ww tarifit::thema::eten"
"ɣanim","bamboe","bamboo","B2","ww","B1","natuur & weer","auto","tarifit::cefr::B1 tarifit::woordsoort::ww tarifit::thema::nat"
"ɣarr","de jaloezie","the jealousy","B1","znw","B1","gevoel & denken","auto","tarifit::cefr::B1 tarifit::woordsoort::znw tarifit::thema::gev"
"ɣayṯa","Koek","Cake","B2","ww","A1","eten & drinken","auto","tarifit::cefr::A1 tarifit::woordsoort::ww tarifit::thema::eten"
"ɣaḇyuta","de meeuw","the seagull","B2","znw","B1","dieren","auto","tarifit::cefr::B1 tarifit::woordsoort::znw tarifit::thema::dier"
"ɣennej","zingen","to sing","B2","ww","A1","muziek & kunst","auto","tarifit::cefr::A1 tarifit::woordsoort::ww tarifit::thema::muz"
"ɣiř","Arm","Arm","B1","ww","A1","lichaam","check","tarifit::cefr::A1 tarifit::woordsoort::ww tarifit::thema::lich"
"ɣmez","knipperen","flashing","B1","ww","B1","lichaam","auto","tarifit::cefr::B1 tarifit::woordsoort::ww tarifit::thema::lich"
"ɣuttis","duiken","to dive","B2","ww","A2","handelingen","auto","tarifit::cefr::A2 tarifit::woordsoort::ww tarifit::thema::doen"
"ɣřeḏ / falta / ɣlet/ ḇuqqaa","Fout","Wrong","B1","ww","A1","overig","auto","tarifit::cefr::A1 tarifit::woordsoort::ww tarifit::thema::ov"
"ɣḏaa","verraden","betrayed","B1","ww","B1","samenleving & volken","auto","tarifit::cefr::B1 tarifit::woordsoort::ww tarifit::thema::sam"
"ɣḏes","zinken","to sink","B1","ww","B1","handelingen","auto","tarifit::cefr::B1 tarifit::woordsoort::ww tarifit::thema::doen"
"ɣḏeř","laten vallen","drop","B1","ww","B1","handelingen","auto","tarifit::cefr::B1 tarifit::woordsoort::ww tarifit::thema::doen"
"ḇaac","knielen","kneel","B1","ww","B1","lichaam","auto","tarifit::cefr::B1 tarifit::woordsoort::ww tarifit::thema::lich"
"ḇaaḏ","poepen","poop","B1","ww","A2","lichaam","auto","tarifit::cefr::A2 tarifit::woordsoort::ww tarifit::thema::lich"
"ḇarra","buiten","outside","B2","ww","A1","plaats & richting & geografie","auto","tarifit::cefr::A1 tarifit::woordsoort::ww tarifit::thema::pl"
"ḇarreḥ","aankondigen","announce","B2","ww","B1","taal & school & communicatie","auto","tarifit::cefr::B1 tarifit::woordsoort::ww tarifit::thema::taal"
"ḇayana","de walvis","the whale","B2","znw","A2","dieren","auto","tarifit::cefr::A2 tarifit::woordsoort::znw tarifit::thema::dier"
"ḇaɣeř","kraai","crow","B2","ww","B1","dieren","auto","tarifit::cefr::B1 tarifit::woordsoort::ww tarifit::thema::dier"
"ḇaḇa","vader","father","B1","ww","A1","familie & mensen","auto","tarifit::cefr::A1 tarifit::woordsoort::ww tarifit::thema::fam"
"ḇaḇaɣayyu","de papegaai","the parrot","C1","znw","A2","dieren","auto","tarifit::cefr::A2 tarifit::woordsoort::znw tarifit::thema::dier"
"ḇecc","plassen","pee","B1","ww","A2","lichaam","auto","tarifit::cefr::A2 tarifit::woordsoort::ww tarifit::thema::lich"
"ḇeddeř","veranderen, wisselen","change, change","B2","ww","A1","handelingen","auto","tarifit::cefr::A1 tarifit::woordsoort::ww tarifit::thema::doen"
"ḇeddu","het begin","the beginning","B2","znw","A1","tijd","auto","tarifit::cefr::A1 tarifit::woordsoort::znw tarifit::thema::tijd"
"ḇinu","de wijn","the wine","B1","znw","A1","eten & drinken","auto","tarifit::cefr::A1 tarifit::woordsoort::znw tarifit::thema::eten"
"ḇirra","Bier","Beer","B2","ww","A1","eten & drinken","auto","tarifit::cefr::A1 tarifit::woordsoort::ww tarifit::thema::eten"
"ḇna","bouwen","build","B1","ww","A2","huis & huishouden","auto","tarifit::cefr::A2 tarifit::woordsoort::ww tarifit::thema::huis"
"ḇnaḏem","de persoon","the person","B2","znw","A1","familie & mensen","auto","tarifit::cefr::A1 tarifit::woordsoort::znw tarifit::thema::fam"
"ḇucceř","de slak","the snail","B2","znw","A2","dieren","auto","tarifit::cefr::A2 tarifit::woordsoort::znw tarifit::thema::dier"
"ḇuheyyuf","de hongersnood","the famine","C1","znw","B2","samenleving & volken","auto","tarifit::cefr::B2 tarifit::woordsoort::znw tarifit::thema::sam"
"ḇulun","de schroef","the screw","B2","znw","B1","gereedschap & materiaal","auto","tarifit::cefr::B1 tarifit::woordsoort::znw tarifit::thema::ger"
"ḇurres","het metselmortel","the masonry mortar","B2","znw","B2","gereedschap & materiaal","auto","tarifit::cefr::B2 tarifit::woordsoort::znw tarifit::thema::ger"
"ḇururu","de darmen","the intestines","B2","znw","B1","lichaam","auto","tarifit::cefr::B1 tarifit::woordsoort::znw tarifit::thema::lich"
"ḇuwaccawen","de hoorn of trompet","the horn or trumpet","C1","znw","B2","muziek & kunst","auto","tarifit::cefr::B2 tarifit::woordsoort::znw tarifit::thema::muz"
"ḇřa","zonder","without","B1","ww","A1","functiewoorden","auto","tarifit::cefr::A1 tarifit::woordsoort::ww tarifit::thema::gram"
"ḇḏa","beginnen, delen","to start, to share","B1","ww","A1","handelingen","auto","tarifit::cefr::A1 tarifit::woordsoort::ww tarifit::thema::doen"
"ḍazḍaḏ","Mager","Skinny","B2","ww","A2","eigenschappen & kleuren","auto","tarifit::cefr::A2 tarifit::woordsoort::ww tarifit::thema::eig"
"Ḍuru","0,5 dirham (munt)","0.5 dirham (coin)","B1","ww","A1","getallen & hoeveelheid","auto","tarifit::cefr::A1 tarifit::woordsoort::ww tarifit::thema::get"
"ḍḍaa","afstappen, uitstappen","get off, get off","B1","ww","B1","vervoer & reizen","auto","tarifit::cefr::B1 tarifit::woordsoort::ww tarifit::thema::verv"
"ḍḍiblum","Diploma","Diploma","B2","ww","A2","taal & school & communicatie","auto","tarifit::cefr::A2 tarifit::woordsoort::ww tarifit::thema::taal"
"ḍḍrif","Aardig","Nice","B2","ww","A1","eigenschappen & kleuren","auto","tarifit::cefr::A1 tarifit::woordsoort::ww tarifit::thema::eig"
"ḍḏiwana","Douane","Customs","B2","ww","B1","samenleving & volken","auto","tarifit::cefr::B1 tarifit::woordsoort::ww tarifit::thema::sam"
"ḍḏsas","Basis","Basic","B2","ww","A2","overig","auto","tarifit::cefr::A2 tarifit::woordsoort::ww tarifit::thema::ov"
"ḏ","en (+ Verbonden Staat)","and (+ Related State)","A1","voegw","A1","functiewoorden","auto","tarifit::cefr::A1 tarifit::woordsoort::voegw tarifit::thema::gram"
"ḏa / ḏaniṯa","hier","here","B2","ww","A1","plaats & richting & geografie","auto","tarifit::cefr::A1 tarifit::woordsoort::ww tarifit::thema::pl"
"ḏaa","Been","Leg","B1","ww","A1","lichaam","auto","tarifit::cefr::A1 tarifit::woordsoort::ww tarifit::thema::lich"
"ḏaa (1)","Voet","Foot","B2","ww","A1","lichaam","auto","tarifit::cefr::A1 tarifit::woordsoort::ww tarifit::thema::lich"
"ḏarr","beschadigen","damage","B1","ww","B1","handelingen","auto","tarifit::cefr::B1 tarifit::woordsoort::ww tarifit::thema::doen"
"ḏarrez","weven","to weave","B2","ww","B1","werk & beroep & ambacht","auto","tarifit::cefr::B1 tarifit::woordsoort::ww tarifit::thema::werk"
"ḏarreɛ","omhelzen","embrace","B2","ww","B1","handelingen","auto","tarifit::cefr::B1 tarifit::woordsoort::ww tarifit::thema::doen"
"ḏaḏ","vinger","finger","B1","ww","A1","lichaam","auto","tarifit::cefr::A1 tarifit::woordsoort::ww tarifit::thema::lich"
"ḏebbaa / ḥkem","regelen, regeren","to regulate, to govern","B1","ww","A2","handelingen","auto","tarifit::cefr::A2 tarifit::woordsoort::ww tarifit::thema::doen"
"ḏeř","bedekken","cover","B1","ww","B1","handelingen","auto","tarifit::cefr::B1 tarifit::woordsoort::ww tarifit::thema::doen"
"ḏeɣya","snel, binnenkort","quickly, soon","B2","ww","A1","eigenschappen & kleuren","auto","tarifit::cefr::A1 tarifit::woordsoort::ww tarifit::thema::eig"
"ḏfaa","volgen, Achtervolgen","to follow, to chase","B1","ww","A1","handelingen","auto","tarifit::cefr::A1 tarifit::woordsoort::ww tarifit::thema::doen"
"ḏfes","(op)vouwen","to fold","B1","ww","A2","handelingen","auto","tarifit::cefr::A2 tarifit::woordsoort::ww tarifit::thema::doen"
"ḏi","in, door","in, through","B2","vz","A1","functiewoorden","auto","tarifit::cefr::A1 tarifit::woordsoort::vz tarifit::thema::gram"
"ḏin","daar","there","B2","ww","A1","plaats & richting & geografie","auto","tarifit::cefr::A1 tarifit::woordsoort::ww tarifit::thema::pl"
"ḏrus","weinig","little","B1","ww","A1","getallen & hoeveelheid","auto","tarifit::cefr::A1 tarifit::woordsoort::ww tarifit::thema::get"
"ḏu / faafaa","vliegen","to fly","B1","ww","A1","handelingen","auto","tarifit::cefr::A1 tarifit::woordsoort::ww tarifit::thema::doen"
"ḏuṛ","rondlopen","walking around","B1","ww","B1","handelingen","auto","tarifit::cefr::B1 tarifit::woordsoort::ww tarifit::thema::doen"
"ḏweř","worden","to become","B1","ww","A1","functiewoorden","auto","tarifit::cefr::A1 tarifit::woordsoort::ww tarifit::thema::gram"
"ḏweř / ɛqeḇ /","terugkomen","come back","B1","ww","A2","handelingen","auto","tarifit::cefr::A2 tarifit::woordsoort::ww tarifit::thema::doen"
"ḏyes ttiḇeṯ","proeven","samples","C2","ww","A2","eten & drinken","auto","tarifit::cefr::A2 tarifit::woordsoort::ww tarifit::thema::eten"
"ḏřem / amaawas","de schuld","the debt","B1","znw_m_ev","A2","handel & geld","check","tarifit::cefr::A2 tarifit::woordsoort::znw_m_ev tarifit::thema::hdl"
"ḏřeq","loslaten","let go","B1","ww","A2","handelingen","auto","tarifit::cefr::A2 tarifit::woordsoort::ww tarifit::thema::doen"
"ḏřeq / fekk","bevrijden, oplossen","liberate, dissolve","B1","ww","B1","samenleving & volken","auto","tarifit::cefr::B1 tarifit::woordsoort::ww tarifit::thema::sam"
"ḏɛef / yaxu","zwak","weak","B1","ww","A2","eigenschappen & kleuren","auto","tarifit::cefr::A2 tarifit::woordsoort::ww tarifit::thema::eig"
"ḏḥec / ssfianen","lachen, glimlachen","laughing, smiling","B1","ww","A1","gevoel & denken","auto","tarifit::cefr::A1 tarifit::woordsoort::ww tarifit::thema::gev"
"ḏṛuj","Trap","Stairs","B1","ww","A1","huis & huishouden","auto","tarifit::cefr::A1 tarifit::woordsoort::ww tarifit::thema::huis"
"ḥaac (1)","de mantel","the cloak","C1","znw","B1","kleding & sieraad","auto","tarifit::cefr::B1 tarifit::woordsoort::znw tarifit::thema::kled"
"ḥaawec","oprapen","pick up","B2","ww","B1","handelingen","auto","tarifit::cefr::B1 tarifit::woordsoort::ww tarifit::thema::doen"
"ḥaay","vermalen","grind","B1","ww","B2","eten & drinken","auto","tarifit::cefr::B2 tarifit::woordsoort::ww tarifit::thema::eten"
"ḥala mḏania / lizḏiyaṯ","Geboorteakte","Birth certificate","C1","ww","B1","samenleving & volken","auto","tarifit::cefr::B1 tarifit::woordsoort::ww tarifit::thema::sam"
"ḥalawit","snoep","sweets","B2","ww","A1","eten & drinken","auto","tarifit::cefr::A1 tarifit::woordsoort::ww tarifit::thema::eten"
"ḥarek / hjem","de aanval","the attack","B1","znw","B1","samenleving & volken","auto","tarifit::cefr::B1 tarifit::woordsoort::znw tarifit::thema::sam"
"ḥarrec","roeren of mengen","stirring or mixing","B2","ww","B1","eten & drinken","auto","tarifit::cefr::B1 tarifit::woordsoort::ww tarifit::thema::eten"
"ḥarreḇ","waaieren","to fan","B2","ww","B2","handelingen","auto","tarifit::cefr::B2 tarifit::woordsoort::ww tarifit::thema::doen"
"ḥaseb","berispen, straffen","reprimand, punish","B2","ww","B2","taal & school & communicatie","auto","tarifit::cefr::B2 tarifit::woordsoort::ww tarifit::thema::taal"
"ḥaweř","voorzichtig zijn","to be careful","B2","ww","A2","eigenschappen & kleuren","auto","tarifit::cefr::A2 tarifit::woordsoort::ww tarifit::thema::eig"
"ḥayaa","verbaasd","surprised","B2","ww","A2","gevoel & denken","auto","tarifit::cefr::A2 tarifit::woordsoort::ww tarifit::thema::gev"
"ḥayawan / imuddar","Dieren","Animals","B2","ww","A1","dieren","auto","tarifit::cefr::A1 tarifit::woordsoort::ww tarifit::thema::dier"
"ḥaḏa","aanraken","to touch","B1","ww","A2","handelingen","auto","tarifit::cefr::A2 tarifit::woordsoort::ww tarifit::thema::doen"
"ḥebbe-mluk","Kers","Cherry","C1","ww","A2","eten & drinken","auto","tarifit::cefr::A2 tarifit::woordsoort::ww tarifit::thema::eten"
"ḥedd","begrenzen, iemand","to limit, someone","B2","ww","B2","plaats & richting & geografie","auto","tarifit::cefr::B2 tarifit::woordsoort::ww tarifit::thema::pl"
"ḥeddeṯ","prediken","preach","B2","ww","B2","religie & leven-dood","auto","tarifit::cefr::B2 tarifit::woordsoort::ww tarifit::thema::rel"
"ḥekk","wrijven","to rub","B1","ww","B1","handelingen","auto","tarifit::cefr::B1 tarifit::woordsoort::ww tarifit::thema::doen"
"ḥenna","Grootmoeder","Grandmother","A2","ww","A1","familie & mensen","auto","tarifit::cefr::A1 tarifit::woordsoort::ww tarifit::thema::fam"
"ḥfaa","graven","to dig","B1","ww","A2","handelingen","auto","tarifit::cefr::A2 tarifit::woordsoort::ww tarifit::thema::doen"
"ḥidɛac","elf","eleven","B2","ww","A1","getallen & hoeveelheid","auto","tarifit::cefr::A1 tarifit::woordsoort::ww tarifit::thema::get"
"ḥkem","veroordelen","condemn","B1","ww","B1","samenleving & volken","auto","tarifit::cefr::B1 tarifit::woordsoort::ww tarifit::thema::sam"
"ḥma","warm","warm","B1","ww","A1","eigenschappen & kleuren","auto","tarifit::cefr::A1 tarifit::woordsoort::ww tarifit::thema::eig"
"ḥra","verdienen","earn","B1","ww","A2","handel & geld","auto","tarifit::cefr::A2 tarifit::woordsoort::ww tarifit::thema::hdl"
"ḥraq / cmeḏ","Aanbranden","Burning","B1","ww","B1","eten & drinken","auto","tarifit::cefr::B1 tarifit::woordsoort::ww tarifit::thema::eten"
"ḥsaa","smal","narrow","B1","ww","A2","eigenschappen & kleuren","auto","tarifit::cefr::A2 tarifit::woordsoort::ww tarifit::thema::eig"
"ḥseb","Rekenen","Calculate","B1","ww","A1","getallen & hoeveelheid","auto","tarifit::cefr::A1 tarifit::woordsoort::ww tarifit::thema::get"
"ḥsen","Beter","Better","B1","ww","A1","eigenschappen & kleuren","auto","tarifit::cefr::A1 tarifit::woordsoort::ww tarifit::thema::eig"
"ḥseḇ","tellen","to count","B1","ww","A1","getallen & hoeveelheid","auto","tarifit::cefr::A1 tarifit::woordsoort::ww tarifit::thema::get"
"ḥzen","het verdriet","the sadness","B1","znw","A2","gevoel & denken","auto","tarifit::cefr::A2 tarifit::woordsoort::znw tarifit::thema::gev"
"ḥřuttef","glijden","slide","B2","ww","A2","handelingen","auto","tarifit::cefr::A2 tarifit::woordsoort::ww tarifit::thema::doen"
"ḥḏaa","een oogje in 't zeil houden","keep an eye on things","B1","znw","B2","handelingen","auto","tarifit::cefr::B2 tarifit::woordsoort::znw tarifit::thema::doen"
"ḥḏaj","de behoefte","the need","B1","znw","A2","gevoel & denken","auto","tarifit::cefr::A2 tarifit::woordsoort::znw tarifit::thema::gev"
"ḥṛu","slurpen, dik soep eten","slurping, eating thick soup","B1","ww","B2","eten & drinken","auto","tarifit::cefr::B2 tarifit::woordsoort::ww tarifit::thema::eten"
"ḵsi","Dragen, nemen, pakken, optillen","Carry, take, grab, lift","B1","ww","A1","handelingen","auto","tarifit::cefr::A1 tarifit::woordsoort::ww tarifit::thema::doen"
"ṛalla","mevrouw, vrouw paternale oom","madam, paternal uncle's wife","B2","ww","A1","taal & school & communicatie","auto","tarifit::cefr::A1 tarifit::woordsoort::ww tarifit::thema::taal"
"ṛebḥaṛ","Strand","Beach","B2","ww","A1","natuur & weer","auto","tarifit::cefr::A1 tarifit::woordsoort::ww tarifit::thema::nat"
"ṛemṛac","Huwelijk","Wedding","B2","ww","A2","familie & mensen","auto","tarifit::cefr::A2 tarifit::woordsoort::ww tarifit::thema::fam"
"ṛeqhawi","Cafés","Cafes","B2","ww","A1","eten & drinken","auto","tarifit::cefr::A1 tarifit::woordsoort::ww tarifit::thema::eten"
"ṛeḥṛua / ṛečub","Kruiden","Spices","B2","ww","A2","eten & drinken","auto","tarifit::cefr::A2 tarifit::woordsoort::ww tarifit::thema::eten"
"ṛmaṛyu","Kast","Closet","B2","ww","A1","huis & huishouden","auto","tarifit::cefr::A1 tarifit::woordsoort::ww tarifit::thema::huis"
"ṛqa","tegen iets aanlopen, spontaan ontmoeten","bumping into something, meeting spontaneously","B1","ww","B2","handelingen","auto","tarifit::cefr::B2 tarifit::woordsoort::ww tarifit::thema::doen"
"ṛqebb","kap (van ǧellaba)","hood (from ǧellaba)","B2","ww","B1","kleding & sieraad","check","tarifit::cefr::B1 tarifit::woordsoort::ww tarifit::thema::kled"
"ṛwaḥ","griep","Flu","B1","ww","A2","gezondheid","auto","tarifit::cefr::A2 tarifit::woordsoort::ww tarifit::thema::gez"
"ṛxeḏini","dan, toen, vervolgens","then, then, then","B2","ww","A1","functiewoorden","auto","tarifit::cefr::A1 tarifit::woordsoort::ww tarifit::thema::gram"
"ṛṛaqem","nummer","number","B2","ww","A1","getallen & hoeveelheid","auto","tarifit::cefr::A1 tarifit::woordsoort::ww tarifit::thema::get"
"ṛṛiḏu","Gordijn","Curtain","B2","ww","A2","huis & huishouden","auto","tarifit::cefr::A2 tarifit::woordsoort::ww tarifit::thema::huis"
"ṣaḥafi","Journalist","Journalist","B2","ww","A2","werk & beroep & ambacht","auto","tarifit::cefr::A2 tarifit::woordsoort::ww tarifit::thema::werk"
"ṣbaḥ lxir","Goedemorgen","Good morning","C1","ww","A1","taal & school & communicatie","auto","tarifit::cefr::A1 tarifit::woordsoort::ww tarifit::thema::taal"
"ṣṣaa","verzachten, beschermen","soften, protect","B1","ww","B2","handelingen","auto","tarifit::cefr::B2 tarifit::woordsoort::ww tarifit::thema::doen"
"ṣṣaɛeṯ","Klok, uur","Clock, hour","B2","ww","A1","tijd","auto","tarifit::cefr::A1 tarifit::woordsoort::ww tarifit::thema::tijd"
"ṣṣaḥeṯ","gezondheid","health","B2","ww","A1","gezondheid","auto","tarifit::cefr::A1 tarifit::woordsoort::ww tarifit::thema::gez"
"ṣṣaṛf","(terug)wisselgeld","(return) change","B2","ww","A2","handel & geld","auto","tarifit::cefr::A2 tarifit::woordsoort::ww tarifit::thema::hdl"
"ṣṣbeṛ","Geduld","Patience","B2","ww","A2","gevoel & denken","auto","tarifit::cefr::A2 tarifit::woordsoort::ww tarifit::thema::gev"
"ṣṣehḏ","hitte","heat","B2","ww","A2","natuur & weer","auto","tarifit::cefr::A2 tarifit::woordsoort::ww tarifit::thema::nat"
"ṣṣenɛeṯ","(ambachts)kunst","(craft) art","C1","ww","A2","muziek & kunst","auto","tarifit::cefr::A2 tarifit::woordsoort::ww tarifit::thema::muz"
"ṣṣurif","stap","step","B2","ww","A2","handelingen","auto","tarifit::cefr::A2 tarifit::woordsoort::ww tarifit::thema::doen"
"ṣṣuḍeṣ","doen slapen","make you sleep","B2","ww","B2","handelingen","auto","tarifit::cefr::B2 tarifit::woordsoort::ww tarifit::thema::doen"
"ṣṣḍeɛ","Lawaai","Noise","B2","ww","A2","overig","auto","tarifit::cefr::A2 tarifit::woordsoort::ww tarifit::thema::ov"
"ṣṣṭupp","verkeerslicht","traffic light","B2","ww","A2","vervoer & reizen","auto","tarifit::cefr::A2 tarifit::woordsoort::ww tarifit::thema::verv"
"ṭṭajaa","rijke persoon, koopman","rich person, merchant","B2","ww","B1","samenleving & volken","auto","tarifit::cefr::B1 tarifit::woordsoort::ww tarifit::thema::sam"
"ṭṭebṛa","verslaafd zijn","be addicted","B2","ww","B1","gezondheid","auto","tarifit::cefr::B1 tarifit::woordsoort::ww tarifit::thema::gez"
"ṭṭeḥqiq","controle","control","B2","ww","A2","samenleving & volken","auto","tarifit::cefr::A2 tarifit::woordsoort::ww tarifit::thema::sam"
"ṭṭiyaṛa","vliegtuig","airplane","B2","ww","A1","vervoer & reizen","auto","tarifit::cefr::A1 tarifit::woordsoort::ww tarifit::thema::verv"
"ṭṭuṛ","Lengte","Length","B1","ww","A2","getallen & hoeveelheid","auto","tarifit::cefr::A2 tarifit::woordsoort::ww tarifit::thema::get"
"ṯaaffixṯ","de blaar","the blister","C1","znw_v_ev","B1","gezondheid","auto","tarifit::cefr::B1 tarifit::woordsoort::znw_v_ev tarifit::thema::gez"
"ṯaafiqṯ","de clan","the clan","B2","znw_v_ev","B2","samenleving & volken","auto","tarifit::cefr::B2 tarifit::woordsoort::znw_v_ev tarifit::thema::sam"
"ṯaawa","de nakomelingen","the descendants","B2","znw_v_ev","B2","familie & mensen","auto","tarifit::cefr::B2 tarifit::woordsoort::znw_v_ev tarifit::thema::fam"
"ṯaayasṯ","moed","courage","B2","znw_v_ev","A2","gevoel & denken","auto","tarifit::cefr::A2 tarifit::woordsoort::znw_v_ev tarifit::thema::gev"
"ṯaaḇifṯ","stiefdochter","stepdaughter","B2","znw_v_ev","B1","familie & mensen","auto","tarifit::cefr::B1 tarifit::woordsoort::znw_v_ev tarifit::thema::fam"
"ṯacemmusṯ","pakje","package","C1","znw_v_ev","A2","overig","auto","tarifit::cefr::A2 tarifit::woordsoort::znw_v_ev tarifit::thema::ov"
"ṯacna","de stiefmoeder","the stepmother","B2","znw_v_ev","B1","familie & mensen","auto","tarifit::cefr::B1 tarifit::woordsoort::znw_v_ev tarifit::thema::fam"
"ṯacɛefṯ","de enkel","the ankle","B2","znw_v_ev","A2","lichaam","check","tarifit::cefr::A2 tarifit::woordsoort::znw_v_ev tarifit::thema::lich"
"ṯaddaaṯ","huis","house","B2","znw_v_ev","A1","huis & huishouden","auto","tarifit::cefr::A1 tarifit::woordsoort::znw_v_ev tarifit::thema::huis"
"ṯaddexṯ","de oksel","the armpit","B2","znw_v_ev","B1","lichaam","auto","tarifit::cefr::B1 tarifit::woordsoort::znw_v_ev tarifit::thema::lich"
"ṯafarṯ","Pagina","Page","B2","znw_v_ev","A1","taal & school & communicatie","auto","tarifit::cefr::A1 tarifit::woordsoort::znw_v_ev tarifit::thema::taal"
"ṯafeǧaḥṯ","boerin","farmer's wife","C1","znw_v_ev","A2","landbouw & veeteelt & visserij","auto","tarifit::cefr::A2 tarifit::woordsoort::znw_v_ev tarifit::thema::land"
"ṯafransisṯ","Frans","French","C1","znw_v_ev","A1","taal & school & communicatie","auto","tarifit::cefr::A1 tarifit::woordsoort::znw_v_ev tarifit::thema::taal"
"ṯafunasṯ","koe","cow","B1","znw_v_ev","A1","dieren","auto","tarifit::cefr::A1 tarifit::woordsoort::znw_v_ev tarifit::thema::dier"
"ṯafřewṯ","de plank, hout","the plank, wood","B2","znw_v_ev","A2","huis & huishouden","auto","tarifit::cefr::A2 tarifit::woordsoort::znw_v_ev tarifit::thema::huis"
"ṯajarrat","het wiel","the wheel","C1","znw_v_ev","A2","vervoer & reizen","auto","tarifit::cefr::A2 tarifit::woordsoort::znw_v_ev tarifit::thema::verv"
"ṯajeǧitt","de koningin","the queen","C1","znw_v_ev","A1","samenleving & volken","auto","tarifit::cefr::A1 tarifit::woordsoort::znw_v_ev tarifit::thema::sam"
"ṯakciṯa","de jurk","the dress","B2","znw_v_ev","A1","kleding & sieraad","auto","tarifit::cefr::A1 tarifit::woordsoort::znw_v_ev tarifit::thema::kled"
"ṯakeccucṯ","stokje, tandenstoker","stick, toothpick","C1","znw_v_ev","B1","gereedschap & materiaal","auto","tarifit::cefr::B1 tarifit::woordsoort::znw_v_ev tarifit::thema::ger"
"ṯakiḏaaṯ","de merrie","the mare","C1","znw_v_ev","B2","dieren","auto","tarifit::cefr::B2 tarifit::woordsoort::znw_v_ev tarifit::thema::dier"
"ṯalimanṯ","Duits","German","C1","znw_v_ev","A1","taal & school & communicatie","auto","tarifit::cefr::A1 tarifit::woordsoort::znw_v_ev tarifit::thema::taal"
"ṯallajṯ","Koelkast","Refrigerator","B2","znw_v_ev","A1","huis & huishouden","auto","tarifit::cefr::A1 tarifit::woordsoort::znw_v_ev tarifit::thema::huis"
"ṯalwisṯ","stuk goud","piece of gold","B2","znw_v_ev","B2","handel & geld","auto","tarifit::cefr::B2 tarifit::woordsoort::znw_v_ev tarifit::thema::hdl"
"ṯamaṛaqṯ","Erwtensoep","Pea soup","C1","znw_v_ev","A2","eten & drinken","auto","tarifit::cefr::A2 tarifit::woordsoort::znw_v_ev tarifit::thema::eten"
"ṯamcett","de borstel, kam","the brush, comb","B2","znw_v_ev","A2","huis & huishouden","auto","tarifit::cefr::A2 tarifit::woordsoort::znw_v_ev tarifit::thema::huis"
"ṯamcett n yiɣess","de duizendpoot","the centipede","C2","znw_v_ev","B2","dieren","auto","tarifit::cefr::B2 tarifit::woordsoort::znw_v_ev tarifit::thema::dier"
"ṯamcunṯ","stoute vrouw","naughty woman","B2","znw_v_ev","B2","samenleving & volken","auto","tarifit::cefr::B2 tarifit::woordsoort::znw_v_ev tarifit::thema::sam"
"ṯameddiṯ","avond","evening","B2","znw_v_ev","A1","tijd","auto","tarifit::cefr::A1 tarifit::woordsoort::znw_v_ev tarifit::thema::tijd"
"ṯamedjač","ei","egg","C1","znw_v_ev","A1","eten & drinken","auto","tarifit::cefr::A1 tarifit::woordsoort::znw_v_ev tarifit::thema::eten"
"ṯamenɣawṯ","de moord","the murder","C1","znw_v_ev","A2","samenleving & volken","auto","tarifit::cefr::A2 tarifit::woordsoort::znw_v_ev tarifit::thema::sam"
"ṯameqyasṯ","de armband","the bracelet","C1","znw_v_ev","A2","kleding & sieraad","auto","tarifit::cefr::A2 tarifit::woordsoort::znw_v_ev tarifit::thema::kled"
"ṯamessatt","de heup","the hip","C1","znw_v_ev","B1","lichaam","auto","tarifit::cefr::B1 tarifit::woordsoort::znw_v_ev tarifit::thema::lich"
"ṯamesřemṯ","moslimvrouw, Islam","Muslim woman, Islam","C1","znw_v_ev","B1","religie & leven-dood","auto","tarifit::cefr::B1 tarifit::woordsoort::znw_v_ev tarifit::thema::rel"
"ṯameɛmuč","het perceel","the plot","C1","znw_v_ev","B2","landbouw & veeteelt & visserij","auto","tarifit::cefr::B2 tarifit::woordsoort::znw_v_ev tarifit::thema::land"
"ṯameḏwasṯ","Bezem","Broom","C1","znw_v_ev","A2","huis & huishouden","auto","tarifit::cefr::A2 tarifit::woordsoort::znw_v_ev tarifit::thema::huis"
"ṯameḥṯac","vrouw die gras snijdt","woman who cuts grass","C1","znw_v_ev","B2","landbouw & veeteelt & visserij","auto","tarifit::cefr::B2 tarifit::woordsoort::znw_v_ev tarifit::thema::land"
"ṯameṣɛecṯ","vrouwelijke bedelaar","female beggar","C1","znw_v_ev","B2","samenleving & volken","auto","tarifit::cefr::B2 tarifit::woordsoort::znw_v_ev tarifit::thema::sam"
"ṯamja","fluit","whistle","B2","znw_v_ev","A2","muziek & kunst","auto","tarifit::cefr::A2 tarifit::woordsoort::znw_v_ev tarifit::thema::muz"
"ṯamment","Honing","Honey","B2","znw_v_ev","A2","eten & drinken","auto","tarifit::cefr::A2 tarifit::woordsoort::znw_v_ev tarifit::thema::eten"
"ṯammuaṯ","land, vloer","country, floor","C1","znw_v_ev","A2","natuur & weer","check","tarifit::cefr::A2 tarifit::woordsoort::znw_v_ev tarifit::thema::nat"
"ṯammurṯ","Aarde (Grond)","Earth (Ground)","B2","znw_v_ev","A2","natuur & weer","auto","tarifit::cefr::A2 tarifit::woordsoort::znw_v_ev tarifit::thema::nat"
"ṯamziyḏa","moskee","mosque","C1","znw_v_ev","A2","religie & leven-dood","auto","tarifit::cefr::A2 tarifit::woordsoort::znw_v_ev tarifit::thema::rel"
"ṯamɣārṯ","vrouw","woman","B2","znw_v_ev","A1","familie & mensen","auto","tarifit::cefr::A1 tarifit::woordsoort::znw_v_ev tarifit::thema::fam"
"ṯamɣaṛṯ n ṯaḏḏarṯ","Huisvrouw","Housewife","C2","znw_v_ev","A2","familie & mensen","auto","tarifit::cefr::A2 tarifit::woordsoort::znw_v_ev tarifit::thema::fam"
"ṯandint","stad","city","B2","znw_v_ev","A1","plaats & richting & geografie","auto","tarifit::cefr::A1 tarifit::woordsoort::znw_v_ev tarifit::thema::pl"
"ṯanewwacṯ","de bloem","the flower","C1","znw_v_ev","A1","natuur & weer","auto","tarifit::cefr::A1 tarifit::woordsoort::znw_v_ev tarifit::thema::nat"
"ṯanwač","de hut","the hut","B2","znw_v_ev","B1","huis & huishouden","auto","tarifit::cefr::B1 tarifit::woordsoort::znw_v_ev tarifit::thema::huis"
"ṯanyana","weer, opnieuw","again","C1","ww","A1","natuur & weer","auto","tarifit::cefr::A1 tarifit::woordsoort::ww tarifit::thema::nat"
"ṯanyiaṯ","voorhoofd","forehead","B2","znw_v_ev","B1","lichaam","auto","tarifit::cefr::B1 tarifit::woordsoort::znw_v_ev tarifit::thema::lich"
"ṯaqbucṯ","kleine waterkruik","small water jar","B1","znw_v_ev","B2","huis & huishouden","auto","tarifit::cefr::B2 tarifit::woordsoort::znw_v_ev tarifit::thema::huis"
"ṯaqcuaṯ","de roos (roos in het haar)","the dandruff (dandruff in the hair)","B2","znw_v_ev","A2","natuur & weer","auto","tarifit::cefr::A2 tarifit::woordsoort::znw_v_ev tarifit::thema::nat"
"ṯaqecqacṯ","de schedel","the skull","C1","znw_v_ev","B1","lichaam","auto","tarifit::cefr::B1 tarifit::woordsoort::znw_v_ev tarifit::thema::lich"
"ṯaqeḥḇecṯ","de prostituee","the prostitute","C1","znw_v_ev","B1","samenleving & volken","auto","tarifit::cefr::B1 tarifit::woordsoort::znw_v_ev tarifit::thema::sam"
"ṯaqeṛɛɛecṯ","vrouw uit Iqeṛɛiyen","woman from Iqeṛɛiyen","C1","znw_v_ev","B2","samenleving & volken","auto","tarifit::cefr::B2 tarifit::woordsoort::znw_v_ev tarifit::thema::sam"
"ṯaqiḏunṯ","tent","tent","C1","znw_v_ev","A2","huis & huishouden","auto","tarifit::cefr::A2 tarifit::woordsoort::znw_v_ev tarifit::thema::huis"
"ṯaqmijaṯ","Blouse","Blouse","C1","znw_v_ev","A2","kleding & sieraad","auto","tarifit::cefr::A2 tarifit::woordsoort::znw_v_ev tarifit::thema::kled"
"ṯaqmijjaṯ","Hemd","Shirt","C1","znw_v_ev","A2","kleding & sieraad","auto","tarifit::cefr::A2 tarifit::woordsoort::znw_v_ev tarifit::thema::kled"
"ṯaqsefṯ","de vesting","the fortress","B2","znw_v_ev","B2","samenleving & volken","auto","tarifit::cefr::B2 tarifit::woordsoort::znw_v_ev tarifit::thema::sam"
"ṯaquřacṯ","de cirkel","the circle","C1","znw_v_ev","A2","overig","auto","tarifit::cefr::A2 tarifit::woordsoort::znw_v_ev tarifit::thema::ov"
"ṯarifecṯ","Riffijnse vrouw, Riffijnse taal","Riffian woman, Riffian language","C1","znw_v_ev","B2","samenleving & volken","auto","tarifit::cefr::B2 tarifit::woordsoort::znw_v_ev tarifit::thema::sam"
"ṯarremmant (n) uḏaa","de kuit","the calf","C2","znw_v_ev","B1","lichaam","auto","tarifit::cefr::B1 tarifit::woordsoort::znw_v_ev tarifit::thema::lich"
"ṯaruṯ","de long","the lung","B2","znw_v_ev","B1","lichaam","auto","tarifit::cefr::B1 tarifit::woordsoort::znw_v_ev tarifit::thema::lich"
"ṯasaaḏunṯ","vrouwelijk muildier","female mule","C1","znw_v_ev","B2","dieren","auto","tarifit::cefr::B2 tarifit::woordsoort::znw_v_ev tarifit::thema::dier"
"ṯasebbač","Kraan","Crane","C1","znw_v_ev","A2","huis & huishouden","auto","tarifit::cefr::A2 tarifit::woordsoort::znw_v_ev tarifit::thema::huis"
"ṯasebnecṯ","traditionele hoofddoek","traditional headscarf","C1","znw_v_ev","B2","kleding & sieraad","auto","tarifit::cefr::B2 tarifit::woordsoort::znw_v_ev tarifit::thema::kled"
"ṯasennaaṯ","de haak, de vishaak","the hook, the fishing hook","C1","znw_v_ev","B1","gereedschap & materiaal","auto","tarifit::cefr::B1 tarifit::woordsoort::znw_v_ev tarifit::thema::ger"
"ṯaseḇnecṯ","de hoofdband","the headband","C1","znw_v_ev","B2","kleding & sieraad","auto","tarifit::cefr::B2 tarifit::woordsoort::znw_v_ev tarifit::thema::kled"
"ṯaseḥḥarṯ","Heks","Witch","C1","znw_v_ev","B1","religie & leven-dood","auto","tarifit::cefr::B1 tarifit::woordsoort::znw_v_ev tarifit::thema::rel"
"ṯaseḵsuṯ","de pot","the pot","C1","znw_v_ev","A2","huis & huishouden","auto","tarifit::cefr::A2 tarifit::woordsoort::znw_v_ev tarifit::thema::huis"
"ṯasiaṯ","de molen, kies (tand)","the mill, molar (tooth)","B2","znw_v_ev","B1","landbouw & veeteelt & visserij","auto","tarifit::cefr::B1 tarifit::woordsoort::znw_v_ev tarifit::thema::land"
"ṯaspanyuṯ","Spaanse (vrouw, taal)","Spanish (female, language)","B1","znw_v_ev","A2","samenleving & volken","auto","tarifit::cefr::A2 tarifit::woordsoort::znw_v_ev tarifit::thema::sam"
"ṯasrafṯ","de draaikolk","the whirlpool","B2","znw_v_ev","B2","natuur & weer","auto","tarifit::cefr::B2 tarifit::woordsoort::znw_v_ev tarifit::thema::nat"
"ṯasřiṯ","de schoondochter (van een man)","the daughter-in-law (of a man)","B2","znw_v_ev","B1","familie & mensen","auto","tarifit::cefr::B1 tarifit::woordsoort::znw_v_ev tarifit::thema::fam"
"ṯasřiṯ n wenzaa","de regenboog","the rainbow","C2","znw_v_ev","A2","natuur & weer","auto","tarifit::cefr::A2 tarifit::woordsoort::znw_v_ev tarifit::thema::nat"
"ṯasṛiṯ","bruid","bride","B2","znw_v_ev","A2","familie & mensen","auto","tarifit::cefr::A2 tarifit::woordsoort::znw_v_ev tarifit::thema::fam"
"ṯateḇsecṯ","het schoteltje","the saucer","C1","znw_v_ev","B1","eten & drinken","auto","tarifit::cefr::B1 tarifit::woordsoort::znw_v_ev tarifit::thema::eten"
"ṯawessaaṯ","de oude vrouw","the old woman","C1","znw_v_ev","A2","familie & mensen","auto","tarifit::cefr::A2 tarifit::woordsoort::znw_v_ev tarifit::thema::fam"
"ṯawriqṯ / ṛciƔeḏ / ṯifaacṯ","Blad (papier)","Sheet (paper)","B2","znw_v_ev","A1","taal & school & communicatie","check","tarifit::cefr::A1 tarifit::woordsoort::znw_v_ev tarifit::thema::taal"
"ṯawtent","vrouwelijk","female","B2","znw_v_ev","A2","eigenschappen & kleuren","auto","tarifit::cefr::A2 tarifit::woordsoort::znw_v_ev tarifit::thema::eig"
"ṯawwaaṯ","deur","door","B2","znw_v_ev","A1","huis & huishouden","auto","tarifit::cefr::A1 tarifit::woordsoort::znw_v_ev tarifit::thema::huis"
"ṯawwarṯ","Ingang","Entrance","B2","znw_v_ev","A2","huis & huishouden","auto","tarifit::cefr::A2 tarifit::woordsoort::znw_v_ev tarifit::thema::huis"
"ṯaxcefṯ","de val","the fall","B2","znw_v_ev","B1","gereedschap & materiaal","check","tarifit::cefr::B1 tarifit::woordsoort::znw_v_ev tarifit::thema::ger"
"ṯaxeddant n spitaa","de verpleegster","the nurse","C2","znw_v_ev","A2","gezondheid","auto","tarifit::cefr::A2 tarifit::woordsoort::znw_v_ev tarifit::thema::gez"
"ṯaxessaaṯ","de nederlaag","the defeat","C1","znw_v_ev","B1","samenleving & volken","auto","tarifit::cefr::B1 tarifit::woordsoort::znw_v_ev tarifit::thema::sam"
"ṯaxeḏmesṯ","slagersmes","butcher knife","C1","znw_v_ev","B2","gereedschap & materiaal","auto","tarifit::cefr::B2 tarifit::woordsoort::znw_v_ev tarifit::thema::ger"
"ṯaxrasṯ","de oorbel","the earring","B2","znw_v_ev","A2","kleding & sieraad","auto","tarifit::cefr::A2 tarifit::woordsoort::znw_v_ev tarifit::thema::kled"
"ṯaxsacṯ","de pompoen","the pumpkin","B2","znw_v_ev","A2","eten & drinken","auto","tarifit::cefr::A2 tarifit::woordsoort::znw_v_ev tarifit::thema::eten"
"ṯayaazicṯ","vrouwelijke haas","female hare","C1","znw_v_ev","B2","dieren","auto","tarifit::cefr::B2 tarifit::woordsoort::znw_v_ev tarifit::thema::dier"
"ṯayarṛarṯ","Band (auto)","Tire (car)","C1","znw_v_ev","A2","vervoer & reizen","auto","tarifit::cefr::A2 tarifit::woordsoort::znw_v_ev tarifit::thema::verv"
"ṯayarṯ","Buurvrouw","Neighbor","B2","znw_v_ev","A1","samenleving & volken","auto","tarifit::cefr::A1 tarifit::woordsoort::znw_v_ev tarifit::thema::sam"
"ṯayaṛṛabuṯ","kleine boot","small boat","C1","znw_v_ev","B2","vervoer & reizen","auto","tarifit::cefr::B2 tarifit::woordsoort::znw_v_ev tarifit::thema::verv"
"ṯaɣenjacṯ","lepel","spoon","C1","znw_v_ev","A1","eten & drinken","auto","tarifit::cefr::A1 tarifit::woordsoort::znw_v_ev tarifit::thema::eten"
"ṯayezzaaṯ","het eiland","the island","C1","znw_v_ev","A1","natuur & weer","auto","tarifit::cefr::A1 tarifit::woordsoort::znw_v_ev tarifit::thema::nat"
"ṯayeḏǧafṯ","kleine ǧellaba","little ǧellaba","C1","znw_v_ev","B2","kleding & sieraad","auto","tarifit::cefr::B2 tarifit::woordsoort::znw_v_ev tarifit::thema::kled"
"ṯayujiṯc","weesmeisje","orphan girl","C1","znw_v_ev","B2","familie & mensen","auto","tarifit::cefr::B2 tarifit::woordsoort::znw_v_ev tarifit::thema::fam"
"ṯayya","slaaf","slave","B2","znw_v_ev","B1","samenleving & volken","auto","tarifit::cefr::B1 tarifit::woordsoort::znw_v_ev tarifit::thema::sam"
"ṯayyawṯ","kleindochter","granddaughter","B1","znw_v_ev","A2","familie & mensen","auto","tarifit::cefr::A2 tarifit::woordsoort::znw_v_ev tarifit::thema::fam"
"ṯayyuṯ / anu","de mist","the fog","B1","znw_v_ev","A2","natuur & weer","auto","tarifit::cefr::A2 tarifit::woordsoort::znw_v_ev tarifit::thema::nat"
"ṯayzint","de brandnetel","the nettle","B2","znw_v_ev","B1","natuur & weer","auto","tarifit::cefr::B1 tarifit::woordsoort::znw_v_ev tarifit::thema::nat"
"ṯayḏa","de den","the pine","B2","znw_v_ev","B1","natuur & weer","auto","tarifit::cefr::B1 tarifit::woordsoort::znw_v_ev tarifit::thema::nat"
"ṯazaaḇecṯ","het tapijt","the carpet","C1","znw_v_ev","A2","huis & huishouden","auto","tarifit::cefr::A2 tarifit::woordsoort::znw_v_ev tarifit::thema::huis"
"ṯazewḏa","het gerecht, schaal","the dish, bowl","B2","znw_v_ev","A2","eten & drinken","check","tarifit::cefr::A2 tarifit::woordsoort::znw_v_ev tarifit::thema::eten"
"ṯazeyyat","Fles","Bottle","C1","znw_v_ev","A1","huis & huishouden","auto","tarifit::cefr::A1 tarifit::woordsoort::znw_v_ev tarifit::thema::huis"
"ṯazeyyaṯ ṯamezyanṯ","Flesje","Bottle","C2","znw_v_ev","A2","huis & huishouden","auto","tarifit::cefr::A2 tarifit::woordsoort::znw_v_ev tarifit::thema::huis"
"ṯaziri","volle maan","full moon","B2","znw_v_ev","B1","natuur & weer","auto","tarifit::cefr::B1 tarifit::woordsoort::znw_v_ev tarifit::thema::nat"
"ṯazitunt","de olijf","the olive","C1","znw_v_ev","A2","eten & drinken","auto","tarifit::cefr::A2 tarifit::woordsoort::znw_v_ev tarifit::thema::eten"
"ṯazizwiṯ","Bij (insect)","Bee (insect)","C1","znw_v_ev","A2","dieren","check","tarifit::cefr::A2 tarifit::woordsoort::znw_v_ev tarifit::thema::dier"
"ṯazyawṯ","mand","basket","B2","znw_v_ev","A2","huis & huishouden","auto","tarifit::cefr::A2 tarifit::woordsoort::znw_v_ev tarifit::thema::huis"
"ṯazzaaṯ","de hark, de hooivork","the rake, the pitchfork","B2","znw_v_ev","B1","landbouw & veeteelt & visserij","auto","tarifit::cefr::B1 tarifit::woordsoort::znw_v_ev tarifit::thema::land"
"ṯazřent","de paling","the eel","B2","znw_v_ev","B1","dieren","auto","tarifit::cefr::B1 tarifit::woordsoort::znw_v_ev tarifit::thema::dier"
"ṯařa","de bron","the source","B1","znw_v_ev","A2","natuur & weer","auto","tarifit::cefr::A2 tarifit::woordsoort::znw_v_ev tarifit::thema::nat"
"ṯaɛecmaaṯ","kleine baard","small beard","C1","znw_v_ev","B2","lichaam","auto","tarifit::cefr::B2 tarifit::woordsoort::znw_v_ev tarifit::thema::lich"
"ṯaɛeddisṯ","de taille","the waist","C1","znw_v_ev","B1","lichaam","auto","tarifit::cefr::B1 tarifit::woordsoort::znw_v_ev tarifit::thema::lich"
"ṯaɛjjacṯ","stof","dust","C1","znw_v_ev","A2","huis & huishouden","check","tarifit::cefr::A2 tarifit::woordsoort::znw_v_ev tarifit::thema::huis"
"ṯaɛzaacṯ","de jonge vrouw","the young woman","C1","znw_v_ev","A2","familie & mensen","auto","tarifit::cefr::A2 tarifit::woordsoort::znw_v_ev tarifit::thema::fam"
"ṯaɣesmiaṯ","de kin","the chin","C1","znw_v_ev","A2","lichaam","auto","tarifit::cefr::A2 tarifit::woordsoort::znw_v_ev tarifit::thema::lich"
"ṯaɣezḏisṯ","de rib","the rib","C1","znw_v_ev","B1","lichaam","auto","tarifit::cefr::B1 tarifit::woordsoort::znw_v_ev tarifit::thema::lich"
"ṯaɣmaaṯ (n) uɣiř","de elleboog","the elbow","C2","znw_v_ev","A2","lichaam","auto","tarifit::cefr::A2 tarifit::woordsoort::znw_v_ev tarifit::thema::lich"
"ṯaɣmaa’ṯ","hoek","corner","C1","znw_v_ev","A2","plaats & richting & geografie","auto","tarifit::cefr::A2 tarifit::woordsoort::znw_v_ev tarifit::thema::pl"
"ṯaɣrasṯ","de bijenkorf","the beehive","B2","znw_v_ev","B2","landbouw & veeteelt & visserij","auto","tarifit::cefr::B2 tarifit::woordsoort::znw_v_ev tarifit::thema::land"
"ṯaɣrutt","Schouder","Shoulder","B2","znw_v_ev","A2","lichaam","auto","tarifit::cefr::A2 tarifit::woordsoort::znw_v_ev tarifit::thema::lich"
"ṯaɣyutc","ezelin","donkey","C1","ww","B2","dieren","auto","tarifit::cefr::B2 tarifit::woordsoort::ww tarifit::thema::dier"
"ṯaḇrat","brief, de post","letter, the mail","B2","znw_v_ev","A1","taal & school & communicatie","auto","tarifit::cefr::A1 tarifit::woordsoort::znw_v_ev tarifit::thema::taal"
"ṯaḏeggwač","de schoonmoeder (van een man)","the mother-in-law (of a man)","C1","znw_v_ev","A2","familie & mensen","auto","tarifit::cefr::A2 tarifit::woordsoort::znw_v_ev tarifit::thema::fam"
"ṯaḏunt","vet","fat","B2","znw_v_ev","A2","eten & drinken","auto","tarifit::cefr::A2 tarifit::woordsoort::znw_v_ev tarifit::thema::eten"
"ṯaḏ’ufṯ","de wol","the wool","B2","znw_v_ev","A2","landbouw & veeteelt & visserij","auto","tarifit::cefr::A2 tarifit::woordsoort::znw_v_ev tarifit::thema::land"
"ṯaḥarrafṯ","de waaier","the fan","C1","znw_v_ev","B1","huis & huishouden","auto","tarifit::cefr::B1 tarifit::woordsoort::znw_v_ev tarifit::thema::huis"
"ṯaḥebbucṯ","korrel, puistje, vlek","grain, pimple, spot","C2","znw_m_mv","B1","landbouw & veeteelt & visserij","auto","tarifit::cefr::B1 tarifit::woordsoort::znw_m_mv tarifit::thema::land"
"ṯaḥnacṯ","de balk","the beam","B2","znw_v_ev","B1","huis & huishouden","auto","tarifit::cefr::B1 tarifit::woordsoort::znw_v_ev tarifit::thema::huis"
"ṯaḥrant","meisje","girl","B2","znw_v_ev","A1","familie & mensen","auto","tarifit::cefr::A1 tarifit::woordsoort::znw_v_ev tarifit::thema::fam"
"ṯaḥrusṯ (n) umeǧǧun","de oorlel","the earlobe","C2","znw_v_ev","B2","lichaam","auto","tarifit::cefr::B2 tarifit::woordsoort::znw_v_ev tarifit::thema::lich"
"ṯaṯa","de kameleon","the chameleon","B1","znw_v_ev","B1","dieren","auto","tarifit::cefr::B1 tarifit::woordsoort::znw_v_ev tarifit::thema::dier"
"ṯbiṯecṯ","kleine kamer","small room","B2","ww","B2","huis & huishouden","auto","tarifit::cefr::B2 tarifit::woordsoort::ww tarifit::thema::huis"
"ṯcacaṯ","Pet","Pet","B2","ww","A2","kleding & sieraad","check","tarifit::cefr::A2 tarifit::woordsoort::ww tarifit::thema::kled"
"ṯcamma","Bal","Ball","B2","ww","A1","overig","auto","tarifit::cefr::A1 tarifit::woordsoort::ww tarifit::thema::ov"
"ṯelṯemya","Driehonderd","Three hundred","C1","ww","A2","getallen & hoeveelheid","auto","tarifit::cefr::A2 tarifit::woordsoort::ww tarifit::thema::get"
"ṯenɛac","twaalf","twelve","B2","ww","A1","getallen & hoeveelheid","auto","tarifit::cefr::A1 tarifit::woordsoort::ww tarifit::thema::get"
"ṯeqṛa","Gebakken","Fried","B2","ww","B1","eten & drinken","auto","tarifit::cefr::B1 tarifit::woordsoort::ww tarifit::thema::eten"
"ṯfawqṯ","Lamp","Lamp","B2","ww","A1","huis & huishouden","auto","tarifit::cefr::A1 tarifit::woordsoort::ww tarifit::thema::huis"
"ṯfawṯ","licht (lamp)","light (lamp)","B1","znw_v_ev","A1","natuur & weer","auto","tarifit::cefr::A1 tarifit::woordsoort::znw_v_ev tarifit::thema::nat"
"ṯfuaḵeṯ","de gevorkte tak","the forked branch","B2","znw","B2","natuur & weer","auto","tarifit::cefr::B2 tarifit::woordsoort::znw tarifit::thema::nat"
"ṯfucṯ","Zon","Sun","B2","ww","A1","natuur & weer","auto","tarifit::cefr::A1 tarifit::woordsoort::ww tarifit::thema::nat"
"ṯfusṯ","kleine hand, dansronde","small hand, dance round","B2","ww","B2","lichaam","auto","tarifit::cefr::B2 tarifit::woordsoort::ww tarifit::thema::lich"
"ṯiajetṯ","de smeulende as","the smoldering ashes","B2","znw_v_mv","B2","natuur & weer","auto","tarifit::cefr::B2 tarifit::woordsoort::znw_v_mv tarifit::thema::nat"
"ṯiajeṯ","ovenrooster","oven rack","B2","znw_v_mv","B2","eten & drinken","auto","tarifit::cefr::B2 tarifit::woordsoort::znw_v_mv tarifit::thema::eten"
"ṯiccecṯ","de hoofdluis","the head louse","B2","znw_v_mv","B2","gezondheid","auto","tarifit::cefr::B2 tarifit::woordsoort::znw_v_mv tarifit::thema::gez"
"ṯiccewṯ","de pijl","the arrow","B2","znw_v_mv","B1","samenleving & volken","auto","tarifit::cefr::B1 tarifit::woordsoort::znw_v_mv tarifit::thema::sam"
"ṯicfaaṯ","het hangslot","the padlock","B2","znw_v_mv","B1","huis & huishouden","auto","tarifit::cefr::B1 tarifit::woordsoort::znw_v_mv tarifit::thema::huis"
"ṯifray","Bladeren","To leaf through","B2","ww","A2","natuur & weer","auto","tarifit::cefr::A2 tarifit::woordsoort::ww tarifit::thema::nat"
"ṯifḏent","Teen","Toe","B2","ww","A2","lichaam","auto","tarifit::cefr::A2 tarifit::woordsoort::ww tarifit::thema::lich"
"ṯiggesṯ","tatoeage","tattoo","C2","znw_v_mv","B1","lichaam","auto","tarifit::cefr::B1 tarifit::woordsoort::znw_v_mv tarifit::thema::lich"
"ṯiggwḏi / ṯiwḏi","Angst","Fear","B2","znw_v_mv","A2","gevoel & denken","auto","tarifit::cefr::A2 tarifit::woordsoort::znw_v_mv tarifit::thema::gev"
"ṯijaacřecṯ","de kwartel","the quail","C1","znw_v_mv","B2","dieren","auto","tarifit::cefr::B2 tarifit::woordsoort::znw_v_mv tarifit::thema::dier"
"ṯikeḏfet ṯarumecṯ","de termieten","the termites","C2","znw_v_mv","B2","dieren","auto","tarifit::cefr::B2 tarifit::woordsoort::znw_v_mv tarifit::thema::dier"
"ṯilifun","Mobiel","Mobile","B2","znw_v_mv","A1","overig","auto","tarifit::cefr::A1 tarifit::woordsoort::znw_v_mv tarifit::thema::ov"
"ṯimessi","de koorts, vuur","the fever, fire","B2","znw_v_mv","A2","gezondheid","auto","tarifit::cefr::A2 tarifit::woordsoort::znw_v_mv tarifit::thema::gez"
"ṯimmi","wenkbrauw","eyebrow","B2","znw_v_mv","B1","lichaam","auto","tarifit::cefr::B1 tarifit::woordsoort::znw_v_mv tarifit::thema::lich"
"ṯinzaa","neus, het neusgat","nose, the nostril","B2","znw_v_mv","A1","lichaam","auto","tarifit::cefr::A1 tarifit::woordsoort::znw_v_mv tarifit::thema::lich"
"ṯinɣi","de uier","the udder","B2","znw_v_mv","B2","dieren","auto","tarifit::cefr::B2 tarifit::woordsoort::znw_v_mv tarifit::thema::dier"
"ṯiscarṯ","Knoflook","Garlic","B2","znw_v_mv","A2","eten & drinken","auto","tarifit::cefr::A2 tarifit::woordsoort::znw_v_mv tarifit::thema::eten"
"ṯisi","de bodem","the bottom","B1","znw_v_mv","A2","natuur & weer","auto","tarifit::cefr::A2 tarifit::woordsoort::znw_v_mv tarifit::thema::nat"
"ṯisi (n) ufus","de handpalm","the palm","C2","znw_v_mv","B1","lichaam","auto","tarifit::cefr::B1 tarifit::woordsoort::znw_v_mv tarifit::thema::lich"
"ṯisiynefṯ","speld, de injectie","pin, the injection","C1","znw_v_mv","B1","kleding & sieraad","auto","tarifit::cefr::B1 tarifit::woordsoort::znw_v_mv tarifit::thema::kled"
"ṯisiṯ","Spiegel","Mirror","B2","znw_v_mv","A1","huis & huishouden","auto","tarifit::cefr::A1 tarifit::woordsoort::znw_v_mv tarifit::thema::huis"
"ṯitt","oog","eye","B1","znw_v_mv","A1","lichaam","auto","tarifit::cefr::A1 tarifit::woordsoort::znw_v_mv tarifit::thema::lich"
"ṯiwecca","morgen","tomorrow","C1","ww","A1","tijd","auto","tarifit::cefr::A1 tarifit::woordsoort::ww tarifit::thema::tijd"
"ṯixsi","het ooi","the ewe","B1","znw_v_mv","B2","dieren","auto","tarifit::cefr::B2 tarifit::woordsoort::znw_v_mv tarifit::thema::dier"
"ṯiyyaaṯ","de boomstronk","the tree stump","B2","znw_v_mv","B2","natuur & weer","auto","tarifit::cefr::B2 tarifit::woordsoort::znw_v_mv tarifit::thema::nat"
"ṯizi","vallei, gang","valley, corridor","B1","znw_v_mv","B1","natuur & weer","auto","tarifit::cefr::B1 tarifit::woordsoort::znw_v_mv tarifit::thema::nat"
"ṯiziṯ","de knut of mug","the midge or mosquito","B2","znw_v_mv","B2","dieren","auto","tarifit::cefr::B2 tarifit::woordsoort::znw_v_mv tarifit::thema::dier"
"ṯizzeč","de nier","the kidney","B2","znw_v_mv","B1","lichaam","auto","tarifit::cefr::B1 tarifit::woordsoort::znw_v_mv tarifit::thema::lich"
"ṯizḏent","de palmboom","the palm tree","B2","znw_v_mv","B1","natuur & weer","auto","tarifit::cefr::B1 tarifit::woordsoort::znw_v_mv tarifit::thema::nat"
"ṯiřefṯ","de zeug","the sow","B2","znw_v_mv","B2","dieren","auto","tarifit::cefr::B2 tarifit::woordsoort::znw_v_mv tarifit::thema::dier"
"ṯiřetteṯ","pinkje","little finger","C1","znw_v_mv","B2","lichaam","auto","tarifit::cefr::B2 tarifit::woordsoort::znw_v_mv tarifit::thema::lich"
"ṯiři","schaduw","shadow","C1","znw_v_mv","A2","natuur & weer","auto","tarifit::cefr::A2 tarifit::woordsoort::znw_v_mv tarifit::thema::nat"
"ṯiřmecṯ","huid","skin","B2","znw_v_mv","A2","lichaam","auto","tarifit::cefr::A2 tarifit::woordsoort::znw_v_mv tarifit::thema::lich"
"ṯiɣaaɣaaṯ / kuzina","Keuken","Kitchen","B2","ww","A1","huis & huishouden","auto","tarifit::cefr::A1 tarifit::woordsoort::ww tarifit::thema::huis"
"ṯiɣendin / řemqess / ṯimecraḏ","Schaar","Pair of scissors","B2","znw_v_mv","A2","gereedschap & materiaal","auto","tarifit::cefr::A2 tarifit::woordsoort::znw_v_mv tarifit::thema::ger"
"ṯiɣiṯ","slim","smart","B2","znw_v_mv","A1","eigenschappen & kleuren","auto","tarifit::cefr::A1 tarifit::woordsoort::znw_v_mv tarifit::thema::eig"
"ṯiɣmesṯ","tand","tooth","B2","znw_v_mv","A1","lichaam","auto","tarifit::cefr::A1 tarifit::woordsoort::znw_v_mv tarifit::thema::lich"
"ṯiɣɣesṯ","hikken","hiccup","B2","ww","B1","lichaam","auto","tarifit::cefr::B1 tarifit::woordsoort::ww tarifit::thema::lich"
"ṯiṭṭawin","Ogen","Eyes","C1","ww","A1","lichaam","auto","tarifit::cefr::A1 tarifit::woordsoort::ww tarifit::thema::lich"
"ṯkaceḍṯ","kleine glas","small glass","B2","ww","B2","eten & drinken","auto","tarifit::cefr::B2 tarifit::woordsoort::ww tarifit::thema::eten"
"ṯkuppat","de kop","the head","B2","znw","A2","huis & huishouden","check","tarifit::cefr::A2 tarifit::woordsoort::znw tarifit::thema::huis"
"ṯmaamiṭa","kleine kookpan","small saucepan","C1","ww","B2","eten & drinken","auto","tarifit::cefr::B2 tarifit::woordsoort::ww tarifit::thema::eten"
"ṯmaaṯ","baard","beard","B2","ww","A2","lichaam","auto","tarifit::cefr::A2 tarifit::woordsoort::ww tarifit::thema::lich"
"ṯmaqřaṭ","kleine koekenpan","small frying pan","B2","ww","B2","eten & drinken","auto","tarifit::cefr::B2 tarifit::woordsoort::ww tarifit::thema::eten"
"ṯmenya","acht","eight","A1","telw","A1","getallen & hoeveelheid","auto","tarifit::cefr::A1 tarifit::woordsoort::telw tarifit::thema::get"
"ṯmijja","keel, de stem","throat, the voice","B2","znw","A2","lichaam","auto","tarifit::cefr::A2 tarifit::woordsoort::znw tarifit::thema::lich"
"ṯnayen","twee","two","B2","ww","A1","getallen & hoeveelheid","auto","tarifit::cefr::A1 tarifit::woordsoort::ww tarifit::thema::get"
"ṯpaḇut / ṯabrikṯ n waman","kalkoen, eend","turkey, duck","B2","ww","A2","dieren","auto","tarifit::cefr::A2 tarifit::woordsoort::ww tarifit::thema::dier"
"ṯqaaqra","kikker","frog","B2","ww","A2","dieren","auto","tarifit::cefr::A2 tarifit::woordsoort::ww tarifit::thema::dier"
"ṯqiccit","de bovenkant","the top","B2","znw","A2","plaats & richting & geografie","auto","tarifit::cefr::A2 tarifit::woordsoort::znw tarifit::thema::pl"
"ṯracca","het visnet","the fishing net","B2","znw","B1","landbouw & veeteelt & visserij","auto","tarifit::cefr::B1 tarifit::woordsoort::znw tarifit::thema::land"
"ṯrankir / aas","Kalm","Calm","B1","znw_m_ev","A2","gevoel & denken","auto","tarifit::cefr::A2 tarifit::woordsoort::znw_m_ev tarifit::thema::gev"
"ṯriko","Trui","Sweater","B2","ww","A1","kleding & sieraad","auto","tarifit::cefr::A1 tarifit::woordsoort::ww tarifit::thema::kled"
"ṯriq salama","Goede reis","Have a nice trip","C2","ww","A2","taal & school & communicatie","auto","tarifit::cefr::A2 tarifit::woordsoort::ww tarifit::thema::taal"
"ṯsa","lever","liver","B1","ww","B1","lichaam","auto","tarifit::cefr::B1 tarifit::woordsoort::ww tarifit::thema::lich"
"ṯsappa","de spade","the spade","B2","znw","B1","landbouw & veeteelt & visserij","auto","tarifit::cefr::B1 tarifit::woordsoort::znw tarifit::thema::land"
"ṯsaɛaṯ","Horloge","Watch","B2","ww","A1","tijd","auto","tarifit::cefr::A1 tarifit::woordsoort::ww tarifit::thema::tijd"
"ṯsiřit","schoen","shoe","B2","ww","A1","kleding & sieraad","auto","tarifit::cefr::A1 tarifit::woordsoort::ww tarifit::thema::kled"
"ṯsunta","het kussen","the kissing","B2","znw","A1","huis & huishouden","check","tarifit::cefr::A1 tarifit::woordsoort::znw tarifit::thema::huis"
"ṯteffaḥ","Appel","Apple","B2","ww","A1","eten & drinken","auto","tarifit::cefr::A1 tarifit::woordsoort::ww tarifit::thema::eten"
"ṯucenṯ","vrouwelijke jakhals","female jackal","B2","ww","B2","dieren","auto","tarifit::cefr::B2 tarifit::woordsoort::ww tarifit::thema::dier"
"ṯuffet","de zwelling","the swelling","B2","znw","B2","gezondheid","auto","tarifit::cefr::B2 tarifit::woordsoort::znw tarifit::thema::gez"
"ṯusuṯ","Hoest","Cough","B2","ww","A2","gezondheid","auto","tarifit::cefr::A2 tarifit::woordsoort::ww tarifit::thema::gez"
"ṯwaṛa / muṛ","Keer","Time","B1","ww","A1","tijd","auto","tarifit::cefr::A1 tarifit::woordsoort::ww tarifit::thema::tijd"
"ṯxaḏent","ring","ring","B2","ww","A1","kleding & sieraad","auto","tarifit::cefr::A1 tarifit::woordsoort::ww tarifit::thema::kled"
"ṯyazit","kip","chicken","B2","ww","A1","dieren","auto","tarifit::cefr::A1 tarifit::woordsoort::ww tarifit::thema::dier"
"ṯzayaaṯ","de wijnstok","the vine","B2","znw","B2","landbouw & veeteelt & visserij","auto","tarifit::cefr::B2 tarifit::woordsoort::znw tarifit::thema::land"
"ṯzayyiṯ / ṣṣala","Gebed","Prayer","B2","ww","B1","religie & leven-dood","auto","tarifit::cefr::B1 tarifit::woordsoort::ww tarifit::thema::rel"
"ṯzuwɣeḏ","Blozen","Blushing","B2","ww","B1","gevoel & denken","auto","tarifit::cefr::B1 tarifit::woordsoort::ww tarifit::thema::gev"
"ṯřaṯa","drie","three","A1","telw","A1","getallen & hoeveelheid","auto","tarifit::cefr::A1 tarifit::woordsoort::telw tarifit::thema::get"
"ṯřaṯa (n) imuan","driemaal","three times","C2","ww","A2","getallen & hoeveelheid","auto","tarifit::cefr::A2 tarifit::woordsoort::ww tarifit::thema::get"
"ṯřima","de beitel","the chisel","B2","znw","B2","gereedschap & materiaal","auto","tarifit::cefr::B2 tarifit::woordsoort::znw tarifit::thema::ger"
"ṯřima","de slijpsteen","the grindstone","B2","znw","B2","gereedschap & materiaal","auto","tarifit::cefr::B2 tarifit::woordsoort::znw tarifit::thema::ger"
"ṯřixṯ","klei","clay","B2","ww","B1","natuur & weer","auto","tarifit::cefr::B1 tarifit::woordsoort::ww tarifit::thema::nat"
"ṯžaḏjiṯ","de eed","the oath","B2","znw","B2","samenleving & volken","auto","tarifit::cefr::B2 tarifit::woordsoort::znw tarifit::thema::sam"
"ṯɣaasṯ","het offer","the sacrifice","B2","znw","B1","religie & leven-dood","auto","tarifit::cefr::B1 tarifit::woordsoort::znw tarifit::thema::rel"
"ṯɣaaḏent","schorpioen","Scorpio","C1","ww","B1","dieren","auto","tarifit::cefr::B1 tarifit::woordsoort::ww tarifit::thema::dier"
"ṯɣaṯ / aɛeṯrus","geit","goat","B1","znw_m_ev","A2","dieren","auto","tarifit::cefr::A2 tarifit::woordsoort::znw_m_ev tarifit::thema::dier"
"ṯḥanett","de werkplaats, winkel","the workshop, shop","B2","znw","B1","werk & beroep & ambacht","auto","tarifit::cefr::B1 tarifit::woordsoort::znw tarifit::thema::werk"
"ṯṣawaṛ","Foto","Photo","B2","ww","A1","muziek & kunst","auto","tarifit::cefr::A1 tarifit::woordsoort::ww tarifit::thema::muz"
"ṯṯarix","Geschiedenis","History","B2","ww","A1","taal & school & communicatie","auto","tarifit::cefr::A1 tarifit::woordsoort::ww tarifit::thema::taal"
"ṯṯayriba","Ervaring","Experience","C1","ww","A2","gevoel & denken","auto","tarifit::cefr::A2 tarifit::woordsoort::ww tarifit::thema::gev"
"ṯṯram / ḥḏeq","donker","dark","B1","ww","A1","eigenschappen & kleuren","auto","tarifit::cefr::A1 tarifit::woordsoort::ww tarifit::thema::eig"
"ẓer","Liggen","Lie","B1","ww","A1","handelingen","auto","tarifit::cefr::A1 tarifit::woordsoort::ww tarifit::thema::doen"
"ẓwa","Oversteken","Cross over","B1","ww","A2","handelingen","auto","tarifit::cefr::A2 tarifit::woordsoort::ww tarifit::thema::doen"
"ẓẓu","planten","plants","C2","ww","A2","landbouw & veeteelt & visserij","auto","tarifit::cefr::A2 tarifit::woordsoort::ww tarifit::thema::land"
