a / wa / waḏ,This,A1,vnw_aanw,tarifit::cefr::A1 tarifit::woordsoort::vnw_aanw
a d-yạạggweḥ,go home,B2,znw_m_ev,tarifit::cefr::B2 tarifit::woordsoort::znw_m_ev
aabba / ssɣem,"to raise, to lift",B2,znw_m_ev,tarifit::cefr::B2 tarifit::woordsoort::znw_m_ev
aabu,carry on the back,B1,znw_m_ev,tarifit::cefr::B1 tarifit::woordsoort::znw_m_ev
aabɛin,forty,B2,znw_m_ev,tarifit::cefr::B2 tarifit::woordsoort::znw_m_ev
aabɛtac,fourteen,B2,ww,tarifit::cefr::B2 tarifit::woordsoort::ww
aaceř,kick,B2,ww,tarifit::cefr::B2 tarifit::woordsoort::ww
aacṯi,the dough,B2,znw_m_ev,tarifit::cefr::B2 tarifit::woordsoort::znw_m_ev
aafeɛ,lift,B2,ww,tarifit::cefr::B2 tarifit::woordsoort::ww
aageb,"be informed, appear",B2,znw_m_ev,tarifit::cefr::B2 tarifit::woordsoort::znw_m_ev
aajij,shiver,B2,ww,tarifit::cefr::B2 tarifit::woordsoort::ww
aan,flour,B1,znw_m_ev,tarifit::cefr::B1 tarifit::woordsoort::znw_m_ev
aani,add,C2,ww,tarifit::cefr::C2 tarifit::woordsoort::ww
aaqqem,the jewelry,B2,znw_m_ev,tarifit::cefr::B2 tarifit::woordsoort::znw_m_ev
aas / arrima,"land, lie down",B1,znw_m_ev,tarifit::cefr::B1 tarifit::woordsoort::znw_m_ev
aawaḥ,come! (imperative only),B2,znw_m_ev,tarifit::cefr::B2 tarifit::woordsoort::znw_m_ev
aawes,similar,B2,znw_m_ev,tarifit::cefr::B2 tarifit::woordsoort::znw_m_ev
aawes / caba,resemble,B1,znw_m_ev,tarifit::cefr::B1 tarifit::woordsoort::znw_m_ev
aaweř,"to withdraw, to flee",B2,ww,tarifit::cefr::B2 tarifit::woordsoort::ww
aaxes,cheap,B2,znw_m_ev,tarifit::cefr::B2 tarifit::woordsoort::znw_m_ev
aaxu,loosen,B1,ww,tarifit::cefr::B1 tarifit::woordsoort::ww
aay,"illuminate, illuminate",B1,znw_m_ev,tarifit::cefr::B1 tarifit::woordsoort::znw_m_ev
aayaz,"husband, husband",A1,znw_m_ev,tarifit::cefr::A1 tarifit::woordsoort::znw_m_ev
aayyeq / ṛefḏuṛ,Breakfast,B2,znw_m_ev,tarifit::cefr::B2 tarifit::woordsoort::znw_m_ev
aaz,destroy,B1,ww,tarifit::cefr::B1 tarifit::woordsoort::ww
aazem,open,B2,ww,tarifit::cefr::B2 tarifit::woordsoort::ww
aazu,to search,B1,ww,tarifit::cefr::B1 tarifit::woordsoort::ww
aaz’,break,B1,ww,tarifit::cefr::B1 tarifit::woordsoort::ww
aaɣ,"to shine, to be called",B1,ww,tarifit::cefr::B1 tarifit::woordsoort::znw_m_ev
aaḇiḇ,stepson,B2,znw_m_ev,tarifit::cefr::B2 tarifit::woordsoort::znw_m_ev
aaḇɛa,four,B2,znw_m_ev,tarifit::cefr::B2 tarifit::woordsoort::znw_m_ev
aaḏeř,"borrow, lend",B2,znw_m_ev,tarifit::cefr::B2 tarifit::woordsoort::znw_m_ev
aaḥeř,to move house,B2,ww,tarifit::cefr::B2 tarifit::woordsoort::ww
abarraḥ,market announcer,B2,znw_m_ev,tarifit::cefr::B2 tarifit::woordsoort::znw_m_ev
abeccun,the vagina,B2,znw_m_ev,tarifit::cefr::B2 tarifit::woordsoort::znw_m_ev
abettix,Melon,B2,ww,tarifit::cefr::B2 tarifit::woordsoort::ww
abuqaṛ,Bucket,B2,znw_m_ev,tarifit::cefr::B2 tarifit::woordsoort::znw_m_ev
abyas / ṯaḥezzant,belt,B2,znw_m_ev,tarifit::cefr::B2 tarifit::woordsoort::znw_m_ev
aca,to feel,B1,ww,tarifit::cefr::B1 tarifit::woordsoort::ww
acaa,to steal,B1,ww,tarifit::cefr::B1 tarifit::woordsoort::ww
acarriḏ,the line,B2,znw_m_ev,tarifit::cefr::B2 tarifit::woordsoort::znw_m_ev
aceddi,the knot,B2,znw_m_ev,tarifit::cefr::B2 tarifit::woordsoort::znw_m_ev
aceffar,Thief,B2,znw_m_ev,tarifit::cefr::B2 tarifit::woordsoort::znw_m_ev
acemmus,"bundle, package",B2,znw_m_ev,tarifit::cefr::B2 tarifit::woordsoort::znw_m_ev
acemřař,white,C1,znw_m_ev,tarifit::cefr::C1 tarifit::woordsoort::znw_m_ev
acenquḇ,the beak,B2,znw_m_ev,tarifit::cefr::B2 tarifit::woordsoort::znw_m_ev
acessas n lḥebs,Prison guard,C2,znw_m_ev,tarifit::cefr::C2 tarifit::woordsoort::znw_m_ev
acewwaf,her,B2,znw_m_ev,tarifit::cefr::B2 tarifit::woordsoort::znw_m_ev
aceḥřuf,the firewood,B2,znw_m_ev,tarifit::cefr::B2 tarifit::woordsoort::znw_m_ev
acmaz,the itch,B2,znw_m_ev,tarifit::cefr::B2 tarifit::woordsoort::znw_m_ev
acniw,the twins,B2,znw_m_ev,tarifit::cefr::B2 tarifit::woordsoort::znw_m_ev
acrag,tanning,B2,ww,tarifit::cefr::B2 tarifit::woordsoort::ww
acuﬀuṛ,Driver,B2,znw_m_ev,tarifit::cefr::B2 tarifit::woordsoort::znw_m_ev
ad,"shall, will",B1,ww,tarifit::cefr::B1 tarifit::woordsoort::ww
adjey,deep,B2,znw_m_ev,tarifit::cefr::B2 tarifit::woordsoort::znw_m_ev
adu,under,B1,znw_m_ev,tarifit::cefr::B1 tarifit::woordsoort::znw_m_ev
af,to find,C1,ww,tarifit::cefr::C1 tarifit::woordsoort::ww
afaattu,the butterfly,B2,znw_m_ev,tarifit::cefr::B2 tarifit::woordsoort::znw_m_ev
afarran,"baker, oven",B2,znw_m_ev,tarifit::cefr::B2 tarifit::woordsoort::znw_m_ev
afriw,wing,B2,znw_m_ev,tarifit::cefr::B2 tarifit::woordsoort::znw_m_ev
afunas,bull,B2,znw_m_ev,tarifit::cefr::B2 tarifit::woordsoort::znw_m_ev
afusi,right,B2,znw_m_ev,tarifit::cefr::B2 tarifit::woordsoort::znw_m_ev
afḏis,the hammer,B2,znw_m_ev,tarifit::cefr::B2 tarifit::woordsoort::znw_m_ev
afṛaḏ,Waste,B2,znw_m_ev,tarifit::cefr::B2 tarifit::woordsoort::znw_m_ev
agemmiz,cheek,B2,znw_m_ev,tarifit::cefr::B2 tarifit::woordsoort::znw_m_ev
agezzaa,butcher,B2,znw_m_ev,tarifit::cefr::B2 tarifit::woordsoort::znw_m_ev
agi,to refuse,B1,ww,tarifit::cefr::B1 tarifit::woordsoort::ww
ahimuř,the crowd,B2,znw_m_ev,tarifit::cefr::B2 tarifit::woordsoort::znw_m_ev
ajaaṭiř,the mat,B2,znw_m_ev,tarifit::cefr::B2 tarifit::woordsoort::znw_m_ev
ajdiḏ,bird,B2,znw_m_ev,tarifit::cefr::B2 tarifit::woordsoort::znw_m_ev
ajemmad-in,Other side,C1,znw_m_ev,tarifit::cefr::C1 tarifit::woordsoort::znw_m_ev
ajenna,"sky, air",B2,znw_m_ev,tarifit::cefr::B2 tarifit::woordsoort::znw_m_ev
ajjaj,Storm,B2,znw_m_ev,tarifit::cefr::B2 tarifit::woordsoort::znw_m_ev
ajjař,the widower,B2,znw_m_ev,tarifit::cefr::B2 tarifit::woordsoort::znw_m_ev
ajjaṛ,Neighbour,B2,znw_m_ev,tarifit::cefr::B2 tarifit::woordsoort::znw_m_ev
ajris,the ice,B2,znw_m_ev,tarifit::cefr::B2 tarifit::woordsoort::znw_m_ev
ajɛuḏ,the foal,B2,znw_m_ev,tarifit::cefr::B2 tarifit::woordsoort::znw_m_ev
ajɣuř,the shell,B2,znw_m_ev,tarifit::cefr::B2 tarifit::woordsoort::znw_m_ev
akebbuḏ / palto,Jacket,B2,znw_m_ev,tarifit::cefr::B2 tarifit::woordsoort::znw_m_ev
akeccuḏ,stick,B1,znw_m_ev,tarifit::cefr::B1 tarifit::woordsoort::znw_m_ev
akennas,tail,B2,znw_m_ev,tarifit::cefr::B2 tarifit::woordsoort::znw_m_ev
akeḏ / ak,with (together),B1,znw_m_ev,tarifit::cefr::B1 tarifit::woordsoort::znw_m_ev
akwaḏrun,the door post,C1,znw_m_ev,tarifit::cefr::C1 tarifit::woordsoort::znw_m_ev
Aliman,"Germany, German",B2,znw_m_ev,tarifit::cefr::B2 tarifit::woordsoort::znw_m_ev
am,"like, as",B2,ww,tarifit::cefr::B2 tarifit::woordsoort::ww
amaa,command,B1,ww,tarifit::cefr::B1 tarifit::woordsoort::ww
amaazag,bitter,B2,znw_m_ev,tarifit::cefr::B2 tarifit::woordsoort::znw_m_ev
aman,Water,A1,znw_m_ev,tarifit::cefr::A1 tarifit::woordsoort::znw_m_ev
aman iḇaawen,broke,C2,znw_m_ev,tarifit::cefr::C2 tarifit::woordsoort::znw_m_ev
Amastan/abugadu,Lawyer,B2,znw_m_ev,tarifit::cefr::B2 tarifit::woordsoort::znw_m_ev
amcan,"place, place",B2,znw_m_ev,tarifit::cefr::B2 tarifit::woordsoort::znw_m_ev
amcum,naughty person,B2,znw_m_ev,tarifit::cefr::B2 tarifit::woordsoort::znw_m_ev
amecři,the lunch,B2,znw_m_ev,tarifit::cefr::B2 tarifit::woordsoort::znw_m_ev
ameddukeř,friend,C1,znw_m_ev,tarifit::cefr::C1 tarifit::woordsoort::znw_m_ev
amen,to believe,B1,ww,tarifit::cefr::B1 tarifit::woordsoort::ww
amenni,"so, in that way",B2,znw_m_ev,tarifit::cefr::B2 tarifit::woordsoort::znw_m_ev
amensi,"supper, Dinner",B2,znw_m_ev,tarifit::cefr::B2 tarifit::woordsoort::znw_m_ev
amenɣi,Row,B2,znw_m_ev,tarifit::cefr::B2 tarifit::woordsoort::znw_m_ev
ameqqṛan,Big,C1,znw_m_ev,tarifit::cefr::C1 tarifit::woordsoort::znw_m_ev
amesmia,the nail,B2,znw_m_ev,tarifit::cefr::B2 tarifit::woordsoort::znw_m_ev
amesřem,Muslim,B2,znw_m_ev,tarifit::cefr::B2 tarifit::woordsoort::znw_m_ev
amesɛi,Beggar,B2,znw_m_ev,tarifit::cefr::B2 tarifit::woordsoort::znw_m_ev
amesṯen,Protection,B2,znw_m_ev,tarifit::cefr::B2 tarifit::woordsoort::znw_m_ev
ametta,tear,B2,znw_m_ev,tarifit::cefr::B2 tarifit::woordsoort::znw_m_ev
amettin,"dead person, corpse",B2,znw_m_ev,tarifit::cefr::B2 tarifit::woordsoort::znw_m_ev
amezwaru,first,C1,znw_m_ev,tarifit::cefr::C1 tarifit::woordsoort::znw_m_ev
amezzuɣ,ear,B2,znw_m_ev,tarifit::cefr::B2 tarifit::woordsoort::znw_m_ev
amezḏag,beautiful,B2,znw_m_ev,tarifit::cefr::B2 tarifit::woordsoort::znw_m_ev
ameřɣiɣ,the brain,B2,znw_m_ev,tarifit::cefr::B2 tarifit::woordsoort::znw_m_ev
Amešmaš,Apricot,B2,znw_m_ev,tarifit::cefr::B2 tarifit::woordsoort::znw_m_ev
ameɛnan / amezyan,small,B2,znw_m_ev,tarifit::cefr::B2 tarifit::woordsoort::znw_m_ev
ameḏǧaz,"the poet, traditional singer",B2,znw_m_ev,tarifit::cefr::B2 tarifit::woordsoort::znw_m_ev
ameḥḏaa,"pupil, student",B2,znw_m_ev,tarifit::cefr::B2 tarifit::woordsoort::znw_m_ev
amin,Amen,B1,ww,tarifit::cefr::B1 tarifit::woordsoort::ww
amjaa,the sickle or scythe,B2,znw_m_ev,tarifit::cefr::B2 tarifit::woordsoort::znw_m_ev
amnus,concern,B2,znw_m_ev,tarifit::cefr::B2 tarifit::woordsoort::znw_m_ev
amuaḏus,the carcass,B2,znw_m_ev,tarifit::cefr::B2 tarifit::woordsoort::znw_m_ev
amyan,goat (animal),B1,znw_m_ev,tarifit::cefr::B1 tarifit::woordsoort::znw_m_ev
amziř,the blacksmith,B2,znw_m_ev,tarifit::cefr::B2 tarifit::woordsoort::znw_m_ev
amẓiw,"monster, evil spirit",B2,znw_m_ev,tarifit::cefr::B2 tarifit::woordsoort::znw_m_ev
Anawar,Activity,B2,znw_m_ev,tarifit::cefr::B2 tarifit::woordsoort::znw_m_ev
anday,the ambush,B2,znw_m_ev,tarifit::cefr::B2 tarifit::woordsoort::znw_m_ev
andeř,grave,B2,znw_m_ev,tarifit::cefr::B2 tarifit::woordsoort::znw_m_ev
andraa,the threshing floor,B2,znw_m_ev,tarifit::cefr::B2 tarifit::woordsoort::znw_m_ev
aneggaru,"the end, last",C1,znw_m_ev,tarifit::cefr::C1 tarifit::woordsoort::znw_m_ev
anejjaa,the carpenter,B2,znw_m_ev,tarifit::cefr::B2 tarifit::woordsoort::znw_m_ev
anewji,"visitor, guest",B2,znw_m_ev,tarifit::cefr::B2 tarifit::woordsoort::znw_m_ev
anewyew,Visit,B2,znw_m_ev,tarifit::cefr::B2 tarifit::woordsoort::znw_m_ev
aneɣ,the gums,B1,znw_m_ev,tarifit::cefr::B1 tarifit::woordsoort::znw_m_ev
aneɣ,palate,B1,znw_m_ev,tarifit::cefr::B1 tarifit::woordsoort::znw_m_ev
aneḇḏu / řexrif / rmiṣta,Summer,B2,znw_m_ev,tarifit::cefr::B2 tarifit::woordsoort::znw_m_ev
aneḏḏah,Director,B2,znw_m_ev,tarifit::cefr::B2 tarifit::woordsoort::znw_m_ev
aneḥḇus,the prisoner,B2,znw_m_ev,tarifit::cefr::B2 tarifit::woordsoort::znw_m_ev
anhezzi n ṯmurṯ/zzinzal,Earthquake,B2,znw_m_ev,tarifit::cefr::B2 tarifit::woordsoort::znw_m_ev
aniyna,Call,B2,znw_m_ev,tarifit::cefr::B2 tarifit::woordsoort::znw_m_ev
"aniči, ařinti",the shepherd,C2,znw_m_ev,tarifit::cefr::C2 tarifit::woordsoort::znw_m_ev
anu,water well,B1,znw_m_ev,tarifit::cefr::B1 tarifit::woordsoort::znw_m_ev
anwař,the stable,B2,znw_m_ev,tarifit::cefr::B2 tarifit::woordsoort::znw_m_ev
anzaa,rain,B2,ww,tarifit::cefr::B2 tarifit::woordsoort::ww
anḏu,wickerwork for winnowing,B1,znw_m_ev,tarifit::cefr::B1 tarifit::woordsoort::znw_m_ev
apatci,Apache helicopter,B2,znw_m_ev,tarifit::cefr::B2 tarifit::woordsoort::znw_m_ev
apilaa,the pole,B2,znw_m_ev,tarifit::cefr::B2 tarifit::woordsoort::znw_m_ev
aqbuc,jug for water,B1,znw_m_ev,tarifit::cefr::B1 tarifit::woordsoort::znw_m_ev
aqeccaa,bald,B2,znw_m_ev,tarifit::cefr::B2 tarifit::woordsoort::znw_m_ev
aqeddaa,the potter,B2,znw_m_ev,tarifit::cefr::B2 tarifit::woordsoort::znw_m_ev
aqedduḥ,the can,B2,znw_m_ev,tarifit::cefr::B2 tarifit::woordsoort::znw_m_ev
aqeffuḥ,stupid,B2,znw_m_ev,tarifit::cefr::B2 tarifit::woordsoort::znw_m_ev
aqehwi,Brown,B2,znw_m_ev,tarifit::cefr::B2 tarifit::woordsoort::znw_m_ev
aqellaw,the penis,B2,znw_m_ev,tarifit::cefr::B2 tarifit::woordsoort::znw_m_ev
aqemmum,mouth,A1,znw_m_ev,tarifit::cefr::A1 tarifit::woordsoort::znw_m_ev
aqezzaz / joɛ,stingy,B1,znw_m_ev,tarifit::cefr::B1 tarifit::woordsoort::znw_m_ev
aqeṛɛi,member of Iqeṛɛiyen tribe,C1,znw_m_ev,tarifit::cefr::C1 tarifit::woordsoort::znw_m_ev
aqninni,Rabbit,B2,znw_m_ev,tarifit::cefr::B2 tarifit::woordsoort::znw_m_ev
aquḏḏaḏ,short,B2,znw_m_ev,tarifit::cefr::B2 tarifit::woordsoort::znw_m_ev
aqzin,dog,B2,znw_m_ev,tarifit::cefr::B2 tarifit::woordsoort::znw_m_ev
aqḇuc,Come,B2,znw_m_ev,tarifit::cefr::B2 tarifit::woordsoort::znw_m_ev
aqḏim,Old (for things and age),B2,znw_m_ev,tarifit::cefr::B2 tarifit::woordsoort::znw_m_ev
aqṛab,Backpack,B2,znw_m_ev,tarifit::cefr::B2 tarifit::woordsoort::znw_m_ev
Aremmas,Contractor,B2,znw_m_ev,tarifit::cefr::B2 tarifit::woordsoort::znw_m_ev
ari,to write,A2,ww,tarifit::cefr::A2 tarifit::woordsoort::ww
Arif,the Rif (area),B1,znw_m_ev,tarifit::cefr::B1 tarifit::woordsoort::znw_m_ev
arifi,Riffin,C1,znw_m_ev,tarifit::cefr::C1 tarifit::woordsoort::znw_m_ev
arr,answers,B1,ww,tarifit::cefr::B1 tarifit::woordsoort::ww
arr nnefs,to breathe,C1,ww,tarifit::cefr::C1 tarifit::woordsoort::ww
arrayes,the president,B2,znw_m_ev,tarifit::cefr::B2 tarifit::woordsoort::znw_m_ev
arraḏyu,Radio,B2,znw_m_ev,tarifit::cefr::B2 tarifit::woordsoort::znw_m_ev
arrez,broken,B2,ww,tarifit::cefr::B2 tarifit::woordsoort::ww
arric,the feather,B2,znw_m_ev,tarifit::cefr::B2 tarifit::woordsoort::znw_m_ev
Arrima,Mooring,B2,ww,tarifit::cefr::B2 tarifit::woordsoort::ww
arristuran,restaurant,C1,znw_m_ev,tarifit::cefr::C1 tarifit::woordsoort::znw_m_ev
arruz,Rice,B2,znw_m_ev,tarifit::cefr::B2 tarifit::woordsoort::znw_m_ev
arruḏ,"clothes, garments",B2,ww,tarifit::cefr::B2 tarifit::woordsoort::ww
arruḥ,the soul or spirit,B2,znw_m_ev,tarifit::cefr::B2 tarifit::woordsoort::znw_m_ev
arrḇeḥ,the victory,B2,znw_m_ev,tarifit::cefr::B2 tarifit::woordsoort::znw_m_ev
arrḇiɛ,Grass,B2,znw_m_ev,tarifit::cefr::B2 tarifit::woordsoort::znw_m_ev
aru,beget,B1,ww,tarifit::cefr::B1 tarifit::woordsoort::ww
aryiyi,Shivering,B2,ww,tarifit::cefr::B2 tarifit::woordsoort::ww
as,come,B1,ww,tarifit::cefr::B1 tarifit::woordsoort::ww
asaaḏun,mule,B2,znw_m_ev,tarifit::cefr::B2 tarifit::woordsoort::znw_m_ev
Asegbar,Actor,B2,znw_m_ev,tarifit::cefr::B2 tarifit::woordsoort::znw_m_ev
aseggwas / ɛam,Year,C1,znw_m_ev,tarifit::cefr::C1 tarifit::woordsoort::znw_m_ev
asekcuṭ,upper part of couscous pan,B2,znw_m_ev,tarifit::cefr::B2 tarifit::woordsoort::znw_m_ev
asemmam,sour,C1,znw_m_ev,tarifit::cefr::C1 tarifit::woordsoort::znw_m_ev
asemmaḏ,cold,B2,znw_m_ev,tarifit::cefr::B2 tarifit::woordsoort::znw_m_ev
asemmiḏ,the cold,B2,znw_m_ev,tarifit::cefr::B2 tarifit::woordsoort::znw_m_ev
asemmiḏ / rɛawin,Wind,B2,znw_m_ev,tarifit::cefr::B2 tarifit::woordsoort::znw_m_ev
asennan,thorn,B2,znw_m_ev,tarifit::cefr::B2 tarifit::woordsoort::znw_m_ev
aseymi,baby,B2,znw_m_ev,tarifit::cefr::B2 tarifit::woordsoort::znw_m_ev
aseřɣaɣ / lɛaṣir,juice,B2,znw_m_ev,tarifit::cefr::B2 tarifit::woordsoort::znw_m_ev
aseḏḥi / ḥecma,Shame,B2,znw_m_ev,tarifit::cefr::B2 tarifit::woordsoort::znw_m_ev
aseḥḥaa,the wizard or witch,B2,znw_m_ev,tarifit::cefr::B2 tarifit::woordsoort::znw_m_ev
asfeḏ,the lamp or torch,B2,znw_m_ev,tarifit::cefr::B2 tarifit::woordsoort::znw_m_ev
asiwan,the hawk,B2,znw_m_ev,tarifit::cefr::B2 tarifit::woordsoort::znw_m_ev
asiynu,the cloud,B2,znw_m_ev,tarifit::cefr::B2 tarifit::woordsoort::znw_m_ev
aspanyu,Spaniard,C1,znw_m_ev,tarifit::cefr::C1 tarifit::woordsoort::znw_m_ev
aspiraṯor,to vacuum,C1,znw_m_ev,tarifit::cefr::C1 tarifit::woordsoort::znw_m_ev
assam,the lightning bolt,B2,znw_m_ev,tarifit::cefr::B2 tarifit::woordsoort::znw_m_ev
asřem,fish,B2,znw_m_ev,tarifit::cefr::B2 tarifit::woordsoort::znw_m_ev
asřif,the brother-in-law or sister-in-law,B2,znw_m_ev,tarifit::cefr::B2 tarifit::woordsoort::znw_m_ev
asřix,the fur,B2,znw_m_ev,tarifit::cefr::B2 tarifit::woordsoort::znw_m_ev
atay,tea,A1,znw_m_ev,tarifit::cefr::A1 tarifit::woordsoort::znw_m_ev
atijari,the merchant,B2,znw_m_ev,tarifit::cefr::B2 tarifit::woordsoort::znw_m_ev
attas,"often, for a long time, a lot",C1,znw_m_ev,tarifit::cefr::C1 tarifit::woordsoort::znw_m_ev
attaw,big eye,B1,znw_m_ev,tarifit::cefr::B1 tarifit::woordsoort::znw_m_ev
awař,"word, conversation",B1,znw_m_ev,tarifit::cefr::B1 tarifit::woordsoort::znw_m_ev
awaṛ,Appointment,B1,znw_m_ev,tarifit::cefr::B1 tarifit::woordsoort::znw_m_ev
awessaa,old man,C1,znw_m_ev,tarifit::cefr::C1 tarifit::woordsoort::znw_m_ev
awezwiz,the piece,B2,znw_m_ev,tarifit::cefr::B2 tarifit::woordsoort::znw_m_ev
aweḏ,arrive,B1,ww,tarifit::cefr::B1 tarifit::woordsoort::ww
awi,to take,B1,ww,tarifit::cefr::B1 tarifit::woordsoort::ww
awi-ḏ,To fetch,B2,ww,tarifit::cefr::B2 tarifit::woordsoort::ww
awiḏ kicc,Take away,C1,ww,tarifit::cefr::C1 tarifit::woordsoort::ww
awmaṯen,the brother or sister,B2,znw_m_ev,tarifit::cefr::B2 tarifit::woordsoort::znw_m_ev
awraɣ,yellow,B2,znw_m_ev,tarifit::cefr::B2 tarifit::woordsoort::znw_m_ev
awrud,"over here, over here",B2,znw_m_ev,tarifit::cefr::B2 tarifit::woordsoort::znw_m_ev
awṯem,male,B2,znw_m_ev,tarifit::cefr::B2 tarifit::woordsoort::znw_m_ev
axeddam,"Worker, employee",B2,znw_m_ev,tarifit::cefr::B2 tarifit::woordsoort::znw_m_ev
axeddam,employee,B2,znw_m_ev,tarifit::cefr::B2 tarifit::woordsoort::znw_m_ev
axenza,the boil,B2,znw_m_ev,tarifit::cefr::B2 tarifit::woordsoort::znw_m_ev
axeyyaḏ,the tailor,B2,znw_m_ev,tarifit::cefr::B2 tarifit::woordsoort::znw_m_ev
axmaa,the spider web,B2,znw_m_ev,tarifit::cefr::B2 tarifit::woordsoort::znw_m_ev
axwwan,Burglar,B2,znw_m_ev,tarifit::cefr::B2 tarifit::woordsoort::znw_m_ev
axřuř,the snot,B2,znw_m_ev,tarifit::cefr::B2 tarifit::woordsoort::znw_m_ev
axḇuc,"the ditch, the hole",B2,znw_m_ev,tarifit::cefr::B2 tarifit::woordsoort::znw_m_ev
aɣ,presentational particle ('here!'),C2,ww,tarifit::cefr::C2 tarifit::woordsoort::ww
ayaaziz,the hare,B2,znw_m_ev,tarifit::cefr::B2 tarifit::woordsoort::znw_m_ev
ayawya,each other,B2,znw_m_ev,tarifit::cefr::B2 tarifit::woordsoort::znw_m_ev
ayaṛṛaf,water jug,B2,znw_m_ev,tarifit::cefr::B2 tarifit::woordsoort::znw_m_ev
ayem,to fetch water,B1,znw_m_ev,tarifit::cefr::B1 tarifit::woordsoort::znw_m_ev
ayemmaḏ,opposite side,B2,znw_m_ev,tarifit::cefr::B2 tarifit::woordsoort::znw_m_ev
ayencic,Lip,B2,znw_m_ev,tarifit::cefr::B2 tarifit::woordsoort::znw_m_ev
ayenduz,the ox,B2,znw_m_ev,tarifit::cefr::B2 tarifit::woordsoort::znw_m_ev
ayezzim,the wound,B2,znw_m_ev,tarifit::cefr::B2 tarifit::woordsoort::znw_m_ev
ayeř (1),to hang,C1,ww,tarifit::cefr::C1 tarifit::woordsoort::ww
Ayidar/faču,Eagle,B1,znw_m_ev,tarifit::cefr::B1 tarifit::woordsoort::znw_m_ev
ayirin,over there,B2,ww,tarifit::cefr::B2 tarifit::woordsoort::ww
ayraḏ,lion,B2,znw_m_ev,tarifit::cefr::B2 tarifit::woordsoort::znw_m_ev
aysum,meat,C2,znw_m_ev,tarifit::cefr::C2 tarifit::woordsoort::znw_m_ev
ayujiř,orphan,B2,znw_m_ev,tarifit::cefr::B2 tarifit::woordsoort::znw_m_ev
ayyaw,grandchild,B1,znw_m_ev,tarifit::cefr::B1 tarifit::woordsoort::znw_m_ev
ayyaw / yeǧis n ɛzizi,nephew (paternal side),B1,znw_m_ev,tarifit::cefr::B1 tarifit::woordsoort::znw_m_ev
ayṯ,that of (tribal affiliation),B1,znw_m_ev,tarifit::cefr::B1 tarifit::woordsoort::znw_m_ev
azeřmaḏ,left,B2,znw_m_ev,tarifit::cefr::B2 tarifit::woordsoort::znw_m_ev
azeǧif,head,B2,znw_m_ev,tarifit::cefr::B2 tarifit::woordsoort::znw_m_ev
azeɛɛam,brave,B2,znw_m_ev,tarifit::cefr::B2 tarifit::woordsoort::znw_m_ev
azeɣ,dry,B1,ww,tarifit::cefr::B1 tarifit::woordsoort::ww
aziyza,blue,B2,znw_m_ev,tarifit::cefr::B2 tarifit::woordsoort::znw_m_ev
aziyza,raw,B2,znw_m_ev,tarifit::cefr::B2 tarifit::woordsoort::znw_m_ev
aziza,"green, blue",B2,znw_m_ev,tarifit::cefr::B2 tarifit::woordsoort::znw_m_ev
azizun,stupid,B2,znw_m_ev,tarifit::cefr::B2 tarifit::woordsoort::znw_m_ev
aziḏan / rqabus,the gun,B2,znw_m_ev,tarifit::cefr::B2 tarifit::woordsoort::znw_m_ev
azu,to skin,B1,ww,tarifit::cefr::B1 tarifit::woordsoort::ww
azul,Hi,B1,znw_m_ev,tarifit::cefr::B1 tarifit::woordsoort::znw_m_ev
azwaa,"the vein, artery, the tendon",B2,znw_m_ev,tarifit::cefr::B2 tarifit::woordsoort::znw_m_ev
azyen,half,B2,znw_m_ev,tarifit::cefr::B2 tarifit::woordsoort::znw_m_ev
azyen n nnhaa,the noon,C2,znw_m_ev,tarifit::cefr::C2 tarifit::woordsoort::znw_m_ev
azzeř,"to run, to flow",C2,ww,tarifit::cefr::C2 tarifit::woordsoort::ww
Azɣenɣan,Zeghanghane (village near Nador),C1,znw_m_ev,tarifit::cefr::C1 tarifit::woordsoort::znw_m_ev
azḏaḏ,thin,B2,znw_m_ev,tarifit::cefr::B2 tarifit::woordsoort::znw_m_ev
azḏuz,the pestle,B2,znw_m_ev,tarifit::cefr::B2 tarifit::woordsoort::znw_m_ev
azṛu,stone,B1,ww,tarifit::cefr::B1 tarifit::woordsoort::ww
ařef,thousand,B2,znw_m_ev,tarifit::cefr::B2 tarifit::woordsoort::znw_m_ev
ařeqqaɣ,smooth,B2,znw_m_ev,tarifit::cefr::B2 tarifit::woordsoort::znw_m_ev
aři,to climb,B1,ww,tarifit::cefr::B1 tarifit::woordsoort::ww
aři / geɛɛeḏ,"to go up, to climb",B1,znw_m_ev,tarifit::cefr::B1 tarifit::woordsoort::znw_m_ev
ařiyzim,"the hoe, the anchor",B2,znw_m_ev,tarifit::cefr::B2 tarifit::woordsoort::znw_m_ev
ařmi,to (conjunction),B1,znw_m_ev,tarifit::cefr::B1 tarifit::woordsoort::znw_m_ev
ařɣem,camel,B2,znw_m_ev,tarifit::cefr::B2 tarifit::woordsoort::znw_m_ev
aǧenna,the air,B2,znw_m_ev,tarifit::cefr::B2 tarifit::woordsoort::znw_m_ev
aǧun,large tambourine,B1,znw_m_ev,tarifit::cefr::B1 tarifit::woordsoort::znw_m_ev
aɛaayan,naked,B2,znw_m_ev,tarifit::cefr::B2 tarifit::woordsoort::znw_m_ev
aɛecci,afternoon,B2,znw_m_ev,tarifit::cefr::B2 tarifit::woordsoort::znw_m_ev
aɛeddis,belly,C1,znw_m_ev,tarifit::cefr::C1 tarifit::woordsoort::znw_m_ev
aɛeffan,"ugly, bad",B2,znw_m_ev,tarifit::cefr::B2 tarifit::woordsoort::znw_m_ev
aɛejmi,Calf,B2,znw_m_ev,tarifit::cefr::B2 tarifit::woordsoort::znw_m_ev
aɛekkaz,the walking stick,B2,znw_m_ev,tarifit::cefr::B2 tarifit::woordsoort::znw_m_ev
aɛeskari,the soldier,C1,znw_m_ev,tarifit::cefr::C1 tarifit::woordsoort::znw_m_ev
aɛessas,the guard,B2,znw_m_ev,tarifit::cefr::B2 tarifit::woordsoort::znw_m_ev
aɛezri,the young man,B2,znw_m_ev,tarifit::cefr::B2 tarifit::woordsoort::znw_m_ev
aɛna,Mean,B1,ww,tarifit::cefr::B1 tarifit::woordsoort::ww
aɛrab,Arab (M),B2,znw_m_ev,tarifit::cefr::B2 tarifit::woordsoort::znw_m_ev
aɛrua,the back,B2,znw_m_ev,tarifit::cefr::B2 tarifit::woordsoort::znw_m_ev
aɛrua n titt,the eyelid,C2,znw_m_ev,tarifit::cefr::C2 tarifit::woordsoort::znw_m_ev
aɛjeb,Like (like),B2,ww,tarifit::cefr::B2 tarifit::woordsoort::ww
aɛřa,"high, shallow",B1,znw_m_ev,tarifit::cefr::B1 tarifit::woordsoort::znw_m_ev
aɛḇan,the scale,B2,znw_m_ev,tarifit::cefr::B2 tarifit::woordsoort::znw_m_ev
aɣaaḏa,the mouse or rat,B2,znw_m_ev,tarifit::cefr::B2 tarifit::woordsoort::znw_m_ev
aɣarraf,the jug,B2,znw_m_ev,tarifit::cefr::B2 tarifit::woordsoort::znw_m_ev
aɣarraḇu,the ship,C1,znw_m_ev,tarifit::cefr::C1 tarifit::woordsoort::znw_m_ev
aɣarri,the deception,B2,znw_m_ev,tarifit::cefr::B2 tarifit::woordsoort::znw_m_ev
aɣenja,ladle,B2,znw_m_ev,tarifit::cefr::B2 tarifit::woordsoort::znw_m_ev
aɣesmia,the jaw,B2,znw_m_ev,tarifit::cefr::B2 tarifit::woordsoort::znw_m_ev
aɣezḏis,the edge,B2,znw_m_ev,tarifit::cefr::B2 tarifit::woordsoort::znw_m_ev
aɣi,milk,B1,znw_m_ev,tarifit::cefr::B1 tarifit::woordsoort::znw_m_ev
aɣrum,bread,A1,znw_m_ev,tarifit::cefr::A1 tarifit::woordsoort::znw_m_ev
aɣrum n tḇaɣřa,the mushroom,C2,znw_m_ev,tarifit::cefr::C2 tarifit::woordsoort::znw_m_ev
aɣrus,the tree trunk,B2,znw_m_ev,tarifit::cefr::B2 tarifit::woordsoort::znw_m_ev
aɣyay,note,B2,znw_m_ev,tarifit::cefr::B2 tarifit::woordsoort::znw_m_ev
aɣyuř,donkey,C1,znw_m_ev,tarifit::cefr::C1 tarifit::woordsoort::znw_m_ev
aḇaakiw,the goose,B2,znw_m_ev,tarifit::cefr::B2 tarifit::woordsoort::znw_m_ev
aḇaarcan,black,C1,znw_m_ev,tarifit::cefr::C1 tarifit::woordsoort::znw_m_ev
aḇarrani,the stranger,C1,znw_m_ev,tarifit::cefr::C1 tarifit::woordsoort::znw_m_ev
aḇennay,the mason,B2,znw_m_ev,tarifit::cefr::B2 tarifit::woordsoort::znw_m_ev
aḇeř,eyelash,B1,znw_m_ev,tarifit::cefr::B1 tarifit::woordsoort::znw_m_ev
aḇeǧaɛ,the mud,B2,znw_m_ev,tarifit::cefr::B2 tarifit::woordsoort::znw_m_ev
aḇeɛɛuc,the insect,B2,znw_m_ev,tarifit::cefr::B2 tarifit::woordsoort::znw_m_ev
aḇeḥri,the fisherman,B2,znw_m_ev,tarifit::cefr::B2 tarifit::woordsoort::znw_m_ev
aḇriḏ,"road, path",B2,znw_m_ev,tarifit::cefr::B2 tarifit::woordsoort::znw_m_ev
aḇrussi,Fine,B2,znw_m_ev,tarifit::cefr::B2 tarifit::woordsoort::znw_m_ev
aḇuhaři,crazy,B2,znw_m_ev,tarifit::cefr::B2 tarifit::woordsoort::znw_m_ev
aḏ,"Om, particle for future, wish",B1,ww,tarifit::cefr::B1 tarifit::woordsoort::ww
aḏaa,low,B1,znw_m_ev,tarifit::cefr::B1 tarifit::woordsoort::znw_m_ev
aḏaaɣař,blind,B2,znw_m_ev,tarifit::cefr::B2 tarifit::woordsoort::znw_m_ev
aḏan n tmuaṯ,worm,C2,znw_m_ev,tarifit::cefr::C2 tarifit::woordsoort::znw_m_ev
aḏarraf (n ihaakusen),the shoemaker,C2,znw_m_ev,tarifit::cefr::C2 tarifit::woordsoort::znw_m_ev
aḏbib,doctor,B2,znw_m_ev,tarifit::cefr::B2 tarifit::woordsoort::znw_m_ev
aḏef,"to enter, enter",B1,znw_m_ev,tarifit::cefr::B1 tarifit::woordsoort::znw_m_ev
aḏeggwař,the son-in-law (of a man),C1,znw_m_ev,tarifit::cefr::C1 tarifit::woordsoort::znw_m_ev
aḏeggʷař,"father-in-law, brother-in-law",C1,znw_m_ev,tarifit::cefr::C1 tarifit::woordsoort::znw_m_ev
aḏehcua,"deaf, deaf person",B2,znw_m_ev,tarifit::cefr::B2 tarifit::woordsoort::znw_m_ev
aḏes,near,B1,znw_m_ev,tarifit::cefr::B1 tarifit::woordsoort::znw_m_ev
aḏfeř,Snow,B2,znw_m_ev,tarifit::cefr::B2 tarifit::woordsoort::znw_m_ev
aḏiř / zzḇiḇ,Pigeon,B1,znw_m_ev,tarifit::cefr::B1 tarifit::woordsoort::znw_m_ev
aḏraa,mountain,B2,znw_m_ev,tarifit::cefr::B2 tarifit::woordsoort::znw_m_ev
aḏḇiḇ,the doctor,B2,znw_m_ev,tarifit::cefr::B2 tarifit::woordsoort::znw_m_ev
aḏḏar,Abyss (cliff),B2,znw_m_ev,tarifit::cefr::B2 tarifit::woordsoort::znw_m_ev
aḏḏuwex,Dizzy,B2,znw_m_ev,tarifit::cefr::B2 tarifit::woordsoort::znw_m_ev
aḥaabiḏ,dish of semolina with milk,B2,znw_m_ev,tarifit::cefr::B2 tarifit::woordsoort::znw_m_ev
aḥaamcaa,the lizard,C1,znw_m_ev,tarifit::cefr::C1 tarifit::woordsoort::znw_m_ev
aḥeddiq,the flame,B2,znw_m_ev,tarifit::cefr::B2 tarifit::woordsoort::znw_m_ev
aḥendǦia / aniyḇu,boy,B2,ww,tarifit::cefr::B2 tarifit::woordsoort::ww
aḥenjia,Child,B2,znw_m_ev,tarifit::cefr::B2 tarifit::woordsoort::znw_m_ev
aḥessen,shave,B2,ww,tarifit::cefr::B2 tarifit::woordsoort::ww
aḥeř,"be tired, get frustrated",B1,znw_m_ev,tarifit::cefr::B1 tarifit::woordsoort::znw_m_ev
aḥeﬀaf,Hairdresser,B2,znw_m_ev,tarifit::cefr::B2 tarifit::woordsoort::znw_m_ev
aḥurri,the free man,B2,znw_m_ev,tarifit::cefr::B2 tarifit::woordsoort::znw_m_ev
aḥuři,sheep,B2,znw_m_ev,tarifit::cefr::B2 tarifit::woordsoort::znw_m_ev
aṛigalo,Gift,B2,znw_m_ev,tarifit::cefr::B2 tarifit::woordsoort::znw_m_ev
aṛiḥṯ,Smell,B2,znw_m_ev,tarifit::cefr::B2 tarifit::woordsoort::znw_m_ev
aṛu,give birth,B1,znw_m_ev,tarifit::cefr::B1 tarifit::woordsoort::znw_m_ev
aṛumi,Christian,B2,ww,tarifit::cefr::B2 tarifit::woordsoort::ww
aṛṛebbi,God the Lord,B2,znw_m_ev,tarifit::cefr::B2 tarifit::woordsoort::znw_m_ev
aṛṛeḥmeṯ,kindness,C1,znw_m_ev,tarifit::cefr::C1 tarifit::woordsoort::znw_m_ev
aṛṛic,"fur, feathers",B2,znw_m_ev,tarifit::cefr::B2 tarifit::woordsoort::znw_m_ev
aṛṛiyalu,gift,C1,znw_m_ev,tarifit::cefr::C1 tarifit::woordsoort::znw_m_ev
aṛṛzeq,(financial) fortune,B2,znw_m_ev,tarifit::cefr::B2 tarifit::woordsoort::znw_m_ev
aṣebḥan / mliḥ / cen,Good,A2,voegw,tarifit::cefr::A2 tarifit::woordsoort::voegw
aṭṭas,"Very, Extreme",B2,znw_m_ev,tarifit::cefr::B2 tarifit::woordsoort::znw_m_ev
baba,Dad,A1,ww,tarifit::cefr::A1 tarifit::woordsoort::ww
backlit,Bicycle,B2,ww,tarifit::cefr::B2 tarifit::woordsoort::ww
barakah,to bless,B2,ww,tarifit::cefr::B2 tarifit::woordsoort::ww
Bared,Cool down,B2,ww,tarifit::cefr::B2 tarifit::woordsoort::ww
barrem,to drill,B2,ww,tarifit::cefr::B2 tarifit::woordsoort::ww
baṛkun,Balcony,B2,ww,tarifit::cefr::B2 tarifit::woordsoort::ww
baṭaṭa,potato (collective),B2,ww,tarifit::cefr::B2 tarifit::woordsoort::ww
baṭaṭa friṯ,Fries,C2,ww,tarifit::cefr::C2 tarifit::woordsoort::ww
baṭer,Free,B2,ww,tarifit::cefr::B2 tarifit::woordsoort::ww
belleɣ,transfer (orally).,B2,ww,tarifit::cefr::B2 tarifit::woordsoort::ww
bellɛ,"to close, to be closed",B2,ww,tarifit::cefr::B2 tarifit::woordsoort::ww
beḏḏ,Halt,B1,ww,tarifit::cefr::B1 tarifit::woordsoort::ww
Biljik,Belgium,B2,ww,tarifit::cefr::B2 tarifit::woordsoort::ww
billa,Closed,B2,ww,tarifit::cefr::B2 tarifit::woordsoort::ww
bitelma,Toilet (WC),B2,ww,tarifit::cefr::B2 tarifit::woordsoort::ww
biyaṯi,Ticket (ticket),B2,ww,tarifit::cefr::B2 tarifit::woordsoort::ww
bnaḏem,man,B2,ww,tarifit::cefr::B2 tarifit::woordsoort::ww
bu,"(denying particle), so for example he cannot tmazight",B2,ontk,tarifit::cefr::B2 tarifit::woordsoort::ontk
bu ṛečub,Grocer,C1,ww,tarifit::cefr::C1 tarifit::woordsoort::ww
buaxs,the grasshopper,B2,znw,tarifit::cefr::B2 tarifit::woordsoort::znw
buṛcu,Handbag,B2,ww,tarifit::cefr::B2 tarifit::woordsoort::ww
bṣṣaḥa,Enjoy your meal,B2,ww,tarifit::cefr::B2 tarifit::woordsoort::ww
ca (n),"some, a few",B2,ww,tarifit::cefr::B2 tarifit::woordsoort::ww
ca n marraṯ,sometimes,C2,ww,tarifit::cefr::C2 tarifit::woordsoort::ww
caacaa,the waterfall,B2,znw,tarifit::cefr::B2 tarifit::woordsoort::znw
caaf,tie up,B1,ww,tarifit::cefr::B1 tarifit::woordsoort::ww
caah,hate,B1,ww,tarifit::cefr::B1 tarifit::woordsoort::ww
caaz,"ploughing, ploughing, tilling the land",C2,znw,tarifit::cefr::C2 tarifit::woordsoort::znw
cab,turn gray,B1,ww,tarifit::cefr::B1 tarifit::woordsoort::ww
caccu,wooden frame of a sieve,B2,znw,tarifit::cefr::B2 tarifit::woordsoort::znw
calimu,the chimney,B2,znw,tarifit::cefr::B2 tarifit::woordsoort::znw
cappu,hat,B2,ww,tarifit::cefr::B2 tarifit::woordsoort::ww
cař,"soil, clay",B1,ww,tarifit::cefr::B1 tarifit::woordsoort::ww
cc,to eat,A2,ww,tarifit::cefr::A2 tarifit::woordsoort::ww
ccaa,to fill,B1,ww,tarifit::cefr::B1 tarifit::woordsoort::ww
ccaaq,the east,B2,znw,tarifit::cefr::B2 tarifit::woordsoort::znw
ccaaṛcaa,cackle,C1,ww,tarifit::cefr::C1 tarifit::woordsoort::ww
ccabab,youth,B2,ww,tarifit::cefr::B2 tarifit::woordsoort::ww
ccaheḏ,the witness,B2,znw,tarifit::cefr::B2 tarifit::woordsoort::znw
ccamal,North,B2,ww,tarifit::cefr::B2 tarifit::woordsoort::ww
ccaqua’,Ax,B2,ww,tarifit::cefr::B2 tarifit::woordsoort::ww
ccarika,company,B2,ww,tarifit::cefr::B2 tarifit::woordsoort::ww
ccař / ijḏi,Sand,B1,znw_m_mv,tarifit::cefr::B1 tarifit::woordsoort::znw_m_mv
ccaṛṛ,"anger, evil",B2,ww,tarifit::cefr::B2 tarifit::woordsoort::ww
ccekk,the doubt,B2,znw,tarifit::cefr::B2 tarifit::woordsoort::znw
ccencuna,tambourine with bells,C1,ww,tarifit::cefr::C1 tarifit::woordsoort::ww
cceḇřeq,wrinkled,B2,ww,tarifit::cefr::B2 tarifit::woordsoort::ww
cchaa,Month,B2,ww,tarifit::cefr::B2 tarifit::woordsoort::ww
cchaṛ n rebɛa,April,A2,znw_m_ev,tarifit::cefr::A2 tarifit::woordsoort::znw_m_ev
cchaṛ n sebɛa,July,A2,znw_m_ev,tarifit::cefr::A2 tarifit::woordsoort::znw_m_ev
cchaṛ n setta,June,A2,znw_m_ev,tarifit::cefr::A2 tarifit::woordsoort::znw_m_ev
cchaṛ n tesɛa,September,A2,znw_m_ev,tarifit::cefr::A2 tarifit::woordsoort::znw_m_ev
cchaṛ n tlata,March,A2,znw_m_ev,tarifit::cefr::A2 tarifit::woordsoort::znw_m_ev
cchaṛ n tmenya,August,A2,znw_m_ev,tarifit::cefr::A2 tarifit::woordsoort::znw_m_ev
cchaṛ n tnac,December,A2,znw_m_ev,tarifit::cefr::A2 tarifit::woordsoort::znw_m_ev
cchaṛ n tnayn,February,A2,znw_m_ev,tarifit::cefr::A2 tarifit::woordsoort::znw_m_ev
cchaṛ n waḥid,January,A2,znw_m_ev,tarifit::cefr::A2 tarifit::woordsoort::znw_m_ev
cchaṛ n xemsa,May,A2,znw_m_ev,tarifit::cefr::A2 tarifit::woordsoort::znw_m_ev
cchaṛ n ɛecra,October,A2,znw_m_ev,tarifit::cefr::A2 tarifit::woordsoort::znw_m_ev
cchaṛ n ḥḍac,November,A2,znw_m_ev,tarifit::cefr::A2 tarifit::woordsoort::znw_m_ev
ccitan,devil,B2,ww,tarifit::cefr::B2 tarifit::woordsoort::ww
ccmeɛ,candle,A2,znw,tarifit::cefr::A2 tarifit::woordsoort::znw
ccraḇ,the fermented drink,B2,znw,tarifit::cefr::B2 tarifit::woordsoort::znw
ccuklaṯ,Chocolate,B2,ww,tarifit::cefr::B2 tarifit::woordsoort::ww
ccwa/cnef,"roasting, grilling",B1,ww,tarifit::cefr::B1 tarifit::woordsoort::ww
ccɛaa,the body hair,B2,znw,tarifit::cefr::B2 tarifit::woordsoort::znw
ccɣeṛ,Occupation,B2,ww,tarifit::cefr::B2 tarifit::woordsoort::ww
cebbaa,to cling,B2,ww,tarifit::cefr::B2 tarifit::woordsoort::ww
cehrayen,two months,C1,ww,tarifit::cefr::C1 tarifit::woordsoort::ww
cek (m) / cem (v),you,B2,ww,tarifit::cefr::B2 tarifit::woordsoort::ww
cekkaa,the praise,B2,znw,tarifit::cefr::B2 tarifit::woordsoort::znw
cewwaa / cen / ṣbaḥ,Nice,B1,ww,tarifit::cefr::B1 tarifit::woordsoort::ww
cikli,Chewing gum,B2,ww,tarifit::cefr::B2 tarifit::woordsoort::ww
cmes,"packing, wrapping",B1,ww,tarifit::cefr::B1 tarifit::woordsoort::ww
cmez,to scratch,B1,ww,tarifit::cefr::B1 tarifit::woordsoort::ww
cneɛ,proud,B1,ww,tarifit::cefr::B1 tarifit::woordsoort::ww
cqa,care about (+ IO),B1,ww,tarifit::cefr::B1 tarifit::woordsoort::ww
cra,Rent,B1,ww,tarifit::cefr::B1 tarifit::woordsoort::ww
cuaḏu,flea,B2,ww,tarifit::cefr::B2 tarifit::woordsoort::ww
cway,a little (~cwayṯ),B1,znw,tarifit::cefr::B1 tarifit::woordsoort::znw
cway cway,slowly,C1,ww,tarifit::cefr::C1 tarifit::woordsoort::ww
cway cwayṯ,Careful,C1,ww,tarifit::cefr::C1 tarifit::woordsoort::ww
cxaa,snoring,B1,ww,tarifit::cefr::B1 tarifit::woordsoort::ww
cḏeḥ,dancing,B1,ww,tarifit::cefr::B1 tarifit::woordsoort::ww
cṛaḍa,Salad,B2,ww,tarifit::cefr::B2 tarifit::woordsoort::ww
daweḏha,Great,B2,ww,tarifit::cefr::B2 tarifit::woordsoort::ww
ddafeɛ,defend,B2,ww,tarifit::cefr::B2 tarifit::woordsoort::ww
ddariḇa,Tax,B2,ww,tarifit::cefr::B2 tarifit::woordsoort::ww
ddars,lesson,B2,ww,tarifit::cefr::B2 tarifit::woordsoort::ww
ddat,body,B1,ww,tarifit::cefr::B1 tarifit::woordsoort::ww
ddcaa,village,B2,ww,tarifit::cefr::B2 tarifit::woordsoort::ww
ddebbuz,the bat,B2,znw,tarifit::cefr::B2 tarifit::woordsoort::znw
ddegg,strange thing,B2,ww,tarifit::cefr::B2 tarifit::woordsoort::ww
ddellɛ,watermelon (collective),B2,ww,tarifit::cefr::B2 tarifit::woordsoort::ww
ddemneṯ,the savannah,B2,znw,tarifit::cefr::B2 tarifit::woordsoort::znw
ddenfiř,the dolphin,B2,znw,tarifit::cefr::B2 tarifit::woordsoort::znw
ddenya / lɛalam,world,B2,ww,tarifit::cefr::B2 tarifit::woordsoort::ww
ddexxan,smoke,B2,ww,tarifit::cefr::B2 tarifit::woordsoort::ww
ddez,"stomp, crush",B1,ww,tarifit::cefr::B1 tarifit::woordsoort::ww
ddhen aḥuři,ghee,C2,ww,tarifit::cefr::C2 tarifit::woordsoort::ww
ddin,religion,B1,znw_m_ev,tarifit::cefr::B1 tarifit::woordsoort::ww
ddiseṭ,pregnancy,B2,ww,tarifit::cefr::B2 tarifit::woordsoort::ww
ddisku,song,B2,ww,tarifit::cefr::B2 tarifit::woordsoort::ww
ddqiqa,minute,B2,ww,tarifit::cefr::B2 tarifit::woordsoort::ww
ddra,corn,B1,ww,tarifit::cefr::B1 tarifit::woordsoort::ww
ddubb,bear,B2,ww,tarifit::cefr::B2 tarifit::woordsoort::ww
ddwa,Medicines,B1,ww,tarifit::cefr::B1 tarifit::woordsoort::ww
ddɛɛwa,admonition,B2,ww,tarifit::cefr::B2 tarifit::woordsoort::ww
deffaṛ / awaṛn (i),behind,B2,znw_m_ev,tarifit::cefr::B2 tarifit::woordsoort::znw_m_ev
Dekk,"Tamping, crushing",B1,ww,tarifit::cefr::B1 tarifit::woordsoort::ww
deřbuga,the drum,B2,znw,tarifit::cefr::B2 tarifit::woordsoort::znw
dixer,inside,B2,ww,tarifit::cefr::B2 tarifit::woordsoort::ww
djaz',be hungry,B2,ww,tarifit::cefr::B2 tarifit::woordsoort::ww
djesseq,the glue,B2,znw,tarifit::cefr::B2 tarifit::woordsoort::znw
djiřeṯ,night,B2,ww,tarifit::cefr::B2 tarifit::woordsoort::ww
duṯca/hamam,Bathroom,B2,ww,tarifit::cefr::B2 tarifit::woordsoort::ww
emsaḥ,To polish,B2,ww,tarifit::cefr::B2 tarifit::woordsoort::ww
esqiṛ,Clap,B2,ww,tarifit::cefr::B2 tarifit::woordsoort::ww
ewc,give,B1,ww,tarifit::cefr::B1 tarifit::woordsoort::ww
exs,love,B1,ww,tarifit::cefr::B1 tarifit::woordsoort::ww
eŋw,ripe,B1,ww,tarifit::cefr::B1 tarifit::woordsoort::ww
fa iḏennaḏ,the day before yesterday,C1,ww,tarifit::cefr::C1 tarifit::woordsoort::ww
faacu,the eagle,B2,znw,tarifit::cefr::B2 tarifit::woordsoort::znw
faawicca,the day after tomorrow,C1,ww,tarifit::cefr::C1 tarifit::woordsoort::ww
faayeḏ,crooked,B2,ww,tarifit::cefr::B2 tarifit::woordsoort::ww
faaz,bright,B1,ww,tarifit::cefr::B1 tarifit::woordsoort::ww
faaḏ,wipe,B1,ww,tarifit::cefr::B1 tarifit::woordsoort::ww
faaḥ,pleased,B1,ww,tarifit::cefr::B1 tarifit::woordsoort::ww
familiya,Family,C1,ww,tarifit::cefr::C1 tarifit::woordsoort::ww
familya,family,B2,ww,tarifit::cefr::B2 tarifit::woordsoort::ww
faq,awake,B1,ww,tarifit::cefr::B1 tarifit::woordsoort::ww
farina,soft grain,C1,ww,tarifit::cefr::C1 tarifit::woordsoort::ww
farmaj / kisu,cheese,B1,ww,tarifit::cefr::B1 tarifit::woordsoort::ww
farmaɛia,Pharmacy,C1,ww,tarifit::cefr::C1 tarifit::woordsoort::ww
fařda,Skirt,B2,ww,tarifit::cefr::B2 tarifit::woordsoort::ww
faṛṛeɣ,be poor,B2,ww,tarifit::cefr::B2 tarifit::woordsoort::ww
fewwaa,steaming,B2,ww,tarifit::cefr::B2 tarifit::woordsoort::ww
fezz,chew,B1,ww,tarifit::cefr::B1 tarifit::woordsoort::ww
feǧeq,split,B2,ww,tarifit::cefr::B2 tarifit::woordsoort::ww
ffaa,hide,B1,ww,tarifit::cefr::B1 tarifit::woordsoort::ww
ffaḏ,be thirsty,B1,ww,tarifit::cefr::B1 tarifit::woordsoort::ww
ffeɣ,"going out, going out",B1,ww,tarifit::cefr::B1 tarifit::woordsoort::ww
ffu-d,be morning,B2,ww,tarifit::cefr::B2 tarifit::woordsoort::ww
fhem,understand,B1,ww,tarifit::cefr::B1 tarifit::woordsoort::ww
ficṯa,Party,B2,ww,tarifit::cefr::B2 tarifit::woordsoort::ww
fiza,visa,B1,ww,tarifit::cefr::B1 tarifit::woordsoort::ww
fiřu,Wire,B1,ww,tarifit::cefr::B1 tarifit::woordsoort::ww
fiɣaa / ḇusekka / ṯařefsa,snake,B2,znw_v_ev,tarifit::cefr::B2 tarifit::woordsoort::znw_v_ev
fiṯu,the branch,B1,znw,tarifit::cefr::B1 tarifit::woordsoort::znw
fles,be useless,B1,ww,tarifit::cefr::B1 tarifit::woordsoort::ww
fluka / ayaṛṛabu,boat,B2,znw_m_ev,tarifit::cefr::B2 tarifit::woordsoort::znw_m_ev
fteř,couscous rolls,B1,ww,tarifit::cefr::B1 tarifit::woordsoort::ww
fuarma,shape,B2,ww,tarifit::cefr::B2 tarifit::woordsoort::ww
fumaḏa,the ointment,B2,znw,tarifit::cefr::B2 tarifit::woordsoort::znw
funara,Headscarf,B2,ww,tarifit::cefr::B2 tarifit::woordsoort::ww
fus,hand,B1,ww,tarifit::cefr::B1 tarifit::woordsoort::ww
fuřcita,fork,B2,ww,tarifit::cefr::B2 tarifit::woordsoort::ww
fuḏ,knee,B1,ww,tarifit::cefr::B1 tarifit::woordsoort::ww
fuṛṣa,"Opportunity, opportunity, opportunity",B2,ww,tarifit::cefr::B2 tarifit::woordsoort::ww
fři / qess,cutting,B1,ww,tarifit::cefr::B1 tarifit::woordsoort::ww
fřina,brakes,B2,ww,tarifit::cefr::B2 tarifit::woordsoort::ww
fḏaṛ,Have breakfast,B1,ww,tarifit::cefr::B1 tarifit::woordsoort::ww
fḏeř,be better,B1,ww,tarifit::cefr::B1 tarifit::woordsoort::ww
fḏeḥ,to conduct,B1,ww,tarifit::cefr::B1 tarifit::woordsoort::ww
fḏeḥ / ɛum,to swim,B1,ww,tarifit::cefr::B1 tarifit::woordsoort::ww
fḥeř,have sex,B1,ww,tarifit::cefr::B1 tarifit::woordsoort::ww
fṛan,so-and-so (M),B1,ww,tarifit::cefr::B1 tarifit::woordsoort::ww
fṛinu,breakage,B2,ww,tarifit::cefr::B2 tarifit::woordsoort::ww
gaanez,to boast,B2,ww,tarifit::cefr::B2 tarifit::woordsoort::ww
garra,War,B2,ww,tarifit::cefr::B2 tarifit::woordsoort::ww
garru,the cigarette,B2,znw,tarifit::cefr::B2 tarifit::woordsoort::znw
Genoeg ergens van,Mewjud,C2,ww,tarifit::cefr::C2 tarifit::woordsoort::ww
gg,"do, make, resemble",B1,ww,tarifit::cefr::B1 tarifit::woordsoort::ww
gg array,obey,C1,ww,tarifit::cefr::C1 tarifit::woordsoort::ww
gg arriḥṯ,stink,C1,ww,tarifit::cefr::C1 tarifit::woordsoort::ww
gg imi ḏi,accuse,C1,ww,tarifit::cefr::C1 tarifit::woordsoort::ww
gg řqařeḇ,forging,C1,ww,tarifit::cefr::C1 tarifit::woordsoort::ww
ggenfa,"heal, get better",C2,ww,tarifit::cefr::C2 tarifit::woordsoort::ww
ggw,baking,B1,ww,tarifit::cefr::B1 tarifit::woordsoort::ww
ggw,knead,B1,ww,tarifit::cefr::B1 tarifit::woordsoort::ww
ggw jenna,upwards,C1,ww,tarifit::cefr::C1 tarifit::woordsoort::ww
ggwej,far,B2,ww,tarifit::cefr::B2 tarifit::woordsoort::ww
ggweḏ,Afraid (ww),B2,ww,tarifit::cefr::B2 tarifit::woordsoort::ww
ggʷeḏ,"to fear, to be afraid",B2,ww,tarifit::cefr::B2 tarifit::woordsoort::ww
gḏaa,thick,B1,ww,tarifit::cefr::B1 tarifit::woordsoort::ww
henǧa,"so that, in order to",B2,ww,tarifit::cefr::B2 tarifit::woordsoort::ww
hna,"be calm, be at peace",B1,ww,tarifit::cefr::B1 tarifit::woordsoort::ww
hudd,to threaten,B1,ww,tarifit::cefr::B1 tarifit::woordsoort::ww
Hulanḏa,The Netherlands,B2,ww,tarifit::cefr::B2 tarifit::woordsoort::ww
hwa,"to go down, to descend",B1,ww,tarifit::cefr::B1 tarifit::woordsoort::ww
hwen,comfortable,B1,ww,tarifit::cefr::B1 tarifit::woordsoort::ww
hweř,rough (behavior),B1,ww,tarifit::cefr::B1 tarifit::woordsoort::ww
hřec,sick,B1,ww,tarifit::cefr::B1 tarifit::woordsoort::ww
hḏa,"to guide (religious), to graze",B1,ww,tarifit::cefr::B1 tarifit::woordsoort::ww
i,relative-marker,A1,vz,tarifit::cefr::A1 tarifit::woordsoort::vz
i / ɣaa,On (To),A1,vz,tarifit::cefr::A1 tarifit::woordsoort::vz
iazza,the wasp,B2,znw_m_mv,tarifit::cefr::B2 tarifit::woordsoort::znw_m_mv
iaḏ,attract,B1,ww,tarifit::cefr::B1 tarifit::woordsoort::ww
iaḏen,wheat,B2,znw_m_mv,tarifit::cefr::B2 tarifit::woordsoort::znw_m_mv
ibedd,Upright,B2,znw_m_mv,tarifit::cefr::B2 tarifit::woordsoort::znw_m_mv
ibelas,Closed,B2,ww,tarifit::cefr::B2 tarifit::woordsoort::ww
icarri,Ram,B1,znw_m_mv,tarifit::cefr::B1 tarifit::woordsoort::znw_m_mv
icc,horn,B1,znw_m_mv,tarifit::cefr::B1 tarifit::woordsoort::znw_m_mv
iccaa,the fingernail,B2,znw_m_mv,tarifit::cefr::B2 tarifit::woordsoort::znw_m_mv
iccaṛ,Nail,B2,znw_m_mv,tarifit::cefr::B2 tarifit::woordsoort::znw_m_mv
icennaf,Roasted,B2,znw_m_mv,tarifit::cefr::B2 tarifit::woordsoort::znw_m_mv
iceṯṯar,Leave,B2,znw_m_mv,tarifit::cefr::B2 tarifit::woordsoort::znw_m_mv
icfaa,the turtle,B2,znw_m_mv,tarifit::cefr::B2 tarifit::woordsoort::znw_m_mv
icɛeḇ,the fox,B2,znw_m_mv,tarifit::cefr::B2 tarifit::woordsoort::znw_m_mv
ifadden,the thigh,B2,znw_m_mv,tarifit::cefr::B2 tarifit::woordsoort::znw_m_mv
ifassen,Hands,B2,ww,tarifit::cefr::B2 tarifit::woordsoort::ww
ifis,hyena,B1,znw_m_mv,tarifit::cefr::B1 tarifit::woordsoort::znw_m_mv
ifri,cave,B1,znw_m_mv,tarifit::cefr::B1 tarifit::woordsoort::znw_m_mv
ifsus,Light (weight),B2,znw_m_mv,tarifit::cefr::B2 tarifit::woordsoort::znw_m_mv
iggʷey,be far,B2,ww,tarifit::cefr::B2 tarifit::woordsoort::ww
ihseḏ,"Jealous, envy",B2,znw_m_mv,tarifit::cefr::B2 tarifit::woordsoort::znw_m_mv
ijjen,one,B2,znw_m_mv,tarifit::cefr::B2 tarifit::woordsoort::znw_m_mv
ikemmer / wje,finished,B1,znw_m_mv,tarifit::cefr::B1 tarifit::woordsoort::znw_m_mv
imendi,"barley, grain",C1,znw_m_mv,tarifit::cefr::C1 tarifit::woordsoort::znw_m_mv
imenɣi,Fight,B2,znw_m_mv,tarifit::cefr::B2 tarifit::woordsoort::znw_m_mv
imexṯan,the circumcision,B2,znw_m_mv,tarifit::cefr::B2 tarifit::woordsoort::znw_m_mv
imez,the thumb,B1,znw_m_mv,tarifit::cefr::B1 tarifit::woordsoort::znw_m_mv
imeǧařen,the testicles,C1,znw_m_mv,tarifit::cefr::C1 tarifit::woordsoort::znw_m_mv
imqeddef,the paddle,C1,znw_m_mv,tarifit::cefr::C1 tarifit::woordsoort::znw_m_mv
inaafeḏ,spleen,B2,znw_m_mv,tarifit::cefr::B2 tarifit::woordsoort::znw_m_mv
inaḏan,good deeds,B2,znw_m_mv,tarifit::cefr::B2 tarifit::woordsoort::znw_m_mv
infaa,the louse,B2,znw_m_mv,tarifit::cefr::B2 tarifit::woordsoort::znw_m_mv
ini,"Tell, say",A1,ww,tarifit::cefr::A1 tarifit::woordsoort::ww
insi,hedgehog,B1,znw_m_mv,tarifit::cefr::B1 tarifit::woordsoort::znw_m_mv
inu,from me,B2,vnw_bez,tarifit::cefr::B2 tarifit::woordsoort::vnw_bez
Iqda,It's over,B1,znw_m_mv,tarifit::cefr::B1 tarifit::woordsoort::znw_m_mv
iraa,to play,B1,ww,tarifit::cefr::B1 tarifit::woordsoort::ww
iri (n) umaayuř,the collar,C2,znw_m_mv,tarifit::cefr::C2 tarifit::woordsoort::znw_m_mv
isawen,Helpful,B2,znw_m_mv,tarifit::cefr::B2 tarifit::woordsoort::znw_m_mv
isem,"name, naming day",B1,znw_m_mv,tarifit::cefr::B1 tarifit::woordsoort::znw_m_mv
isiyni,the needle,B2,znw_m_mv,tarifit::cefr::B2 tarifit::woordsoort::znw_m_mv
isḏeḥḥac,Funny,C1,znw_m_mv,tarifit::cefr::C1 tarifit::woordsoort::znw_m_mv
itsegweḏ,Scary,C1,znw_m_mv,tarifit::cefr::C1 tarifit::woordsoort::znw_m_mv
iwa,"So, well! (exclamation)",B1,znw_m_mv,tarifit::cefr::B1 tarifit::woordsoort::znw_m_mv
iwettḏen,the nee,C1,znw_m_mv,tarifit::cefr::C1 tarifit::woordsoort::znw_m_mv
iweṯ unẓaṛ,Rain,C1,ww,tarifit::cefr::C1 tarifit::woordsoort::ww
iwzan,roughly milled wheat,B2,znw_m_mv,tarifit::cefr::B2 tarifit::woordsoort::znw_m_mv
iwḏan,people,B2,znw_m_mv,tarifit::cefr::B2 tarifit::woordsoort::ww
ixariqen,Lie,C1,ww,tarifit::cefr::C1 tarifit::woordsoort::ww
ixef,self (reflexive),B1,znw_m_mv,tarifit::cefr::B1 tarifit::woordsoort::znw_m_mv
ixḏaa,to elect,B2,ww,tarifit::cefr::B2 tarifit::woordsoort::ww
ixṣa / yaṛez,Broken,B1,znw_m_mv,tarifit::cefr::B1 tarifit::woordsoort::znw_m_mv
iyaaynen,double saddle bag,C1,znw_m_mv,tarifit::cefr::C1 tarifit::woordsoort::znw_m_mv
iyaǧen,the shoulder blade,B2,znw_m_mv,tarifit::cefr::B2 tarifit::woordsoort::znw_m_mv
iyyaa,field,B2,znw_m_mv,tarifit::cefr::B2 tarifit::woordsoort::znw_m_mv
izaggwen,the pubic hair,C1,znw_m_mv,tarifit::cefr::C1 tarifit::woordsoort::znw_m_mv
izi,fly,B1,znw_m_mv,tarifit::cefr::B1 tarifit::woordsoort::znw_m_mv
izmaa,the lamb,B2,znw_m_mv,tarifit::cefr::B2 tarifit::woordsoort::znw_m_mv
izzaa,"to go ahead, to lead",B2,znw_m_mv,tarifit::cefr::B2 tarifit::woordsoort::znw_m_mv
iřef,"the pig, wild boar",B1,znw_m_mv,tarifit::cefr::B1 tarifit::woordsoort::znw_m_mv
iřes,tongue,B1,znw_m_mv,tarifit::cefr::B1 tarifit::woordsoort::znw_m_mv
iri,"neck, to be",B1,znw_m_mv,tarifit::cefr::B1 tarifit::woordsoort::znw_m_mv
iǧi,the rope,B1,znw_m_mv,tarifit::cefr::B1 tarifit::woordsoort::znw_m_mv
iɣemzan,big teeth,B2,znw_m_mv,tarifit::cefr::B2 tarifit::woordsoort::znw_m_mv
iɣess,bone,B2,znw_m_mv,tarifit::cefr::B2 tarifit::woordsoort::znw_m_mv
iɣeyḏ,the kid,B2,znw_m_mv,tarifit::cefr::B2 tarifit::woordsoort::znw_m_mv
iɣza,river,B1,znw_m_mv,tarifit::cefr::B1 tarifit::woordsoort::znw_m_mv
iɣzaa,the river or stream,B2,znw_m_mv,tarifit::cefr::B2 tarifit::woordsoort::znw_m_mv
iɣřa,duration,B1,znw_m_mv,tarifit::cefr::B1 tarifit::woordsoort::znw_m_mv
iɣɣeḏ,Ash,B2,znw_m_mv,tarifit::cefr::B2 tarifit::woordsoort::znw_m_mv
iḇawn,bean,B2,znw_m_mv,tarifit::cefr::B2 tarifit::woordsoort::znw_m_mv
iḍes,sleep,B1,znw_m_mv,tarifit::cefr::B1 tarifit::woordsoort::znw_m_mv
iḏammen,blood,B2,znw_m_mv,tarifit::cefr::B2 tarifit::woordsoort::znw_m_mv
iḏennaḏ,yesterday,B2,ww,tarifit::cefr::B2 tarifit::woordsoort::ww
iḏewřan,the in-laws,B2,znw_m_mv,tarifit::cefr::B2 tarifit::woordsoort::znw_m_mv
iḏiyḏi,the mortar,B2,znw_m_mv,tarifit::cefr::B2 tarifit::woordsoort::znw_m_mv
iṛi,Existence (Having),B1,znw_m_mv,tarifit::cefr::B1 tarifit::woordsoort::znw_m_mv
iṯri,star,B1,znw_m_mv,tarifit::cefr::B1 tarifit::woordsoort::znw_m_mv
iṯwassen / meɛruf,known,B2,znw_m_mv,tarifit::cefr::B2 tarifit::woordsoort::znw_m_mv
jaaḥ,injure,B1,ww,tarifit::cefr::B1 tarifit::woordsoort::ww
jbeḏ,Pull,B1,ww,tarifit::cefr::B1 tarifit::woordsoort::ww
jeddi,Grandfather,B2,ww,tarifit::cefr::B2 tarifit::woordsoort::ww
jeyyef,to suffocate,B2,ww,tarifit::cefr::B2 tarifit::woordsoort::ww
jjaaf,big rock,B2,znw,tarifit::cefr::B2 tarifit::woordsoort::znw
jjařḏa,Garden,B2,ww,tarifit::cefr::B2 tarifit::woordsoort::ww
jjaǧ,to swear,B2,ww,tarifit::cefr::B2 tarifit::woordsoort::ww
jjdiḏ,new,B2,ww,tarifit::cefr::B2 tarifit::woordsoort::ww
jjeddi,"Grandpa, Grandfather",B2,ww,tarifit::cefr::B2 tarifit::woordsoort::ww
jjemɛa,Friday,B2,ww,tarifit::cefr::B2 tarifit::woordsoort::ww
jjenn,"spirit, ǧinn",B1,ww,tarifit::cefr::B1 tarifit::woordsoort::ww
jjnun,the anger,B2,znw,tarifit::cefr::B2 tarifit::woordsoort::znw
jjuanal,the newspaper,B2,znw,tarifit::cefr::B2 tarifit::woordsoort::znw
jjuf / ibbec,chest,B1,znw_m_mv,tarifit::cefr::B1 tarifit::woordsoort::znw_m_mv
jmeɛ,"to clean up, to collect",B1,ww,tarifit::cefr::B1 tarifit::woordsoort::ww
jmeḏ,freeze,B1,ww,tarifit::cefr::B1 tarifit::woordsoort::ww
juffiḏ,the buttocks,B2,znw,tarifit::cefr::B2 tarifit::woordsoort::znw
kacef,councils,B2,ww,tarifit::cefr::B2 tarifit::woordsoort::ww
kacita,(music) cassette,B2,ww,tarifit::cefr::B2 tarifit::woordsoort::ww
kalacnikuf,Kalashnikov,C1,ww,tarifit::cefr::C1 tarifit::woordsoort::ww
kamira,camera,B2,ww,tarifit::cefr::B2 tarifit::woordsoort::ww
kangaru,the kangaroo,B2,znw,tarifit::cefr::B2 tarifit::woordsoort::znw
karru,the cart or cart,B2,znw,tarifit::cefr::B2 tarifit::woordsoort::znw
kartpustal,the postcard,C1,znw,tarifit::cefr::C1 tarifit::woordsoort::znw
kasku,the helmet,B2,znw,tarifit::cefr::B2 tarifit::woordsoort::znw
kebb,to pour,B1,ww,tarifit::cefr::B1 tarifit::woordsoort::ww
kemmeř,kill,B2,ww,tarifit::cefr::B2 tarifit::woordsoort::ww
kenniw (m) / kennint (v),you,C1,ww,tarifit::cefr::C1 tarifit::woordsoort::ww
keyyef,smoking,B2,ww,tarifit::cefr::B2 tarifit::woordsoort::ww
Kicc,With you,B1,ww,tarifit::cefr::B1 tarifit::woordsoort::ww
kiḏi,With me,B1,ww,tarifit::cefr::B1 tarifit::woordsoort::ww
kk,"to last, to pass by",C2,ww,tarifit::cefr::C2 tarifit::woordsoort::ww
kkaa,to get up,C2,ww,tarifit::cefr::C2 tarifit::woordsoort::ww
kkes,to delete,B1,ww,tarifit::cefr::B1 tarifit::woordsoort::ww
kkʷua / sayeṛ,"insult, insult",B2,ww,tarifit::cefr::B2 tarifit::woordsoort::ww
kmeř,"whole, complete",B1,ww,tarifit::cefr::B1 tarifit::woordsoort::ww
kruci,the cross,B2,znw,tarifit::cefr::B2 tarifit::woordsoort::znw
kuffu,the foam,B2,znw,tarifit::cefr::B2 tarifit::woordsoort::znw
kuka,"Coca-Cola, soft drink",B1,ww,tarifit::cefr::B1 tarifit::woordsoort::ww
kukayin,cocaine,B2,ww,tarifit::cefr::B2 tarifit::woordsoort::ww
kuku,the coconut,B1,znw,tarifit::cefr::B1 tarifit::woordsoort::znw
kulur,the color,B2,znw,tarifit::cefr::B2 tarifit::woordsoort::znw
kuř,each,B1,ww,tarifit::cefr::B1 tarifit::woordsoort::ww
kuřci,Everything,B2,ww,tarifit::cefr::B2 tarifit::woordsoort::ww
kṯaa,more,B1,ww,tarifit::cefr::B1 tarifit::woordsoort::ww
l'islam,Islam,B2,ww,tarifit::cefr::B2 tarifit::woordsoort::ww
laksiḏa,Accident,B2,ww,tarifit::cefr::B2 tarifit::woordsoort::ww
lalla,wife of paternal uncle; title for lady,B2,ww,tarifit::cefr::B2 tarifit::woordsoort::ww
lambulans,Ambulance,C1,ww,tarifit::cefr::C1 tarifit::woordsoort::ww
landris,address,B2,ww,tarifit::cefr::B2 tarifit::woordsoort::ww
lanṯirneṯ,Internet,C1,ww,tarifit::cefr::C1 tarifit::woordsoort::ww
lasnam,Idol,B2,ww,tarifit::cefr::B2 tarifit::woordsoort::ww
laspirin,Aspirin,C1,ww,tarifit::cefr::C1 tarifit::woordsoort::ww
laḏab,politeness,B2,ww,tarifit::cefr::B2 tarifit::woordsoort::ww
lbaladiya,Local authority,C1,ww,tarifit::cefr::C1 tarifit::woordsoort::ww
lbaliza,Suitcase,B2,ww,tarifit::cefr::B2 tarifit::woordsoort::ww
lbanan,Banana,B2,ww,tarifit::cefr::B2 tarifit::woordsoort::ww
lbaṭima,Flat,B2,ww,tarifit::cefr::B2 tarifit::woordsoort::ww
lbuqaḏyu,Brooǧe,C1,ww,tarifit::cefr::C1 tarifit::woordsoort::ww
lcarṯe,Card,B2,ww,tarifit::cefr::B2 tarifit::woordsoort::ww
leccin,Orange,B2,ww,tarifit::cefr::B2 tarifit::woordsoort::ww
lfaqi,the priest,B2,znw_m_ev,tarifit::cefr::B2 tarifit::woordsoort::znw_m_ev
lfasaḏ,corruption,B2,ww,tarifit::cefr::B2 tarifit::woordsoort::ww
lfawaḥic,"fornication, adultery",C1,ww,tarifit::cefr::C1 tarifit::woordsoort::ww
lfikra,Idea,B2,ww,tarifit::cefr::B2 tarifit::woordsoort::ww
lfil,the elephant,B1,znw_m_ev,tarifit::cefr::B1 tarifit::woordsoort::znw_m_ev
lfiras,Pear,B2,ww,tarifit::cefr::B2 tarifit::woordsoort::ww
lfuyyaa,immoral acts,B2,ww,tarifit::cefr::B2 tarifit::woordsoort::ww
lfṛan,Brake,B2,ww,tarifit::cefr::B2 tarifit::woordsoort::ww
lgamba,Shrimp,B2,ww,tarifit::cefr::B2 tarifit::woordsoort::ww
lgaṛaj,Garage,B2,ww,tarifit::cefr::B2 tarifit::woordsoort::ww
limṯiḥan,Exam,C1,ww,tarifit::cefr::C1 tarifit::woordsoort::ww
lintixaḇ,the election,C1,znw_m_ev,tarifit::cefr::C1 tarifit::woordsoort::znw_m_ev
lisans,Petrol,B2,ww,tarifit::cefr::B2 tarifit::woordsoort::ww
lisṯiɛmaṛ,Usage,C1,ww,tarifit::cefr::C1 tarifit::woordsoort::ww
lixiya,Bleach,B2,ww,tarifit::cefr::B2 tarifit::woordsoort::ww
liṯru,Litre,B2,ww,tarifit::cefr::B2 tarifit::woordsoort::ww
ljanuḇ,the south,B2,znw_m_ev,tarifit::cefr::B2 tarifit::woordsoort::znw_m_ev
ljarima,crime,B2,znw_m_ev,tarifit::cefr::B2 tarifit::woordsoort::ww
jheḏ,"power, strength",B2,ww,tarifit::cefr::B2 tarifit::woordsoort::ww
ljihad,holy battle,B2,ww,tarifit::cefr::B2 tarifit::woordsoort::ww
lkanisa,church,B2,ww,tarifit::cefr::B2 tarifit::woordsoort::ww
lkitab,book,B2,ww,tarifit::cefr::B2 tarifit::woordsoort::ww
lkufr,Trunk,B2,ww,tarifit::cefr::B2 tarifit::woordsoort::ww
lla,no,A1,ww,tarifit::cefr::A1 tarifit::woordsoort::ww
llajua,brick (collective),B2,ww,tarifit::cefr::B2 tarifit::woordsoort::ww
llaḇaḇu,the countertop,B2,znw_m_ev,tarifit::cefr::B2 tarifit::woordsoort::znw_m_ev
llaḥa,Busy,B2,ww,tarifit::cefr::B2 tarifit::woordsoort::ww
llecccin,orange (coll.),C1,ww,tarifit::cefr::C1 tarifit::woordsoort::ww
llimun,Lemon,B2,ww,tarifit::cefr::B2 tarifit::woordsoort::ww
llisṯa,List,B2,ww,tarifit::cefr::B2 tarifit::woordsoort::ww
llumiya,the calendar,B2,znw_m_ev,tarifit::cefr::B2 tarifit::woordsoort::znw_m_ev
lmakla,food,B2,ww,tarifit::cefr::B2 tarifit::woordsoort::ww
lmakṯaba,Library,C1,ww,tarifit::cefr::C1 tarifit::woordsoort::ww
lmal / agṛa,possess,B1,znw_m_ev,tarifit::cefr::B1 tarifit::woordsoort::znw_m_ev
lmalik,king,B2,ww,tarifit::cefr::B2 tarifit::woordsoort::ww
lmasafa / lbuɛḏ,distance,B2,ww,tarifit::cefr::B2 tarifit::woordsoort::ww
lmecṛubaṯ,Soda,C1,ww,tarifit::cefr::C1 tarifit::woordsoort::ww
lmexzen,the government,B2,znw_m_ev,tarifit::cefr::B2 tarifit::woordsoort::znw_m_ev
lmuhanḏis,Engineer,C1,ww,tarifit::cefr::C1 tarifit::woordsoort::ww
lmuhimm,anyway,B2,ww,tarifit::cefr::B2 tarifit::woordsoort::ww
lmusawana,Staff,C1,ww,tarifit::cefr::C1 tarifit::woordsoort::ww
lmuwatin,the citizen,C1,znw_m_ev,tarifit::cefr::C1 tarifit::woordsoort::znw_m_ev
lmuɛellim,teacher,C1,ww,tarifit::cefr::C1 tarifit::woordsoort::ww
lmuḏir,Director,B2,ww,tarifit::cefr::B2 tarifit::woordsoort::ww
lmuṭuṛ,Moped,B2,ww,tarifit::cefr::B2 tarifit::woordsoort::ww
lpitrul,the petroleum,B2,znw_m_ev,tarifit::cefr::B2 tarifit::woordsoort::znw_m_ev
lqissa / ṯḥaǧiṯ,story,B2,ww,tarifit::cefr::B2 tarifit::woordsoort::ww
luɣa / awař,Language,B1,znw_m_ev,tarifit::cefr::B1 tarifit::woordsoort::znw_m_ev
lwaliḏin,parents,C1,ww,tarifit::cefr::C1 tarifit::woordsoort::ww
lwasṯ,Center,B2,ww,tarifit::cefr::B2 tarifit::woordsoort::ww
lwelda,uterus,B2,ww,tarifit::cefr::B2 tarifit::woordsoort::ww
lweḥc,Lack,B2,ww,tarifit::cefr::B2 tarifit::woordsoort::ww
lxatař,Danger,B2,ww,tarifit::cefr::B2 tarifit::woordsoort::ww
lxutḇa,the speech,B2,znw_m_ev,tarifit::cefr::B2 tarifit::woordsoort::znw_m_ev
lyamiɛa,university,B2,ww,tarifit::cefr::B2 tarifit::woordsoort::ww
lyaw,Climate,B1,ww,tarifit::cefr::B1 tarifit::woordsoort::ww
lɛalama,the omen,B2,znw_m_ev,tarifit::cefr::B2 tarifit::woordsoort::znw_m_ev
lɛaza,Condolences,B2,ww,tarifit::cefr::B2 tarifit::woordsoort::ww
lɛaḏa,the habit,B2,znw_m_ev,tarifit::cefr::B2 tarifit::woordsoort::znw_m_ev
lɛiqaḇ,the punishment,B2,znw_m_ev,tarifit::cefr::B2 tarifit::woordsoort::znw_m_ev
lɛud,lute,B1,ww,tarifit::cefr::B1 tarifit::woordsoort::ww
lɛutla / fakans,Holiday,B2,ww,tarifit::cefr::B2 tarifit::woordsoort::ww
lɛɛziz,beloved,B2,ww,tarifit::cefr::B2 tarifit::woordsoort::ww
lḇala,shovel,B2,ww,tarifit::cefr::B2 tarifit::woordsoort::ww
lḥadiṯ,Prophetic Tradition (Hadith),B2,ww,tarifit::cefr::B2 tarifit::woordsoort::ww
lḥayawan,Animal,C1,ww,tarifit::cefr::C1 tarifit::woordsoort::ww
lḥayawan n ṯaḏḏarṯ,Pet,C2,ww,tarifit::cefr::C2 tarifit::woordsoort::ww
lḥikma,wisdom,B2,ww,tarifit::cefr::B2 tarifit::woordsoort::ww
lḥubb,love,B2,ww,tarifit::cefr::B2 tarifit::woordsoort::ww
ma,"question particle (yes, no)",A2,vraagw,tarifit::cefr::A2 tarifit::woordsoort::vraagw
maamita,metal pan,B2,ww,tarifit::cefr::B2 tarifit::woordsoort::ww
maatayen,twice,C1,ww,tarifit::cefr::C1 tarifit::woordsoort::ww
maaṯayen,twice,C1,ww,tarifit::cefr::C1 tarifit::woordsoort::ww
mabruk,Congratulations,B2,ww,tarifit::cefr::B2 tarifit::woordsoort::ww
macca,the meal,B2,znw,tarifit::cefr::B2 tarifit::woordsoort::znw
macca / walakin,but,C1,ww,tarifit::cefr::C1 tarifit::woordsoort::ww
macina,Machine,B2,ww,tarifit::cefr::B2 tarifit::woordsoort::ww
macina,Train,B2,ww,tarifit::cefr::B2 tarifit::woordsoort::ww
makiyaj,Makeup,B2,ww,tarifit::cefr::B2 tarifit::woordsoort::ww
malṭa,Blanket,B2,ww,tarifit::cefr::B2 tarifit::woordsoort::ww
mamec,How,B2,ww,tarifit::cefr::B2 tarifit::woordsoort::ww
mami,"while, favorite",B1,vraagw,tarifit::cefr::B1 tarifit::woordsoort::vraagw
man,which,B1,ww,tarifit::cefr::B1 tarifit::woordsoort::ww
mandařina,Mandarine,C1,ww,tarifit::cefr::C1 tarifit::woordsoort::ww
mani,where,B2,vraagw,tarifit::cefr::B2 tarifit::woordsoort::vraagw
mani mma,Everywhere,C1,ww,tarifit::cefr::C1 tarifit::woordsoort::ww
mani nneɣniṯ,Somewhere,C2,ww,tarifit::cefr::C2 tarifit::woordsoort::ww
manis,where from,B2,vraagw,tarifit::cefr::B2 tarifit::woordsoort::vraagw
marra,Everyone,B2,ww,tarifit::cefr::B2 tarifit::woordsoort::ww
marḥba,welcome,B2,ww,tarifit::cefr::B2 tarifit::woordsoort::ww
matrikula,the license plate,C1,znw,tarifit::cefr::C1 tarifit::woordsoort::znw
mayemmi,why,B2,vraagw,tarifit::cefr::B2 tarifit::woordsoort::vraagw
maziɣ,Berber (M),B2,ww,tarifit::cefr::B2 tarifit::woordsoort::ww
mařa,as,C1,ww,tarifit::cefr::C1 tarifit::woordsoort::ww
maḥta n ṭṭiyara,Airport,C2,ww,tarifit::cefr::C2 tarifit::woordsoort::ww
maṯalan,For example,B2,ww,tarifit::cefr::B2 tarifit::woordsoort::ww
maṯrikula,License plate,C1,ww,tarifit::cefr::C1 tarifit::woordsoort::ww
mbra,Except,B1,ww,tarifit::cefr::B1 tarifit::woordsoort::ww
mbɛeḏ,"later, afterwards",B2,ww,tarifit::cefr::B2 tarifit::woordsoort::ww
mceḏ,combs,B1,ww,tarifit::cefr::B1 tarifit::woordsoort::ww
mecruḇat,the drink,C1,znw,tarifit::cefr::C1 tarifit::woordsoort::znw
mecḥař,how many,B2,vraagw,tarifit::cefr::B2 tarifit::woordsoort::vraagw
mekaniko,Mechanic,C1,ww,tarifit::cefr::C1 tarifit::woordsoort::ww
meskin,poor wretch (pity),B2,ww,tarifit::cefr::B2 tarifit::woordsoort::ww
meřmi,when,B2,ww,tarifit::cefr::B2 tarifit::woordsoort::ww
meɛɛec / dɛa,"beg, curse",B1,ww,tarifit::cefr::B1 tarifit::woordsoort::ww
mikaniku,car mechanic,C1,ww,tarifit::cefr::C1 tarifit::woordsoort::ww
milyun,million,B2,ww,tarifit::cefr::B2 tarifit::woordsoort::ww
Minzi,"Because, since, therefore, due to",B2,ww,tarifit::cefr::B2 tarifit::woordsoort::ww
miriw,wide,B2,ww,tarifit::cefr::B2 tarifit::woordsoort::ww
missa / ṭabṛa,table,C2,ww,tarifit::cefr::C2 tarifit::woordsoort::ww
miṯayen,two hundred,C1,ww,tarifit::cefr::C1 tarifit::woordsoort::ww
miziḏ,sweet,B2,ww,tarifit::cefr::B2 tarifit::woordsoort::ww
mjaa,mow,B1,ww,tarifit::cefr::B1 tarifit::woordsoort::ww
mliḥ,"Fine, good, going well",A2,voegw,tarifit::cefr::A2 tarifit::woordsoort::voegw
mmaani,be added,C2,ww,tarifit::cefr::C2 tarifit::woordsoort::ww
mmenz,be sold,B2,ww,tarifit::cefr::B2 tarifit::woordsoort::ww
mmenḍaa,to be thrown away,B2,ww,tarifit::cefr::B2 tarifit::woordsoort::ww
mmeṯ,to die,B1,ww,tarifit::cefr::B1 tarifit::woordsoort::ww
mmi,the son,A1,znw,tarifit::cefr::A1 tarifit::woordsoort::znw
mmneɣ,to fight,B2,ww,tarifit::cefr::B2 tarifit::woordsoort::ww
mmuaḏ,crawl,B2,ww,tarifit::cefr::B2 tarifit::woordsoort::ww
mmuḏ,"the braid, to weave or to braid",B1,znw,tarifit::cefr::B1 tarifit::woordsoort::znw
mneɛ,"forbid, detain",B1,ww,tarifit::cefr::B1 tarifit::woordsoort::ww
msaa,to happen,B1,ww,tarifit::cefr::B1 tarifit::woordsoort::ww
mseneḏ,lean against each other,B2,ww,tarifit::cefr::B2 tarifit::woordsoort::ww
mseřqa,meet,B2,ww,tarifit::cefr::B2 tarifit::woordsoort::ww
mseḥ / Sfaḍ,"Wipe, wipe",B1,ww,tarifit::cefr::B1 tarifit::woordsoort::ww
mucc,cat,B1,ww,tarifit::cefr::B1 tarifit::woordsoort::ww
muckil,Problem,B2,ww,tarifit::cefr::B2 tarifit::woordsoort::ww
muhimm,Important,B2,ww,tarifit::cefr::B2 tarifit::woordsoort::ww
muka,owl,B1,ww,tarifit::cefr::B1 tarifit::woordsoort::ww
mun,accompany,B1,ww,tarifit::cefr::B1 tarifit::woordsoort::ww
museyyala,cassette player,C1,ww,tarifit::cefr::C1 tarifit::woordsoort::ww
mutua,the engine,B2,znw,tarifit::cefr::B2 tarifit::woordsoort::znw
muzaa,lock of hair,B2,ww,tarifit::cefr::B2 tarifit::woordsoort::ww
muziqa,music,B2,ww,tarifit::cefr::B2 tarifit::woordsoort::ww
muřay,groom,B2,ww,tarifit::cefr::B2 tarifit::woordsoort::ww
muřebbeɛ,the square,C1,znw,tarifit::cefr::C1 tarifit::woordsoort::znw
muḇila,the motorcycle,B2,znw,tarifit::cefr::B2 tarifit::woordsoort::znw
muḥaṛ,Impossible,B2,ww,tarifit::cefr::B2 tarifit::woordsoort::ww
mxeyyaa,the best,B2,znw,tarifit::cefr::B2 tarifit::woordsoort::znw
mya,one hundred,B2,ww,tarifit::cefr::B2 tarifit::woordsoort::ww
myaa,"harvest, mow",B1,ww,tarifit::cefr::B1 tarifit::woordsoort::ww
mřaɣa,calling each other,C2,ww,tarifit::cefr::C2 tarifit::woordsoort::ww
mřaḏas,approaching each other,B2,ww,tarifit::cefr::B2 tarifit::woordsoort::ww
mřec,to marry,B1,ww,tarifit::cefr::B1 tarifit::woordsoort::ww
mřewṯa,hitting each other,B2,ww,tarifit::cefr::B2 tarifit::woordsoort::ww
Mřič,Melilla,B1,ww,tarifit::cefr::B1 tarifit::woordsoort::ww
mɛacaṯ,Company,B2,ww,tarifit::cefr::B2 tarifit::woordsoort::ww
mɣaa / ɣmi,To grow,B1,ww,tarifit::cefr::B1 tarifit::woordsoort::ww
mẓaa,see each other,B1,ww,tarifit::cefr::B1 tarifit::woordsoort::ww
n,of (possession),B1,vz,tarifit::cefr::B1 tarifit::woordsoort::vz
ndeh / gewweḏ,to lead,B1,ww,tarifit::cefr::B1 tarifit::woordsoort::ww
ndem,be sorry,B1,ww,tarifit::cefr::B1 tarifit::woordsoort::ww
ndeř,buried,B1,ww,tarifit::cefr::B1 tarifit::woordsoort::ww
ndi,catch in a trap,B1,znw,tarifit::cefr::B1 tarifit::woordsoort::znw
ndu,jump,B1,ww,tarifit::cefr::B1 tarifit::woordsoort::ww
necc,I,A1,ww,tarifit::cefr::A1 tarifit::woordsoort::ww
neccin,we,A1,vnw_pers,tarifit::cefr::A1 tarifit::woordsoort::vnw_pers
Neffeḍ,"Dust, shake out",B2,ww,tarifit::cefr::B2 tarifit::woordsoort::ww
neffeḥ,sniff,B2,ww,tarifit::cefr::B2 tarifit::woordsoort::ww
nehřa,no need,B2,ww,tarifit::cefr::B2 tarifit::woordsoort::ww
netta,he,A1,vnw_pers,tarifit::cefr::A1 tarifit::woordsoort::vnw_pers
nettaṯ,"they, she",A1,vnw_pers,tarifit::cefr::A1 tarifit::woordsoort::vnw_pers
neɣ,kill,B1,ww,tarifit::cefr::B1 tarifit::woordsoort::ww
nhaa,day,B1,ww,tarifit::cefr::B1 tarifit::woordsoort::ww
niaz,the heel,B1,znw,tarifit::cefr::B1 tarifit::woordsoort::znw
nican,"right, correct, straight, straight ahead",B2,ww,tarifit::cefr::B2 tarifit::woordsoort::ww
niccan,"Honest, Precise, Straightforward",B2,ww,tarifit::cefr::B2 tarifit::woordsoort::ww
niɣ,or,C1,ww,tarifit::cefr::C1 tarifit::woordsoort::ww
njaa,scrape,B1,ww,tarifit::cefr::B1 tarifit::woordsoort::ww
nkaa,to deny,B1,ww,tarifit::cefr::B1 tarifit::woordsoort::ww
nnamus,the mosquito,B2,znw,tarifit::cefr::B2 tarifit::woordsoort::znw
Nnaḍuṛ,Nador,B2,ww,tarifit::cefr::B2 tarifit::woordsoort::ww
nndfa,to yawn,B2,ww,tarifit::cefr::B2 tarifit::woordsoort::ww
nnec / nnem,Your,B2,vnw_bez,tarifit::cefr::B2 tarifit::woordsoort::vnw_bez
nnewwac,"plant, flower (collective)",B2,ww,tarifit::cefr::B2 tarifit::woordsoort::ww
nneɣneɣ,stutter,B2,ww,tarifit::cefr::B2 tarifit::woordsoort::ww
nneɣni,other,C1,ww,tarifit::cefr::C1 tarifit::woordsoort::ww
nneḍfes,be folded,B2,ww,tarifit::cefr::B2 tarifit::woordsoort::ww
nnhara,Today,B2,ww,tarifit::cefr::B2 tarifit::woordsoort::ww
nni,which (post-nominal deictic),B2,ww,tarifit::cefr::B2 tarifit::woordsoort::ww
nniṭ,just that (emphasis),B1,ww,tarifit::cefr::B1 tarifit::woordsoort::ww
nnmeř / ṯikeḏfet,ant,B2,znw_v_mv,tarifit::cefr::B2 tarifit::woordsoort::znw_v_mv
nnuaẓem,be opened,B2,ww,tarifit::cefr::B2 tarifit::woordsoort::ww
nnum,Get used to it,B1,ww,tarifit::cefr::B1 tarifit::woordsoort::ww
nnumru,the number,B2,znw,tarifit::cefr::B2 tarifit::woordsoort::znw
nnumṛu,Digit (number),B2,ww,tarifit::cefr::B2 tarifit::woordsoort::ww
nnuqaaṯ,the silver,B2,znw,tarifit::cefr::B2 tarifit::woordsoort::znw
nnwaḏaa,Glasses,B2,ww,tarifit::cefr::B2 tarifit::woordsoort::ww
nnḏa,the dew,B1,znw,tarifit::cefr::B1 tarifit::woordsoort::znw
nnḥas,the copper,B2,znw,tarifit::cefr::B2 tarifit::woordsoort::znw
Nunya,Nunja (fairy tale character),B2,ww,tarifit::cefr::B2 tarifit::woordsoort::ww
nyeḏ,pulverize,B1,ww,tarifit::cefr::B1 tarifit::woordsoort::ww
nɛem,to give in,B1,ww,tarifit::cefr::B1 tarifit::woordsoort::ww
nɛeř,curse,B1,ww,tarifit::cefr::B1 tarifit::woordsoort::ww
nḍar,to throw,B1,ww,tarifit::cefr::B1 tarifit::woordsoort::ww
nḍeq,"explain, begin to speak",B1,ww,tarifit::cefr::B1 tarifit::woordsoort::ww
nḏeh,To ride,B1,ww,tarifit::cefr::B1 tarifit::woordsoort::ww
parki / plaṣṣa,Square,B2,ww,tarifit::cefr::B2 tarifit::woordsoort::ww
pasaporṯe,passport,C1,ww,tarifit::cefr::C1 tarifit::woordsoort::ww
payas,Mattress,B2,ww,tarifit::cefr::B2 tarifit::woordsoort::ww
paṛka,Parking,B2,ww,tarifit::cefr::B2 tarifit::woordsoort::ww
paṭrun,"boss, manager",B2,ww,tarifit::cefr::B2 tarifit::woordsoort::ww
pepino,Cucumber,B2,ww,tarifit::cefr::B2 tarifit::woordsoort::ww
pijama,Pajamas,B2,ww,tarifit::cefr::B2 tarifit::woordsoort::ww
pilun,the fishing line,B2,znw,tarifit::cefr::B2 tarifit::woordsoort::znw
pintaa,to paint,B2,ww,tarifit::cefr::B2 tarifit::woordsoort::ww
pintura,paint,B2,ww,tarifit::cefr::B2 tarifit::woordsoort::ww
pirikula / lfilem,film,B2,ww,tarifit::cefr::B2 tarifit::woordsoort::ww
piřmi,Driver's license,B2,ww,tarifit::cefr::B2 tarifit::woordsoort::ww
plafon,Ceiling,B2,ww,tarifit::cefr::B2 tarifit::woordsoort::ww
plastik,the plastic,B2,znw,tarifit::cefr::B2 tarifit::woordsoort::znw
puerṯo / řmuyyi,harbour,B2,ww,tarifit::cefr::B2 tarifit::woordsoort::ww
pulisiya,Police,C1,ww,tarifit::cefr::C1 tarifit::woordsoort::ww
puřki / minzi / laxataa,because,C1,ww,tarifit::cefr::C1 tarifit::woordsoort::ww
qa,current relevance particle,B1,ww,tarifit::cefr::B1 tarifit::woordsoort::ww
qaddef,rowing,B2,ww,tarifit::cefr::B2 tarifit::woordsoort::ww
qama,bed,C1,ww,tarifit::cefr::C1 tarifit::woordsoort::ww
qandaw,the latch,B2,znw,tarifit::cefr::B2 tarifit::woordsoort::znw
qarrem,limp,B2,ww,tarifit::cefr::B2 tarifit::woordsoort::ww
qawieṯ,Peanut,B2,ww,tarifit::cefr::B2 tarifit::woordsoort::ww
qaɛ,"Absolutely, totally, completely",C1,ww,tarifit::cefr::C1 tarifit::woordsoort::ww
qaṛṛeb,"to approach, to come closer",B2,ww,tarifit::cefr::B2 tarifit::woordsoort::ww
qbeř,accept,C1,vz,tarifit::cefr::C1 tarifit::woordsoort::vz
qbeṛ,Received,B1,ww,tarifit::cefr::B1 tarifit::woordsoort::ww
qeccaa,peel,B2,ww,tarifit::cefr::B2 tarifit::woordsoort::ww
qedda,such an amount,B2,ww,tarifit::cefr::B2 tarifit::woordsoort::ww
qeddes,holy,B2,ww,tarifit::cefr::B2 tarifit::woordsoort::ww
qedjeq,rush,B2,ww,tarifit::cefr::B2 tarifit::woordsoort::ww
qejḍeḥ,limping,B2,ww,tarifit::cefr::B2 tarifit::woordsoort::ww
qer,Fewer,B1,ww,tarifit::cefr::B1 tarifit::woordsoort::ww
qqes,cut down,B1,ww,tarifit::cefr::B1 tarifit::woordsoort::ww
qqim,"to stay, to sit",A2,ww,tarifit::cefr::A2 tarifit::woordsoort::ww
qubbu,"robe, ǧellaba",B2,ww,tarifit::cefr::B2 tarifit::woordsoort::ww
qundɛa,Spider,B2,ww,tarifit::cefr::B2 tarifit::woordsoort::ww
qučiya,the razor blade,B2,znw,tarifit::cefr::B2 tarifit::woordsoort::znw
qřa,frying in oil,B1,ww,tarifit::cefr::B1 tarifit::woordsoort::ww
qḇeř (i),before (in time),C1,ww,tarifit::cefr::C1 tarifit::woordsoort::ww
qḍa,"to be finished (to eat), to become thin",B1,ww,tarifit::cefr::B1 tarifit::woordsoort::ww
Qḍew,Break off (thread),B1,ww,tarifit::cefr::B1 tarifit::woordsoort::ww
qḏes,To cut,B1,ww,tarifit::cefr::B1 tarifit::woordsoort::ww
qḏeɛ,"pointed, sharp",B1,ww,tarifit::cefr::B1 tarifit::woordsoort::ww
qṛeb/nneḍ,turn,C2,ww,tarifit::cefr::C2 tarifit::woordsoort::ww
ra... ra,neither... nor,C1,ww,tarifit::cefr::C1 tarifit::woordsoort::ww
raja,to wait,B1,ww,tarifit::cefr::B1 tarifit::woordsoort::ww
rebreq,Lightning,B2,ww,tarifit::cefr::B2 tarifit::woordsoort::ww
remraḥ / ame,salt,B2,znw_m_ev,tarifit::cefr::B2 tarifit::woordsoort::znw_m_ev
rented/uřa,also,B2,ww,tarifit::cefr::B2 tarifit::woordsoort::ww
rexras / swa,"Costs, income",B1,ww,tarifit::cefr::B1 tarifit::woordsoort::ww
rizirvi,To book,B2,ww,tarifit::cefr::B2 tarifit::woordsoort::ww
rkabus,Pistol,B2,ww,tarifit::cefr::B2 tarifit::woordsoort::ww
rqaḏ,the monkey,B1,znw,tarifit::cefr::B1 tarifit::woordsoort::znw
ru,to cry,A1,ww,tarifit::cefr::A1 tarifit::woordsoort::ww
rucc,splashing,B1,ww,tarifit::cefr::B1 tarifit::woordsoort::ww
ruḥ,to go,B1,ww,tarifit::cefr::B1 tarifit::woordsoort::ww
rḥarara,extreme heat,C1,znw,tarifit::cefr::C1 tarifit::woordsoort::znw
s ṯnayn,Both,B2,ww,tarifit::cefr::B2 tarifit::woordsoort::ww
safeṛ,To travel,B2,ww,tarifit::cefr::B2 tarifit::woordsoort::ww
saqer,Recognize,B2,ww,tarifit::cefr::B2 tarifit::woordsoort::ww
sarreḥ,stretch,B2,ww,tarifit::cefr::B2 tarifit::woordsoort::ww
sarrḇa,to rescue,B2,ww,tarifit::cefr::B2 tarifit::woordsoort::ww
sawem,trade or exchange,B2,ww,tarifit::cefr::B2 tarifit::woordsoort::ww
saṛs,Lay,B1,ww,tarifit::cefr::B1 tarifit::woordsoort::ww
Sbeyyen,Demonstrate,B2,ww,tarifit::cefr::B2 tarifit::woordsoort::ww
scaa,drunk,B1,ww,tarifit::cefr::B1 tarifit::woordsoort::ww
sebɛeṭac,seventeen,C1,ww,tarifit::cefr::C1 tarifit::woordsoort::ww
sebɛin,seventy,B2,ww,tarifit::cefr::B2 tarifit::woordsoort::ww
sedjem,Greet,B2,ww,tarifit::cefr::B2 tarifit::woordsoort::ww
seffaa,flutes,B2,ww,tarifit::cefr::B2 tarifit::woordsoort::ww
sejjel,to withdraw,B2,ww,tarifit::cefr::B2 tarifit::woordsoort::ww
seksu,Couscous,C2,ww,tarifit::cefr::C2 tarifit::woordsoort::ww
sellem,allow,B2,ww,tarifit::cefr::B2 tarifit::woordsoort::ww
semma,to call,B2,ww,tarifit::cefr::B2 tarifit::woordsoort::ww
sennej,Above,B2,ww,tarifit::cefr::B2 tarifit::woordsoort::ww
senneɛ,to form,B2,ww,tarifit::cefr::B2 tarifit::woordsoort::ww
setta,six,A1,telw,tarifit::cefr::A1 tarifit::woordsoort::telw
settin,sixty,B2,ww,tarifit::cefr::B2 tarifit::woordsoort::ww
sewyeḏ,Prepare,B2,ww,tarifit::cefr::B2 tarifit::woordsoort::ww
seř,to belong,B1,ww,tarifit::cefr::B1 tarifit::woordsoort::ww
seɣ,Buy,B1,ww,tarifit::cefr::B1 tarifit::woordsoort::ww
seḇɛa,seven,B2,ww,tarifit::cefr::B2 tarifit::woordsoort::ww
seḥḥ,healthy,B1,ww,tarifit::cefr::B1 tarifit::woordsoort::ww
simana,Week,B2,ww,tarifit::cefr::B2 tarifit::woordsoort::ww
sinima,Cinema,B2,ww,tarifit::cefr::B2 tarifit::woordsoort::ww
sinta,tape,B2,ww,tarifit::cefr::B2 tarifit::woordsoort::ww
sirkulasyun,traffic,C2,ww,tarifit::cefr::C2 tarifit::woordsoort::ww
Siyaq,Cleaning,B2,ww,tarifit::cefr::B2 tarifit::woordsoort::ww
sizeɣ,Dry,B2,ww,tarifit::cefr::B2 tarifit::woordsoort::ww
siɣi,"continue, continue",B1,ww,tarifit::cefr::B1 tarifit::woordsoort::ww
siḏi,"the lord, master, majesty",B1,znw,tarifit::cefr::B1 tarifit::woordsoort::znw
smeḥ / ɛfu,Yield,B1,ww,tarifit::cefr::B1 tarifit::woordsoort::ww
smun,"to bring together, to collect",B1,ww,tarifit::cefr::B1 tarifit::woordsoort::ww
smutti,move,B2,ww,tarifit::cefr::B2 tarifit::woordsoort::ww
spitaa,hospital,B2,ww,tarifit::cefr::B2 tarifit::woordsoort::ww
sqaṛṛeb,"to approach, to move",B2,ww,tarifit::cefr::B2 tarifit::woordsoort::ww
sraqezzit,the cockroach,C1,znw,tarifit::cefr::C1 tarifit::woordsoort::znw
ssa,from here,B1,ww,tarifit::cefr::B1 tarifit::woordsoort::ww
ssaaf / nneɛnaɛ,Coin (money),B2,ww,tarifit::cefr::B2 tarifit::woordsoort::ww
ssaas,"put down, put down",B2,ww,tarifit::cefr::B2 tarifit::woordsoort::ww
ssaaweṯ,threshing,B2,ww,tarifit::cefr::B2 tarifit::woordsoort::ww
ssalam,"Hello, peace",B2,znw,tarifit::cefr::B2 tarifit::woordsoort::znw
ssaḇun,Soap,B2,ww,tarifit::cefr::B2 tarifit::woordsoort::ww
sscen / sseḏḥaa,"show, show",B2,ww,tarifit::cefr::B2 tarifit::woordsoort::ww
ssecc,"to feed, to give food",C2,ww,tarifit::cefr::C2 tarifit::woordsoort::ww
ssefhem,"explain, make you understand",B2,ww,tarifit::cefr::B2 tarifit::woordsoort::ww
ssefsi,"melting, unfolding",B2,ww,tarifit::cefr::B2 tarifit::woordsoort::ww
ssefṯ,Saturday,B2,ww,tarifit::cefr::B2 tarifit::woordsoort::ww
ssehma,to heat up,B2,ww,tarifit::cefr::B2 tarifit::woordsoort::ww
ssehnunneḍ,to wrap,C1,ww,tarifit::cefr::C1 tarifit::woordsoort::ww
ssejjaaṯ,tree (collective),C1,ww,tarifit::cefr::C1 tarifit::woordsoort::ww
ssekk,to steer,B2,ww,tarifit::cefr::B2 tarifit::woordsoort::ww
ssekkaa,"to wake up, to make stand up",B2,ww,tarifit::cefr::B2 tarifit::woordsoort::ww
ssekwila / madrase,school,B2,ww,tarifit::cefr::B2 tarifit::woordsoort::ww
ssemm,Poison,B2,ww,tarifit::cefr::B2 tarifit::woordsoort::ww
ssemneɣ,make fight,C2,ww,tarifit::cefr::C2 tarifit::woordsoort::ww
ssen,to know,B1,ww,tarifit::cefr::B1 tarifit::woordsoort::ww
ssenjem,to prevent,B2,ww,tarifit::cefr::B2 tarifit::woordsoort::ww
ssens,let someone stay overnight,B2,ww,tarifit::cefr::B2 tarifit::woordsoort::ww
ssensřeṯ / tisersetc,"chain, the spine",C1,znw,tarifit::cefr::C1 tarifit::woordsoort::ww
ssenta,"start, start",B2,ww,tarifit::cefr::B2 tarifit::woordsoort::ww
sseqnunni,roll,C1,ww,tarifit::cefr::C1 tarifit::woordsoort::ww
sseqsa,to ask,B2,ww,tarifit::cefr::B2 tarifit::woordsoort::ww
ssewyeḏ,to prepare,B2,ww,tarifit::cefr::B2 tarifit::woordsoort::ww
ssexsi,"extinguish, extinguish, turn off",B2,ww,tarifit::cefr::B2 tarifit::woordsoort::ww
ssexṣaa,spoil,B2,ww,tarifit::cefr::B2 tarifit::woordsoort::ww
sseŋw / ṯaaṯaa,to cook,B2,ww,tarifit::cefr::B2 tarifit::woordsoort::ww
sseǧum,ladder,B2,ww,tarifit::cefr::B2 tarifit::woordsoort::ww
sseɛḏ,happiness,B2,ww,tarifit::cefr::B2 tarifit::woordsoort::ww
sseɣmi,renovate,B2,ww,tarifit::cefr::B2 tarifit::woordsoort::ww
sseɣři,swallow,B2,ww,tarifit::cefr::B2 tarifit::woordsoort::ww
sseḇsi,the pipe,B2,znw,tarifit::cefr::B2 tarifit::woordsoort::znw
sseḏha,ashamed,B2,ww,tarifit::cefr::B2 tarifit::woordsoort::ww
sseḥḥ,truth,B2,ww,tarifit::cefr::B2 tarifit::woordsoort::ww
ssfaaɣ / aḏaṛ,bend,B1,ww,tarifit::cefr::B1 tarifit::woordsoort::ww
ssiaḏ / sird,"to wash, to dress someone",B2,ww,tarifit::cefr::B2 tarifit::woordsoort::ww
ssibba / sabab,Rode,B2,ww,tarifit::cefr::B2 tarifit::woordsoort::ww
ssidef,"to let in, to bring in",C2,ww,tarifit::cefr::C2 tarifit::woordsoort::ww
ssiheř,make you tired,C2,ww,tarifit::cefr::C2 tarifit::woordsoort::ww
ssiweř,"talk, speak",B2,ww,tarifit::cefr::B2 tarifit::woordsoort::ww
ssiweḏ,"to bring something, to make something arrive",B2,ww,tarifit::cefr::B2 tarifit::woordsoort::ww
ssiyy,"peeking, watching",B2,ww,tarifit::cefr::B2 tarifit::woordsoort::ww
ssizzeř,make you run,C2,ww,tarifit::cefr::C2 tarifit::woordsoort::ww
ssiɣ / ceɛ,light,B1,ww,tarifit::cefr::B1 tarifit::woordsoort::ww
ssmun,to combine,B2,ww,tarifit::cefr::B2 tarifit::woordsoort::ww
ssnuffaa,hide,C1,ww,tarifit::cefr::C1 tarifit::woordsoort::ww
ssqaa,be quiet,B2,ww,tarifit::cefr::B2 tarifit::woordsoort::ww
ssqaqeb,To beat,B2,ww,tarifit::cefr::B2 tarifit::woordsoort::ww
ssru,make you cry,B1,ww,tarifit::cefr::B1 tarifit::woordsoort::ww
ssu,spread out,B1,ww,tarifit::cefr::B1 tarifit::woordsoort::ww
ssuq,market,C2,ww,tarifit::cefr::C2 tarifit::woordsoort::ww
ssusef,spit,B2,ww,tarifit::cefr::B2 tarifit::woordsoort::ww
ssuḏ,blow,B1,ww,tarifit::cefr::B1 tarifit::woordsoort::ww
ssuṭaa,"demands, questions",B2,ww,tarifit::cefr::B2 tarifit::woordsoort::ww
ssxarreq,lie,C1,ww,tarifit::cefr::C1 tarifit::woordsoort::ww
ssyiwen,to fill,B2,ww,tarifit::cefr::B2 tarifit::woordsoort::ww
ssɣaa / ɛellem,teach,B2,ww,tarifit::cefr::B2 tarifit::woordsoort::ww
ssɣuyy,scream,B2,ww,tarifit::cefr::B2 tarifit::woordsoort::ww
ssɣuyy / jeɛjeɛ,shout,B2,ww,tarifit::cefr::B2 tarifit::woordsoort::ww
ssḇedd,to hold up,B2,ww,tarifit::cefr::B2 tarifit::woordsoort::ww
ssḇeḥ,Morning,B2,ww,tarifit::cefr::B2 tarifit::woordsoort::ww
ssḥaaq / sscmeḏ,burn,B2,ww,tarifit::cefr::B2 tarifit::woordsoort::ww
ssḥess,listen,B2,ww,tarifit::cefr::B2 tarifit::woordsoort::ww
ssḥua,the magic,B2,znw,tarifit::cefr::B2 tarifit::woordsoort::znw
stilu,pen,B2,ww,tarifit::cefr::B2 tarifit::woordsoort::ww
stumaɣu,Stomach,B2,ww,tarifit::cefr::B2 tarifit::woordsoort::ww
su,drinks,B1,ww,tarifit::cefr::B1 tarifit::woordsoort::ww
suddem,to kiss,B2,ww,tarifit::cefr::B2 tarifit::woordsoort::ww
supa,soup,B1,ww,tarifit::cefr::B1 tarifit::woordsoort::ww
suqwaḥ,Sugar,B2,ww,tarifit::cefr::B2 tarifit::woordsoort::ww
susef,spit,B2,ww,tarifit::cefr::B2 tarifit::woordsoort::ww
susiṯ,the sausage,B2,znw,tarifit::cefr::B2 tarifit::woordsoort::znw
swaday,Below,B2,ww,tarifit::cefr::B2 tarifit::woordsoort::ww
swadday,down,B2,ww,tarifit::cefr::B2 tarifit::woordsoort::ww
sxef,fainting,B1,ww,tarifit::cefr::B1 tarifit::woordsoort::ww
syaḏ ṛeqcuɛ,wash (the things).,C2,znw,tarifit::cefr::C2 tarifit::woordsoort::znw
sřeḥ,"to reconcile, to make better",B1,ww,tarifit::cefr::B1 tarifit::woordsoort::ww
sřuddi,drool,B2,ww,tarifit::cefr::B2 tarifit::woordsoort::ww
sḏeɛ,Annoy,B1,ww,tarifit::cefr::B1 tarifit::woordsoort::ww
Tadsa,"Joking, laughing",B2,ww,tarifit::cefr::B2 tarifit::woordsoort::ww
tajjač,the widow,B2,znw,tarifit::cefr::B2 tarifit::woordsoort::znw
Takniyet,Surname,C1,ww,tarifit::cefr::C1 tarifit::woordsoort::ww
tambaa,the postage stamp,B2,znw,tarifit::cefr::B2 tarifit::woordsoort::znw
tejjaa,rich,B2,ww,tarifit::cefr::B2 tarifit::woordsoort::ww
trisinti,Electricity,C1,ww,tarifit::cefr::C1 tarifit::woordsoort::ww
tsɛa,nine,B1,ww,tarifit::cefr::B1 tarifit::woordsoort::ww
ttaa,requests,B1,ww,tarifit::cefr::B1 tarifit::woordsoort::ww
ttaaf (i) / zzaṭ,next to,B1,ww,tarifit::cefr::B1 tarifit::woordsoort::ww
ttaas,be guilty,B2,ww,tarifit::cefr::B2 tarifit::woordsoort::ww
ttaman,Price,B2,ww,tarifit::cefr::B2 tarifit::woordsoort::ww
ttariqa,the way,B2,znw,tarifit::cefr::B2 tarifit::woordsoort::znw
ttaḇa,the tobacco,B2,znw,tarifit::cefr::B2 tarifit::woordsoort::znw
ttaḇec,the bruise,B2,znw,tarifit::cefr::B2 tarifit::woordsoort::znw
ttaḇeɛ,the scar,B2,znw,tarifit::cefr::B2 tarifit::woordsoort::znw
ttef,"grab, catch, get",B1,ww,tarifit::cefr::B1 tarifit::woordsoort::ww
ttes,to sleep,B1,ww,tarifit::cefr::B1 tarifit::woordsoort::ww
tteḇheṯ,surprised or amazed,B2,ww,tarifit::cefr::B2 tarifit::woordsoort::ww
tteḇsi,Board,B2,ww,tarifit::cefr::B2 tarifit::woordsoort::ww
ttfuḥ,"to smell, fragrant",B2,ww,tarifit::cefr::B2 tarifit::woordsoort::ww
ttilifun,the phone,C1,znw,tarifit::cefr::C1 tarifit::woordsoort::znw
ttiliḇizyun,Television,C2,ww,tarifit::cefr::C2 tarifit::woordsoort::ww
ttimsaḥ,the crocodile,B2,znw,tarifit::cefr::B2 tarifit::woordsoort::znw
ttmenyaṯ,money,C1,ww,tarifit::cefr::C1 tarifit::woordsoort::ww
ttqacia,the sock or stocking,B2,znw,tarifit::cefr::B2 tarifit::woordsoort::znw
ttrankiř,quiet,C1,ww,tarifit::cefr::C1 tarifit::woordsoort::ww
ttu,forget,B1,ww,tarifit::cefr::B1 tarifit::woordsoort::ww
ttumubin,car,C1,ww,tarifit::cefr::C1 tarifit::woordsoort::ww
ttuḇis,Bus,B2,ww,tarifit::cefr::B2 tarifit::woordsoort::ww
ttřam,darkness,B2,ww,tarifit::cefr::B2 tarifit::woordsoort::ww
ttřaṯa,Tuesday,B2,ww,tarifit::cefr::B2 tarifit::woordsoort::ww
tub,to repent,B1,ww,tarifit::cefr::B1 tarifit::woordsoort::ww
tuddinṯ,drop,B2,ww,tarifit::cefr::B2 tarifit::woordsoort::ww
tumaṭic,Tomato,B2,ww,tarifit::cefr::B2 tarifit::woordsoort::ww
turnifis,the screwdriver,C1,znw,tarifit::cefr::C1 tarifit::woordsoort::znw
tuɣa,past-particle,B1,ww,tarifit::cefr::B1 tarifit::woordsoort::ww
tɣiř,think it over,B1,ww,tarifit::cefr::B1 tarifit::woordsoort::ww
ṯaak,leave alone (+ IO),B2,ww,tarifit::cefr::B2 tarifit::woordsoort::ww
ṯaftic,wick (of oil lamp),B2,ww,tarifit::cefr::B2 tarifit::woordsoort::ww
ṯamza,ogress (female monster),B2,ww,tarifit::cefr::B2 tarifit::woordsoort::ww
ṯanexxač,straw,C1,ww,tarifit::cefr::C1 tarifit::woordsoort::ww
ṯaneyḏa,powder,C1,ww,tarifit::cefr::C1 tarifit::woordsoort::ww
ṯayḏuaṯ,milk pot,C1,ww,tarifit::cefr::C1 tarifit::woordsoort::ww
ṯazeggʷaaṭ,species of shrub (Ziziphus lotus),C2,ww,tarifit::cefr::C2 tarifit::woordsoort::ww
ṯazeqqa,roof,C1,ww,tarifit::cefr::C1 tarifit::woordsoort::ww
ṯazewḏa,large wooden couscous plate,C1,ww,tarifit::cefr::C1 tarifit::woordsoort::ww
ṯazṛuṭ / biṭariya,"small stone, battery",B2,ww,tarifit::cefr::B2 tarifit::woordsoort::ww
ṯaɛrabṯ,"Arabic (woman, language)",C1,ww,tarifit::cefr::C1 tarifit::woordsoort::ww
ṯaḥraymecṯ,cunning,C2,ww,tarifit::cefr::C2 tarifit::woordsoort::ww
ṯaṛyenṯ,female camel,C1,ww,tarifit::cefr::C1 tarifit::woordsoort::ww
ṯbuaẓeṯ,small window,C1,ww,tarifit::cefr::C1 tarifit::woordsoort::ww
ṯemẓi,childhood,B2,ww,tarifit::cefr::B2 tarifit::woordsoort::ww
ṯesɛin,ninety,B2,ww,tarifit::cefr::B2 tarifit::woordsoort::ww
ṯicti,"blow, blow",B2,ww,tarifit::cefr::B2 tarifit::woordsoort::ww
ṯini,date,B2,ww,tarifit::cefr::B2 tarifit::woordsoort::ww
ṯiwzaṭin,unripe wheat (plural only),C1,ww,tarifit::cefr::C1 tarifit::woordsoort::ww
ṯiyuqiṯ,pearl,C1,ww,tarifit::cefr::C1 tarifit::woordsoort::ww
ṯiḏaatṯ,"ear of corn, grain",C1,ww,tarifit::cefr::C1 tarifit::woordsoort::ww
"ṯiṛefṯ, zaaɛ",to sow,C2,ww,tarifit::cefr::C2 tarifit::woordsoort::ww
ṯmanyin,eighty,C1,ww,tarifit::cefr::C1 tarifit::woordsoort::ww
ṯmentac,eighteen,C1,ww,tarifit::cefr::C1 tarifit::woordsoort::ww
ṯrist,sheep's wool,B2,ww,tarifit::cefr::B2 tarifit::woordsoort::ww
ṯseɛtac,nineteen,C1,ww,tarifit::cefr::C1 tarifit::woordsoort::ww
ṯsunetṯ,diaper,C1,ww,tarifit::cefr::C1 tarifit::woordsoort::ww
ṯwacc,be eaten,B2,ww,tarifit::cefr::B2 tarifit::woordsoort::ww
ṯwaccaaẓ,be ploughed,C1,ww,tarifit::cefr::C1 tarifit::woordsoort::ww
ṯwasizzeř,are made to run,C1,ww,tarifit::cefr::C1 tarifit::woordsoort::ww
ṯwazzu,be planted,B2,ww,tarifit::cefr::B2 tarifit::woordsoort::ww
ṯřatin,thirty,B2,ww,tarifit::cefr::B2 tarifit::woordsoort::ww
ṯřettac,thirteen,C1,ww,tarifit::cefr::C1 tarifit::woordsoort::ww
tḇan,corpses,B1,ww,tarifit::cefr::B1 tarifit::woordsoort::ww
uaja,dreams,B1,ww,tarifit::cefr::B1 tarifit::woordsoort::ww
uatu,fig tree,B1,ww,tarifit::cefr::B1 tarifit::woordsoort::ww
uaɣ,gold,B1,ww,tarifit::cefr::B1 tarifit::woordsoort::ww
uccen,"jackal, the wolf",B2,znw_m_ev,tarifit::cefr::B2 tarifit::woordsoort::ww
uff,wet,B1,ww,tarifit::cefr::B1 tarifit::woordsoort::ww
ulaḇudd / mya ḏi mya,sure,B2,ww,tarifit::cefr::B2 tarifit::woordsoort::ww
uma,Brother,A1,ww,tarifit::cefr::A1 tarifit::woordsoort::ww
uma amezzyan,the younger brother,C2,znw,tarifit::cefr::C2 tarifit::woordsoort::znw
umi,to whom,C1,vraagw,tarifit::cefr::C1 tarifit::woordsoort::vraagw
uraa,wedding,B1,ww,tarifit::cefr::B1 tarifit::woordsoort::ww
ussan,"days, period",B2,ww,tarifit::cefr::B2 tarifit::woordsoort::ww
usu,cough,B1,ww,tarifit::cefr::B1 tarifit::woordsoort::ww
uyua,to walk,B1,ww,tarifit::cefr::B1 tarifit::woordsoort::ww
uzzař,"the shield, iron",B2,znw,tarifit::cefr::B2 tarifit::woordsoort::ww
učma,Sister,A2,ww,tarifit::cefr::A2 tarifit::woordsoort::ww
učma ṯameqqrant,the older sister,C2,znw,tarifit::cefr::C2 tarifit::woordsoort::znw
učma ṯamezzyant,the younger sister,C2,znw,tarifit::cefr::C2 tarifit::woordsoort::znw
uř,heart,B1,ww,tarifit::cefr::B1 tarifit::woordsoort::ww
uřuf,the divorce,B1,znw,tarifit::cefr::B1 tarifit::woordsoort::znw
uḏay,Jew,B1,ww,tarifit::cefr::B1 tarifit::woordsoort::ww
uḏem / aɣembub,sight,B1,znw_m_ev,tarifit::cefr::B1 tarifit::woordsoort::znw_m_ev
uḏum,"drip, drip",B1,ww,tarifit::cefr::B1 tarifit::woordsoort::ww
uṛu,"handful, Euro",B1,ww,tarifit::cefr::B1 tarifit::woordsoort::ww
waa-ssi,I don't know,B2,ww,tarifit::cefr::B2 tarifit::woordsoort::ww
waadyi,is not (negator non-verbal predicates),B2,ww,tarifit::cefr::B2 tarifit::woordsoort::ww
wah,Yes,A1,ww,tarifit::cefr::A1 tarifit::woordsoort::ww
walu,"no, nothing",B2,ww,tarifit::cefr::B2 tarifit::woordsoort::ww
wantis,the glove,B2,znw,tarifit::cefr::B2 tarifit::woordsoort::znw
warda,Pink,B2,ww,tarifit::cefr::B2 tarifit::woordsoort::ww
wata,flat,B1,ww,tarifit::cefr::B1 tarifit::woordsoort::ww
waxxa,"although, even if, okay",A2,ww,tarifit::cefr::A2 tarifit::woordsoort::ww
wařa / zaa,to see,B1,ww,tarifit::cefr::B1 tarifit::woordsoort::ww
waḥḏi/waha,Alone (himself),B1,ww,tarifit::cefr::B1 tarifit::woordsoort::ww
weddaa,disappear,B2,ww,tarifit::cefr::B2 tarifit::woordsoort::ww
weddi,exclamation,B2,ww,tarifit::cefr::B2 tarifit::woordsoort::ww
welleh,with God,B2,ww,tarifit::cefr::B2 tarifit::woordsoort::ww
wenni d yusin,next,C2,ww,tarifit::cefr::C2 tarifit::woordsoort::ww
wenni isteḏɛan,the defendant,C2,znw,tarifit::cefr::C2 tarifit::woordsoort::znw
wenni itteḏɛan,the plaintiff,C2,znw,tarifit::cefr::C2 tarifit::woordsoort::znw
Wenni/ayenni,"That, these",B2,vnw_aanw,tarifit::cefr::B2 tarifit::woordsoort::vnw_aanw
wessex,dirty,B2,ww,tarifit::cefr::B2 tarifit::woordsoort::ww
wi,who?,B2,ww,tarifit::cefr::B2 tarifit::woordsoort::ww
wis ṯnayen,second,C1,ww,tarifit::cefr::C1 tarifit::woordsoort::ww
wis ṯřaṯa,third,C1,ww,tarifit::cefr::C1 tarifit::woordsoort::ww
wiss,ordinal former (~ uss),B1,ww,tarifit::cefr::B1 tarifit::woordsoort::ww
wiř,prohibition particle,B1,ww,tarifit::cefr::B1 tarifit::woordsoort::ww
wseɛ,are many,B1,ww,tarifit::cefr::B1 tarifit::woordsoort::ww
wweṯ,hit or hit,B1,ww,tarifit::cefr::B1 tarifit::woordsoort::ww
wweṯ s uqaatas,to shoot,C2,ww,tarifit::cefr::C2 tarifit::woordsoort::ww
wzen,to weigh,B1,ww,tarifit::cefr::B1 tarifit::woordsoort::ww
wřaḏi,my children,B2,ww,tarifit::cefr::B2 tarifit::woordsoort::ww
wɛaa / iqṣeḥ,difficult,B1,znw_m_mv,tarifit::cefr::B1 tarifit::woordsoort::znw_m_mv
wḏa,to fall,B1,ww,tarifit::cefr::B1 tarifit::woordsoort::ww
Wṣṣa,"Advise, instruct",B1,ww,tarifit::cefr::B1 tarifit::woordsoort::ww
x,at (~xef ~ xaf-),A1,vz,tarifit::cefr::A1 tarifit::woordsoort::vz
xarrebbi / ikfa,enough,B1,znw_m_mv,tarifit::cefr::B1 tarifit::woordsoort::znw_m_mv
xataṛ,Dangerous,B2,ww,tarifit::cefr::B2 tarifit::woordsoort::ww
xači,maternal aunt,B1,znw,tarifit::cefr::B1 tarifit::woordsoort::ww
xaři,maternal uncle,B1,znw,tarifit::cefr::B1 tarifit::woordsoort::znw
xedjes',pay,B2,ww,tarifit::cefr::B2 tarifit::woordsoort::ww
xelleṯ,mix,B2,ww,tarifit::cefr::B2 tarifit::woordsoort::ww
xemmem / fekkar,think,B2,ww,tarifit::cefr::B2 tarifit::woordsoort::ww
xemmeztac,fifteen,C1,ww,tarifit::cefr::C1 tarifit::woordsoort::ww
xemmeř,"save, save",B2,ww,tarifit::cefr::B2 tarifit::woordsoort::ww
xemsa,five,A1,telw,tarifit::cefr::A1 tarifit::woordsoort::telw
xemsin,fifty,B2,ww,tarifit::cefr::B2 tarifit::woordsoort::ww
xeyyeq,"be angry, be sad",B2,ww,tarifit::cefr::B2 tarifit::woordsoort::ww
xeyyeḏ,sew,B2,ww,tarifit::cefr::B2 tarifit::woordsoort::ww
xeḏem,to work,B2,ww,tarifit::cefr::B2 tarifit::woordsoort::ww
xizu,carrot (collective),B1,ww,tarifit::cefr::B1 tarifit::woordsoort::ww
xs,"to want, to love",B1,ww,tarifit::cefr::B1 tarifit::woordsoort::ww
xseṛ,Failure,B1,ww,tarifit::cefr::B1 tarifit::woordsoort::ww
xwa,empty,B1,ww,tarifit::cefr::B1 tarifit::woordsoort::ww
xzaa,to look,B1,ww,tarifit::cefr::B1 tarifit::woordsoort::ww
xřa,"to leave a place, to wander",B1,znw,tarifit::cefr::B1 tarifit::woordsoort::znw
xřeq,be born,B1,ww,tarifit::cefr::B1 tarifit::woordsoort::ww
xḍeb,ask for your hand,B1,znw,tarifit::cefr::B1 tarifit::woordsoort::znw
xḏaa,miss,B1,ww,tarifit::cefr::B1 tarifit::woordsoort::ww
xṛingo,Pancake,B2,ww,tarifit::cefr::B2 tarifit::woordsoort::ww
xṣaa,rotten,B1,ww,tarifit::cefr::B1 tarifit::woordsoort::ww
xṣaa / wedda,to lose,B1,ww,tarifit::cefr::B1 tarifit::woordsoort::ww
yallah,come on! (~yalleh),B2,ww,tarifit::cefr::B2 tarifit::woordsoort::ww
yar,Between,B2,ww,tarifit::cefr::B2 tarifit::woordsoort::ww
yaziḏ,Rooster,B2,ww,tarifit::cefr::B2 tarifit::woordsoort::ww
yaɛḏ,Dress,B1,ww,tarifit::cefr::B1 tarifit::woordsoort::ww
yedji-s n uma,the niece,C2,znw,tarifit::cefr::C2 tarifit::woordsoort::znw
yegga,Done,B2,ww,tarifit::cefr::B2 tarifit::woordsoort::ww
yemkin,Maybe,B2,ww,tarifit::cefr::B2 tarifit::woordsoort::ww
yemma,"Mom, Mother",A1,ww,tarifit::cefr::A1 tarifit::woordsoort::ww
yeği,daughter,B2,ww,tarifit::cefr::B2 tarifit::woordsoort::ww
yis / akiḏaa,Horse,B1,znw_m_ev,tarifit::cefr::B1 tarifit::woordsoort::znw_m_ev
ymaa,hunting,B1,ww,tarifit::cefr::B1 tarifit::woordsoort::ww
yumayen,two days,C1,ww,tarifit::cefr::C1 tarifit::woordsoort::ww
yutub,Youtube,B2,ww,tarifit::cefr::B2 tarifit::woordsoort::ww
yyaaf,the cliff or abyss,B2,ww,tarifit::cefr::B2 tarifit::woordsoort::ww
yyawen,"to be full, to be satiated (from food)",B2,ww,tarifit::cefr::B2 tarifit::woordsoort::ww
zaaḏ,farting,B1,ww,tarifit::cefr::B1 tarifit::woordsoort::ww
zalamit / cciɛeř,matches,B2,ww,tarifit::cefr::B2 tarifit::woordsoort::ww
zeggʷami,"from then on, since",C1,ww,tarifit::cefr::C1 tarifit::woordsoort::ww
zemm,"to pinch, to press, to suck",B1,ww,tarifit::cefr::B1 tarifit::woordsoort::ww
zemmaa,Be able to,C1,ww,tarifit::cefr::C1 tarifit::woordsoort::ww
zeɛma,"as it were, so to speak",C2,znw,tarifit::cefr::C2 tarifit::woordsoort::znw
zeḥḥef,walk with a limp,B2,ww,tarifit::cefr::B2 tarifit::woordsoort::ww
zic,early,B1,ww,tarifit::cefr::B1 tarifit::woordsoort::ww
zid,keep going! (exclamation),B1,ww,tarifit::cefr::B1 tarifit::woordsoort::ww
ziru,zero,B1,ww,tarifit::cefr::B1 tarifit::woordsoort::ww
zu,barking (dog),B1,ww,tarifit::cefr::B1 tarifit::woordsoort::ww
zum,fasting,B1,ww,tarifit::cefr::B1 tarifit::woordsoort::ww
zzadj,to pray,B2,ww,tarifit::cefr::B2 tarifit::woordsoort::ww
zzaj / řkas,glass,B1,ww,tarifit::cefr::B1 tarifit::woordsoort::ww
zzecṯ,oil,B2,ww,tarifit::cefr::B2 tarifit::woordsoort::ww
zzecṯ n ziṯun,Olive oil,C2,ww,tarifit::cefr::C2 tarifit::woordsoort::ww
zzekrun,Lock (of a door),B2,znw,tarifit::cefr::B2 tarifit::woordsoort::znw
zzenqeṯ,street,B2,ww,tarifit::cefr::B2 tarifit::woordsoort::ww
zzenz / snuza,to sell,B2,ww,tarifit::cefr::B2 tarifit::woordsoort::ww
zzeř,lie down,B1,ww,tarifit::cefr::B1 tarifit::woordsoort::ww
zzeřz,shake,B2,ww,tarifit::cefr::B2 tarifit::woordsoort::ww
zzi,milking,B1,ww,tarifit::cefr::B1 tarifit::woordsoort::ww
zzin,"beauty, beautiful person",B1,ww,tarifit::cefr::B1 tarifit::woordsoort::ww
zzina,adultery,B2,ww,tarifit::cefr::B2 tarifit::woordsoort::ww
zziǧez,the pity,B2,znw,tarifit::cefr::B2 tarifit::woordsoort::znw
zzman,"former times, the past",C1,znw,tarifit::cefr::C1 tarifit::woordsoort::znw
zzyenfa,rest,B2,ww,tarifit::cefr::B2 tarifit::woordsoort::ww
zɛef,bite,B1,ww,tarifit::cefr::B1 tarifit::woordsoort::ww
zɛem,to dare,B1,ww,tarifit::cefr::B1 tarifit::woordsoort::ww
zḏem,heels,B1,ww,tarifit::cefr::B1 tarifit::woordsoort::ww
zḏeɣ,Living,B1,ww,tarifit::cefr::B1 tarifit::woordsoort::ww
zḏeɣ / ddaa,to live,B1,ww,tarifit::cefr::B1 tarifit::woordsoort::ww
zṛi,turn something around,B1,ww,tarifit::cefr::B1 tarifit::woordsoort::ww
čaḇula,the garden house,B2,znw,tarifit::cefr::B2 tarifit::woordsoort::znw
řaaḇɛa,Wednesday,B2,ww,tarifit::cefr::B2 tarifit::woordsoort::ww
řaɣa,shout,B1,ww,tarifit::cefr::B1 tarifit::woordsoort::ww
řbacua / ṯazaaṯ,fig,B2,znw_v_ev,tarifit::cefr::B2 tarifit::woordsoort::znw_v_ev
řbanku,bank,B2,ww,tarifit::cefr::B2 tarifit::woordsoort::ww
řbuameṯ,couscous steamer,B2,ww,tarifit::cefr::B2 tarifit::woordsoort::ww
řebni,building,B2,ww,tarifit::cefr::B2 tarifit::woordsoort::ww
řebɛaḏ,a few,B2,znw,tarifit::cefr::B2 tarifit::woordsoort::znw
řebṣeř,Onion,B2,ww,tarifit::cefr::B2 tarifit::woordsoort::ww
řefjaa,the dawn,B2,znw,tarifit::cefr::B2 tarifit::woordsoort::znw
řefɛeř,the rape,B2,znw,tarifit::cefr::B2 tarifit::woordsoort::znw
řehna,"peace, tranquility",B2,ww,tarifit::cefr::B2 tarifit::woordsoort::ww
řejbub,pockets (pl. of ǧǧib),B2,ww,tarifit::cefr::B2 tarifit::woordsoort::ww
řejduḏ,"the grandparents, ancestors",B2,znw,tarifit::cefr::B2 tarifit::woordsoort::znw
řeknina,the pill or tablet,B2,znw,tarifit::cefr::B2 tarifit::woordsoort::znw
řemmez,greedy,B2,ww,tarifit::cefr::B2 tarifit::woordsoort::ww
řemraḥ,the courtyard,B2,znw,tarifit::cefr::B2 tarifit::woordsoort::znw
řemḥiameṯ,handkerchief or rag,C1,ww,tarifit::cefr::C1 tarifit::woordsoort::ww
řeqten,the cotton,B2,znw,tarifit::cefr::B2 tarifit::woordsoort::znw
řeqřeɛ,the mast,B2,znw,tarifit::cefr::B2 tarifit::woordsoort::znw
řes,shearing sheep,B1,ww,tarifit::cefr::B1 tarifit::woordsoort::ww
řesnaḥ,the weapons,B2,znw,tarifit::cefr::B2 tarifit::woordsoort::znw
řesḇaḇ,the cause,B2,znw,tarifit::cefr::B2 tarifit::woordsoort::znw
řexfif,the lead,B2,znw,tarifit::cefr::B2 tarifit::woordsoort::znw
řexmis,Thursday,B2,ww,tarifit::cefr::B2 tarifit::woordsoort::ww
řexrif,Autumn,B2,ww,tarifit::cefr::B2 tarifit::woordsoort::ww
řexxu,now,A2,ww,tarifit::cefr::A2 tarifit::woordsoort::ww
řexḏenni,"then, at that time",C1,ww,tarifit::cefr::C1 tarifit::woordsoort::ww
řeybaa,manure,B2,ww,tarifit::cefr::B2 tarifit::woordsoort::ww
řeynuy,lieǧes,B2,ww,tarifit::cefr::B2 tarifit::woordsoort::ww
řeɛqeř,"mind, wise",B2,ww,tarifit::cefr::B2 tarifit::woordsoort::ww
řeɛzib,the camp,B2,znw,tarifit::cefr::B2 tarifit::woordsoort::znw
řeɛḏu,enemy,B2,ww,tarifit::cefr::B2 tarifit::woordsoort::ww
řeḇḏa,Always,B2,ww,tarifit::cefr::B2 tarifit::woordsoort::ww
řeḇḥaa,"sea, the ocean",B2,znw,tarifit::cefr::B2 tarifit::woordsoort::znw
řeḥkam,the judgment,B2,znw,tarifit::cefr::B2 tarifit::woordsoort::znw
řeḥmu,heat,B2,ww,tarifit::cefr::B2 tarifit::woordsoort::ww
řeḥram,something forbidden by religion,B2,ww,tarifit::cefr::B2 tarifit::woordsoort::ww
řeḥria,"side, silk",B2,ww,tarifit::cefr::B2 tarifit::woordsoort::ww
řeḥriq,Pain,B2,ww,tarifit::cefr::B2 tarifit::woordsoort::ww
řeḥrua,spices (pl. only),B2,ww,tarifit::cefr::B2 tarifit::woordsoort::ww
řeḥsaḇ,"bill, count",B2,ww,tarifit::cefr::B2 tarifit::woordsoort::ww
řeḥḇes,Prison,B2,ww,tarifit::cefr::B2 tarifit::woordsoort::ww
řeṯnayen,Monday,C1,ww,tarifit::cefr::C1 tarifit::woordsoort::ww
řfaaq,difference,B2,ww,tarifit::cefr::B2 tarifit::woordsoort::ww
řfaxaa,charcoal,B2,ww,tarifit::cefr::B2 tarifit::woordsoort::ww
řfeřfeř,paprika (collective),C1,ww,tarifit::cefr::C1 tarifit::woordsoort::ww
řfeřfeř iteqqsen,the chili pepper,C2,znw,tarifit::cefr::C2 tarifit::woordsoort::znw
řfut’a,Towel,B2,ww,tarifit::cefr::B2 tarifit::woordsoort::ww
řgeɛḏeṯ,"plain, plateau",B2,ww,tarifit::cefr::B2 tarifit::woordsoort::ww
řgih,"kitten, kitty",B1,ww,tarifit::cefr::B1 tarifit::woordsoort::ww
řgiḥḥ,the pus,B2,znw,tarifit::cefr::B2 tarifit::woordsoort::znw
řimaaṯ,the footstep,B2,znw,tarifit::cefr::B2 tarifit::woordsoort::znw
řkazi,window,B2,ww,tarifit::cefr::B2 tarifit::woordsoort::ww
řkettan,the cloth,B2,znw,tarifit::cefr::B2 tarifit::woordsoort::znw
řkuasi,chair,B2,ww,tarifit::cefr::B2 tarifit::woordsoort::ww
řmaameṯ,the loom,B2,znw,tarifit::cefr::B2 tarifit::woordsoort::znw
řmaaḥ,the yolk,B2,znw,tarifit::cefr::B2 tarifit::woordsoort::znw
řmaqřa / řḇuameṯ / ṯanaqqleṯ,Pan,B2,znw_v_ev,tarifit::cefr::B2 tarifit::woordsoort::znw_v_ev
řmař,cattle,B1,ww,tarifit::cefr::B1 tarifit::woordsoort::ww
řmecṯa,Winter,B2,ww,tarifit::cefr::B2 tarifit::woordsoort::ww
řmeftaḥ,Key,B2,ww,tarifit::cefr::B2 tarifit::woordsoort::ww
řmencaa’,the saw,C1,znw,tarifit::cefr::C1 tarifit::woordsoort::znw
řmexzen / lhukama,Government,B2,ww,tarifit::cefr::B2 tarifit::woordsoort::ww
řmeymaa,barbecue,B2,ww,tarifit::cefr::B2 tarifit::woordsoort::ww
řmeyra,drainage,B2,ww,tarifit::cefr::B2 tarifit::woordsoort::ww
řmeḏ,learn,B1,ww,tarifit::cefr::B1 tarifit::woordsoort::ww
řmeḏweḏ,the trough,B2,znw,tarifit::cefr::B2 tarifit::woordsoort::znw
řmeḥkama,"the court, court",C1,znw,tarifit::cefr::C1 tarifit::woordsoort::znw
řmujjeṯ,the wave,B2,znw,tarifit::cefr::B2 tarifit::woordsoort::znw
řmuneṯ,the wage,B2,znw,tarifit::cefr::B2 tarifit::woordsoort::znw
řmus,knife,B1,ww,tarifit::cefr::B1 tarifit::woordsoort::ww
řmuḏḏ,grain measure,B2,ww,tarifit::cefr::B2 tarifit::woordsoort::ww
řqa,catch,B1,ww,tarifit::cefr::B1 tarifit::woordsoort::ww
řqanun / sharia,law,B2,ww,tarifit::cefr::B2 tarifit::woordsoort::ww
řqaḏi,the judge,B2,znw,tarifit::cefr::B2 tarifit::woordsoort::znw
řqedd,the age,B2,znw,tarifit::cefr::B2 tarifit::woordsoort::znw
řqehwa,"coffee, cafe",B2,ww,tarifit::cefr::B2 tarifit::woordsoort::ww
řqendaaṯ,bridge,C1,ww,tarifit::cefr::C1 tarifit::woordsoort::ww
řqenḏiř,oil lamp,B2,ww,tarifit::cefr::B2 tarifit::woordsoort::ww
řqews,the arch,B2,znw,tarifit::cefr::B2 tarifit::woordsoort::znw
řqiřc,the shark,B2,znw,tarifit::cefr::B2 tarifit::woordsoort::znw
řum,the hay,B1,znw,tarifit::cefr::B1 tarifit::woordsoort::znw
řwazia,the minister,B2,znw,tarifit::cefr::B2 tarifit::woordsoort::znw
řweqṯ,Time,A1,ww,tarifit::cefr::A1 tarifit::woordsoort::ww
řwesṯ,middle,B2,ww,tarifit::cefr::B2 tarifit::woordsoort::ww
řweḏwaḏ,the bat,B2,znw,tarifit::cefr::B2 tarifit::woordsoort::znw
řweḥc / abaɛoc,Beast,B2,znw_m_ev,tarifit::cefr::B2 tarifit::woordsoort::znw_m_ev
řxaa,something good,B1,ww,tarifit::cefr::B1 tarifit::woordsoort::ww
řxaḏaa,wish,B2,ww,tarifit::cefr::B2 tarifit::woordsoort::ww
řxeḏmeṯ,work,B2,ww,tarifit::cefr::B2 tarifit::woordsoort::ww
řxuḏaaṯ,"fruit, vegetable",B2,ww,tarifit::cefr::B2 tarifit::woordsoort::ww
řɛucc,the nest,B2,znw,tarifit::cefr::B2 tarifit::woordsoort::znw
řɣaraḏ,the intention,B2,znw,tarifit::cefr::B2 tarifit::woordsoort::znw
řɣaḇeṯ,forest or woods,B2,ww,tarifit::cefr::B2 tarifit::woordsoort::ww
řɣiğeṯ / ṯamyir,Harvest,B2,znw_v_ev,tarifit::cefr::B2 tarifit::woordsoort::znw_v_ev
řḇaa,the mainland,B1,znw,tarifit::cefr::B1 tarifit::woordsoort::znw
řḇac n řeqřeɛ,the sail,C2,znw,tarifit::cefr::C2 tarifit::woordsoort::znw
řḇedjuḏ,the jerk,B2,znw,tarifit::cefr::B2 tarifit::woordsoort::znw
řḇiṯ / axam,room,B1,znw_m_ev,tarifit::cefr::B1 tarifit::woordsoort::znw_m_ev
řḇumba,bomb,B2,ww,tarifit::cefr::B2 tarifit::woordsoort::ww
řḇut,the boot,B1,znw,tarifit::cefr::B1 tarifit::woordsoort::znw
řḥa,are busy,B1,ww,tarifit::cefr::B1 tarifit::woordsoort::ww
řḥaaḏ,"talk, chatter",B2,ww,tarifit::cefr::B2 tarifit::woordsoort::ww
řḥajeṯ,thing,B2,ww,tarifit::cefr::B2 tarifit::woordsoort::ww
řḥař,situation,B1,ww,tarifit::cefr::B1 tarifit::woordsoort::ww
řḥebb,the seed,B2,znw,tarifit::cefr::B2 tarifit::woordsoort::znw
řḥedd (1),Sunday,C1,ww,tarifit::cefr::C1 tarifit::woordsoort::ww
řḥedd (2),the border,C1,znw,tarifit::cefr::C1 tarifit::woordsoort::znw
řḥenni,henna,B2,ww,tarifit::cefr::B2 tarifit::woordsoort::ww
řḥeqq,"right, straight",B2,ww,tarifit::cefr::B2 tarifit::woordsoort::ww
řḥess,the sound or noise,B2,znw,tarifit::cefr::B2 tarifit::woordsoort::znw
řḥiḏ’,wall,B2,ww,tarifit::cefr::B2 tarifit::woordsoort::ww
ǧem,spiders,B1,ww,tarifit::cefr::B1 tarifit::woordsoort::ww
ǧeqqaḏ,the pliers,B2,znw,tarifit::cefr::B2 tarifit::woordsoort::znw
ɛaan,Push,B1,ww,tarifit::cefr::B1 tarifit::woordsoort::ww
ɛaaḏ‘,to invite,B2,ww,tarifit::cefr::B2 tarifit::woordsoort::ww
ɛadi,Just,B1,ww,tarifit::cefr::B1 tarifit::woordsoort::ww
ɛafak,Please,B2,ww,tarifit::cefr::B2 tarifit::woordsoort::ww
ɛafak / cukran,Thank you,A2,ww,tarifit::cefr::A2 tarifit::woordsoort::ww
ɛaheḏ / qaweṛ,promise,B2,ww,tarifit::cefr::B2 tarifit::woordsoort::ww
ɛajib,amazing,B2,ww,tarifit::cefr::B2 tarifit::woordsoort::ww
ɛamayen,two years,C1,ww,tarifit::cefr::C1 tarifit::woordsoort::ww
ɛawen,to help,B2,ww,tarifit::cefr::B2 tarifit::woordsoort::ww
ɛaweḏ,"Repeat, tell, retell",B2,ww,tarifit::cefr::B2 tarifit::woordsoort::ww
ɛaweḏ (2),again,C1,ww,tarifit::cefr::C1 tarifit::woordsoort::ww
ɛayaa,try,B2,ww,tarifit::cefr::B2 tarifit::woordsoort::ww
ɛbaa,"to measure, to fool",B1,znw,tarifit::cefr::B1 tarifit::woordsoort::znw
Ɛbed,worship,B1,ww,tarifit::cefr::B1 tarifit::woordsoort::ww
ɛebbez,press,B2,ww,tarifit::cefr::B2 tarifit::woordsoort::ww
ɛecra,ten,A1,telw,tarifit::cefr::A1 tarifit::woordsoort::telw
ɛemmaa,full,B2,ww,tarifit::cefr::B2 tarifit::woordsoort::ww
ɛemmaas,never,B2,ww,tarifit::cefr::B2 tarifit::woordsoort::ww
ɛemmeṛ,To fill in,B2,ww,tarifit::cefr::B2 tarifit::woordsoort::ww
ɛenti,paternal aunt,A2,znw,tarifit::cefr::A2 tarifit::woordsoort::znw
ɛess,"to guard, to keep an eye on",B1,ww,tarifit::cefr::B1 tarifit::woordsoort::ww
ɛettaa,be late,B2,ww,tarifit::cefr::B2 tarifit::woordsoort::ww
ɛeyyeḇ,imitate,B2,ww,tarifit::cefr::B2 tarifit::woordsoort::ww
ɛeṣṣeb,Angry,B2,ww,tarifit::cefr::B2 tarifit::woordsoort::ww
ɛfes,steps up,B1,ww,tarifit::cefr::B1 tarifit::woordsoort::ww
ɛgez,lazy,B1,ww,tarifit::cefr::B1 tarifit::woordsoort::ww
ɛicrin,twenty,B2,ww,tarifit::cefr::B2 tarifit::woordsoort::ww
ɛifrit,"the demon, the ghost",B2,znw,tarifit::cefr::B2 tarifit::woordsoort::znw
ɛizz,be loved,B1,ww,tarifit::cefr::B1 tarifit::woordsoort::ww
ɛqeř,"to remember, to recognize",B1,ww,tarifit::cefr::B1 tarifit::woordsoort::ww
ɛzizi,"paternal uncle, older brother",A2,znw,tarifit::cefr::A2 tarifit::woordsoort::znw
ɛḏes,sneezing,B1,ww,tarifit::cefr::B1 tarifit::woordsoort::ww
ɛḏeř,"make, repair",B1,ww,tarifit::cefr::B1 tarifit::woordsoort::ww
ɛḏu,pass,B1,ww,tarifit::cefr::B1 tarifit::woordsoort::ww
ɛṛahaṛ / ggua,almost,B1,ww,tarifit::cefr::B1 tarifit::woordsoort::ww
ɣa,exclamative particle ('what a!'),B2,ww,tarifit::cefr::B2 tarifit::woordsoort::ww
ɣaa,Nasty,B2,vz,tarifit::cefr::B2 tarifit::woordsoort::vz
ɣaa (2),read,B2,ww,tarifit::cefr::B2 tarifit::woordsoort::ww
ɣaaq,drown,B1,ww,tarifit::cefr::B1 tarifit::woordsoort::ww
ɣaas / carreg / qqaas,cracks,B2,ww,tarifit::cefr::B2 tarifit::woordsoort::ww
ɣaaḇeř,to sieve or to sift,B2,ww,tarifit::cefr::B2 tarifit::woordsoort::ww
ɣanim,bamboo,B2,ww,tarifit::cefr::B2 tarifit::woordsoort::ww
ɣarr,the jealousy,B1,znw,tarifit::cefr::B1 tarifit::woordsoort::znw
ɣayṯa,Cake,B2,ww,tarifit::cefr::B2 tarifit::woordsoort::ww
ɣaḇyuta,the seagull,B2,znw,tarifit::cefr::B2 tarifit::woordsoort::znw
ɣennej,to sing,B2,ww,tarifit::cefr::B2 tarifit::woordsoort::ww
ɣiř,Arm,B1,ww,tarifit::cefr::B1 tarifit::woordsoort::ww
ɣmez,flashing,B1,ww,tarifit::cefr::B1 tarifit::woordsoort::ww
ɣuttis,to dive,B2,ww,tarifit::cefr::B2 tarifit::woordsoort::ww
ɣřeḏ / falta / ɣlet/ ḇuqqaa,Wrong,B1,ww,tarifit::cefr::B1 tarifit::woordsoort::ww
ɣḏaa,betrayed,B1,ww,tarifit::cefr::B1 tarifit::woordsoort::ww
ɣḏes,to sink,B1,ww,tarifit::cefr::B1 tarifit::woordsoort::ww
ɣḏeř,drop,B1,ww,tarifit::cefr::B1 tarifit::woordsoort::ww
ḇaac,kneel,B1,ww,tarifit::cefr::B1 tarifit::woordsoort::ww
ḇaaḏ,poop,B1,ww,tarifit::cefr::B1 tarifit::woordsoort::ww
ḇarra,outside,B2,ww,tarifit::cefr::B2 tarifit::woordsoort::ww
ḇarreḥ,announce,B2,ww,tarifit::cefr::B2 tarifit::woordsoort::ww
ḇayana,the whale,B2,znw,tarifit::cefr::B2 tarifit::woordsoort::znw
ḇaɣeř,crow,B2,ww,tarifit::cefr::B2 tarifit::woordsoort::ww
ḇaḇa,father,B1,ww,tarifit::cefr::B1 tarifit::woordsoort::ww
ḇaḇaɣayyu,the parrot,C1,znw,tarifit::cefr::C1 tarifit::woordsoort::znw
ḇecc,pee,B1,ww,tarifit::cefr::B1 tarifit::woordsoort::ww
ḇeddeř,"change, change",B2,ww,tarifit::cefr::B2 tarifit::woordsoort::ww
ḇeddu,the beginning,B2,znw,tarifit::cefr::B2 tarifit::woordsoort::znw
ḇinu,the wine,B1,znw,tarifit::cefr::B1 tarifit::woordsoort::znw
ḇirra,Beer,B2,ww,tarifit::cefr::B2 tarifit::woordsoort::ww
ḇna,build,B1,ww,tarifit::cefr::B1 tarifit::woordsoort::ww
ḇnaḏem,the person,B2,znw,tarifit::cefr::B2 tarifit::woordsoort::znw
ḇucceř,the snail,B2,znw,tarifit::cefr::B2 tarifit::woordsoort::znw
ḇuheyyuf,the famine,C1,znw,tarifit::cefr::C1 tarifit::woordsoort::znw
ḇulun,the screw,B2,znw,tarifit::cefr::B2 tarifit::woordsoort::znw
ḇurres,the masonry mortar,B2,znw,tarifit::cefr::B2 tarifit::woordsoort::znw
ḇururu,the intestines,B2,znw,tarifit::cefr::B2 tarifit::woordsoort::znw
ḇuwaccawen,the horn or trumpet,C1,znw,tarifit::cefr::C1 tarifit::woordsoort::znw
ḇřa,without,B1,ww,tarifit::cefr::B1 tarifit::woordsoort::ww
ḇḏa,"to start, to share",B1,ww,tarifit::cefr::B1 tarifit::woordsoort::ww
ḍazḍaḏ,Skinny,B2,ww,tarifit::cefr::B2 tarifit::woordsoort::ww
Ḍuru,0.5 dirham (coin),B1,ww,tarifit::cefr::B1 tarifit::woordsoort::ww
ḍḍaa,"get off, get off",B1,ww,tarifit::cefr::B1 tarifit::woordsoort::ww
ḍḍiblum,Diploma,B2,ww,tarifit::cefr::B2 tarifit::woordsoort::ww
ḍḍrif,Nice,B2,ww,tarifit::cefr::B2 tarifit::woordsoort::ww
ḍḏiwana,Customs,B2,ww,tarifit::cefr::B2 tarifit::woordsoort::ww
ḍḏsas,Basic,B2,ww,tarifit::cefr::B2 tarifit::woordsoort::ww
ḏ,and (+ Related State),A1,voegw,tarifit::cefr::A1 tarifit::woordsoort::voegw
ḏa / ḏaniṯa,here,B2,ww,tarifit::cefr::B2 tarifit::woordsoort::ww
ḏaa,Leg,B1,ww,tarifit::cefr::B1 tarifit::woordsoort::ww
ḏaa (1),Foot,B2,ww,tarifit::cefr::B2 tarifit::woordsoort::ww
ḏarr,damage,B1,ww,tarifit::cefr::B1 tarifit::woordsoort::ww
ḏarrez,to weave,B2,ww,tarifit::cefr::B2 tarifit::woordsoort::ww
ḏarreɛ,embrace,B2,ww,tarifit::cefr::B2 tarifit::woordsoort::ww
ḏaḏ,finger,B1,ww,tarifit::cefr::B1 tarifit::woordsoort::ww
ḏebbaa / ḥkem,"to regulate, to govern",B1,ww,tarifit::cefr::B1 tarifit::woordsoort::ww
ḏeř,cover,B1,ww,tarifit::cefr::B1 tarifit::woordsoort::ww
ḏeɣya,"quickly, soon",B2,ww,tarifit::cefr::B2 tarifit::woordsoort::ww
ḏfaa,"to follow, to chase",B1,ww,tarifit::cefr::B1 tarifit::woordsoort::ww
ḏfes,to fold,B1,ww,tarifit::cefr::B1 tarifit::woordsoort::ww
ḏi,"in, through",B2,vz,tarifit::cefr::B2 tarifit::woordsoort::vz
ḏin,there,B2,ww,tarifit::cefr::B2 tarifit::woordsoort::ww
ḏrus,little,B1,ww,tarifit::cefr::B1 tarifit::woordsoort::ww
ḏu / faafaa,to fly,B1,ww,tarifit::cefr::B1 tarifit::woordsoort::ww
ḏuṛ,walking around,B1,ww,tarifit::cefr::B1 tarifit::woordsoort::ww
ḏweř,to become,B1,ww,tarifit::cefr::B1 tarifit::woordsoort::ww
ḏweř / ɛqeḇ /,come back,B1,ww,tarifit::cefr::B1 tarifit::woordsoort::ww
ḏyes ttiḇeṯ,samples,C2,ww,tarifit::cefr::C2 tarifit::woordsoort::ww
ḏřem / amaawas,the debt,B1,znw_m_ev,tarifit::cefr::B1 tarifit::woordsoort::znw_m_ev
ḏřeq,let go,B1,ww,tarifit::cefr::B1 tarifit::woordsoort::ww
ḏřeq / fekk,"liberate, dissolve",B1,ww,tarifit::cefr::B1 tarifit::woordsoort::ww
ḏɛef / yaxu,weak,B1,ww,tarifit::cefr::B1 tarifit::woordsoort::ww
ḏḥec / ssfianen,"laughing, smiling",B1,ww,tarifit::cefr::B1 tarifit::woordsoort::ww
ḏṛuj,Stairs,B1,ww,tarifit::cefr::B1 tarifit::woordsoort::ww
ḥaac (1),the cloak,C1,znw,tarifit::cefr::C1 tarifit::woordsoort::znw
ḥaawec,pick up,B2,ww,tarifit::cefr::B2 tarifit::woordsoort::ww
ḥaay,grind,B1,ww,tarifit::cefr::B1 tarifit::woordsoort::ww
ḥala mḏania / lizḏiyaṯ,Birth certificate,C1,ww,tarifit::cefr::C1 tarifit::woordsoort::ww
ḥalawit,sweets,B2,ww,tarifit::cefr::B2 tarifit::woordsoort::ww
ḥarek / hjem,the attack,B1,znw,tarifit::cefr::B1 tarifit::woordsoort::znw
ḥarrec,stirring or mixing,B2,ww,tarifit::cefr::B2 tarifit::woordsoort::ww
ḥarreḇ,to fan,B2,ww,tarifit::cefr::B2 tarifit::woordsoort::ww
ḥaseb,"reprimand, punish",B2,ww,tarifit::cefr::B2 tarifit::woordsoort::ww
ḥaweř,to be careful,B2,ww,tarifit::cefr::B2 tarifit::woordsoort::ww
ḥayaa,surprised,B2,ww,tarifit::cefr::B2 tarifit::woordsoort::ww
ḥayawan / imuddar,Animals,B2,ww,tarifit::cefr::B2 tarifit::woordsoort::ww
ḥaḏa,to touch,B1,ww,tarifit::cefr::B1 tarifit::woordsoort::ww
ḥebbe-mluk,Cherry,C1,ww,tarifit::cefr::C1 tarifit::woordsoort::ww
ḥedd,"to limit, someone",B2,ww,tarifit::cefr::B2 tarifit::woordsoort::ww
ḥeddeṯ,preach,B2,ww,tarifit::cefr::B2 tarifit::woordsoort::ww
ḥekk,to rub,B1,ww,tarifit::cefr::B1 tarifit::woordsoort::ww
ḥenna,Grandmother,A2,ww,tarifit::cefr::A2 tarifit::woordsoort::ww
ḥfaa,to dig,B1,ww,tarifit::cefr::B1 tarifit::woordsoort::ww
ḥidɛac,eleven,B2,ww,tarifit::cefr::B2 tarifit::woordsoort::ww
ḥkem,condemn,B1,ww,tarifit::cefr::B1 tarifit::woordsoort::ww
ḥma,warm,B1,ww,tarifit::cefr::B1 tarifit::woordsoort::ww
ḥra,earn,B1,ww,tarifit::cefr::B1 tarifit::woordsoort::ww
ḥraq / cmeḏ,Burning,B1,ww,tarifit::cefr::B1 tarifit::woordsoort::ww
ḥsaa,narrow,B1,ww,tarifit::cefr::B1 tarifit::woordsoort::ww
ḥseb,Calculate,B1,ww,tarifit::cefr::B1 tarifit::woordsoort::ww
ḥsen,Better,B1,ww,tarifit::cefr::B1 tarifit::woordsoort::ww
ḥseḇ,to count,B1,ww,tarifit::cefr::B1 tarifit::woordsoort::ww
ḥzen,the sadness,B1,znw,tarifit::cefr::B1 tarifit::woordsoort::znw
ḥřuttef,slide,B2,ww,tarifit::cefr::B2 tarifit::woordsoort::ww
ḥḏaa,keep an eye on things,B1,znw,tarifit::cefr::B1 tarifit::woordsoort::znw
ḥḏaj,the need,B1,znw,tarifit::cefr::B1 tarifit::woordsoort::znw
ḥṛu,"slurping, eating thick soup",B1,ww,tarifit::cefr::B1 tarifit::woordsoort::ww
ḵsi,"Carry, take, grab, lift",B1,ww,tarifit::cefr::B1 tarifit::woordsoort::ww
ṛalla,"madam, paternal uncle's wife",B2,ww,tarifit::cefr::B2 tarifit::woordsoort::ww
ṛebḥaṛ,Beach,B2,ww,tarifit::cefr::B2 tarifit::woordsoort::ww
ṛemṛac,Wedding,B2,ww,tarifit::cefr::B2 tarifit::woordsoort::ww
ṛeqhawi,Cafes,B2,ww,tarifit::cefr::B2 tarifit::woordsoort::ww
ṛeḥṛua / ṛečub,Spices,B2,ww,tarifit::cefr::B2 tarifit::woordsoort::ww
ṛmaṛyu,Closet,B2,ww,tarifit::cefr::B2 tarifit::woordsoort::ww
ṛqa,"bumping into something, meeting spontaneously",B1,ww,tarifit::cefr::B1 tarifit::woordsoort::ww
ṛqebb,hood (from ǧellaba),B2,ww,tarifit::cefr::B2 tarifit::woordsoort::ww
ṛwaḥ,Flu,B1,ww,tarifit::cefr::B1 tarifit::woordsoort::ww
ṛxeḏini,"then, then, then",B2,ww,tarifit::cefr::B2 tarifit::woordsoort::ww
ṛṛaqem,number,B2,ww,tarifit::cefr::B2 tarifit::woordsoort::ww
ṛṛiḏu,Curtain,B2,ww,tarifit::cefr::B2 tarifit::woordsoort::ww
ṣaḥafi,Journalist,B2,ww,tarifit::cefr::B2 tarifit::woordsoort::ww
ṣbaḥ lxir,Good morning,C1,ww,tarifit::cefr::C1 tarifit::woordsoort::ww
ṣṣaa,"soften, protect",B1,ww,tarifit::cefr::B1 tarifit::woordsoort::ww
ṣṣaɛeṯ,"Clock, hour",B2,ww,tarifit::cefr::B2 tarifit::woordsoort::ww
ṣṣaḥeṯ,health,B2,ww,tarifit::cefr::B2 tarifit::woordsoort::ww
ṣṣaṛf,(return) change,B2,ww,tarifit::cefr::B2 tarifit::woordsoort::ww
ṣṣbeṛ,Patience,B2,ww,tarifit::cefr::B2 tarifit::woordsoort::ww
ṣṣehḏ,heat,B2,ww,tarifit::cefr::B2 tarifit::woordsoort::ww
ṣṣenɛeṯ,(craft) art,C1,ww,tarifit::cefr::C1 tarifit::woordsoort::ww
ṣṣurif,step,B2,ww,tarifit::cefr::B2 tarifit::woordsoort::ww
ṣṣuḍeṣ,make you sleep,B2,ww,tarifit::cefr::B2 tarifit::woordsoort::ww
ṣṣḍeɛ,Noise,B2,ww,tarifit::cefr::B2 tarifit::woordsoort::ww
ṣṣṭupp,traffic light,B2,ww,tarifit::cefr::B2 tarifit::woordsoort::ww
ṭṭajaa,"rich person, merchant",B2,ww,tarifit::cefr::B2 tarifit::woordsoort::ww
ṭṭebṛa,be addicted,B2,ww,tarifit::cefr::B2 tarifit::woordsoort::ww
ṭṭeḥqiq,control,B2,ww,tarifit::cefr::B2 tarifit::woordsoort::ww
ṭṭiyaṛa,airplane,B2,ww,tarifit::cefr::B2 tarifit::woordsoort::ww
ṭṭuṛ,Length,B1,ww,tarifit::cefr::B1 tarifit::woordsoort::ww
ṯaaffixṯ,the blister,C1,znw_v_ev,tarifit::cefr::C1 tarifit::woordsoort::znw_v_ev
ṯaafiqṯ,the clan,B2,znw_v_ev,tarifit::cefr::B2 tarifit::woordsoort::znw_v_ev
ṯaawa,the descendants,B2,znw_v_ev,tarifit::cefr::B2 tarifit::woordsoort::znw_v_ev
ṯaayasṯ,courage,B2,znw_v_ev,tarifit::cefr::B2 tarifit::woordsoort::znw_v_ev
ṯaaḇifṯ,stepdaughter,B2,znw_v_ev,tarifit::cefr::B2 tarifit::woordsoort::znw_v_ev
ṯacemmusṯ,package,C1,znw_v_ev,tarifit::cefr::C1 tarifit::woordsoort::znw_v_ev
ṯacna,the stepmother,B2,znw_v_ev,tarifit::cefr::B2 tarifit::woordsoort::znw_v_ev
ṯacɛefṯ,the ankle,B2,znw_v_ev,tarifit::cefr::B2 tarifit::woordsoort::znw_v_ev
ṯaddaaṯ,house,B2,znw_v_ev,tarifit::cefr::B2 tarifit::woordsoort::znw_v_ev
ṯaddexṯ,the armpit,B2,znw_v_ev,tarifit::cefr::B2 tarifit::woordsoort::znw_v_ev
ṯafarṯ,Page,B2,znw_v_ev,tarifit::cefr::B2 tarifit::woordsoort::znw_v_ev
ṯafeǧaḥṯ,farmer's wife,C1,znw_v_ev,tarifit::cefr::C1 tarifit::woordsoort::znw_v_ev
ṯafransisṯ,French,C1,znw_v_ev,tarifit::cefr::C1 tarifit::woordsoort::znw_v_ev
ṯafunasṯ,cow,B1,znw_v_ev,tarifit::cefr::B1 tarifit::woordsoort::znw_v_ev
ṯafřewṯ,"the plank, wood",B2,znw_v_ev,tarifit::cefr::B2 tarifit::woordsoort::znw_v_ev
ṯajarrat,the wheel,C1,znw_v_ev,tarifit::cefr::C1 tarifit::woordsoort::znw_v_ev
ṯajeǧitt,the queen,C1,znw_v_ev,tarifit::cefr::C1 tarifit::woordsoort::znw_v_ev
ṯakciṯa,the dress,B2,znw_v_ev,tarifit::cefr::B2 tarifit::woordsoort::znw_v_ev
ṯakeccucṯ,"stick, toothpick",C1,znw_v_ev,tarifit::cefr::C1 tarifit::woordsoort::znw_v_ev
ṯakiḏaaṯ,the mare,C1,znw_v_ev,tarifit::cefr::C1 tarifit::woordsoort::znw_v_ev
ṯalimanṯ,German,C1,znw_v_ev,tarifit::cefr::C1 tarifit::woordsoort::znw_v_ev
ṯallajṯ,Refrigerator,B2,znw_v_ev,tarifit::cefr::B2 tarifit::woordsoort::znw_v_ev
ṯalwisṯ,piece of gold,B2,znw_v_ev,tarifit::cefr::B2 tarifit::woordsoort::znw_v_ev
ṯamaṛaqṯ,Pea soup,C1,znw_v_ev,tarifit::cefr::C1 tarifit::woordsoort::znw_v_ev
ṯamcett,"the brush, comb",B2,znw_v_ev,tarifit::cefr::B2 tarifit::woordsoort::znw_v_ev
ṯamcett n yiɣess,the centipede,C2,znw_v_ev,tarifit::cefr::C2 tarifit::woordsoort::znw_v_ev
ṯamcunṯ,naughty woman,B2,znw_v_ev,tarifit::cefr::B2 tarifit::woordsoort::znw_v_ev
ṯameddiṯ,evening,B2,znw_v_ev,tarifit::cefr::B2 tarifit::woordsoort::znw_v_ev
ṯamedjač,egg,C1,znw_v_ev,tarifit::cefr::C1 tarifit::woordsoort::znw_v_ev
ṯamenɣawṯ,the murder,C1,znw_v_ev,tarifit::cefr::C1 tarifit::woordsoort::znw_v_ev
ṯameqyasṯ,the bracelet,C1,znw_v_ev,tarifit::cefr::C1 tarifit::woordsoort::znw_v_ev
ṯamessatt,the hip,C1,znw_v_ev,tarifit::cefr::C1 tarifit::woordsoort::znw_v_ev
ṯamesřemṯ,"Muslim woman, Islam",C1,znw_v_ev,tarifit::cefr::C1 tarifit::woordsoort::znw_v_ev
ṯameɛmuč,the plot,C1,znw_v_ev,tarifit::cefr::C1 tarifit::woordsoort::znw_v_ev
ṯameḏwasṯ,Broom,C1,znw_v_ev,tarifit::cefr::C1 tarifit::woordsoort::znw_v_ev
ṯameḥṯac,woman who cuts grass,C1,znw_v_ev,tarifit::cefr::C1 tarifit::woordsoort::znw_v_ev
ṯameṣɛecṯ,female beggar,C1,znw_v_ev,tarifit::cefr::C1 tarifit::woordsoort::znw_v_ev
ṯamja,whistle,B2,znw_v_ev,tarifit::cefr::B2 tarifit::woordsoort::znw_v_ev
ṯamment,Honey,B2,znw_v_ev,tarifit::cefr::B2 tarifit::woordsoort::znw_v_ev
ṯammuaṯ,"country, floor",C1,znw_v_ev,tarifit::cefr::C1 tarifit::woordsoort::znw_v_ev
ṯammurṯ,Earth (Ground),B2,znw_v_ev,tarifit::cefr::B2 tarifit::woordsoort::znw_v_ev
ṯamziyḏa,mosque,C1,znw_v_ev,tarifit::cefr::C1 tarifit::woordsoort::znw_v_ev
ṯamɣārṯ,woman,B2,znw_v_ev,tarifit::cefr::B2 tarifit::woordsoort::znw_v_ev
ṯamɣaṛṯ n ṯaḏḏarṯ,Housewife,C2,znw_v_ev,tarifit::cefr::C2 tarifit::woordsoort::znw_v_ev
ṯandint,city,B2,znw_v_ev,tarifit::cefr::B2 tarifit::woordsoort::znw_v_ev
ṯanewwacṯ,the flower,C1,znw_v_ev,tarifit::cefr::C1 tarifit::woordsoort::znw_v_ev
ṯanwač,the hut,B2,znw_v_ev,tarifit::cefr::B2 tarifit::woordsoort::znw_v_ev
ṯanyana,again,C1,ww,tarifit::cefr::C1 tarifit::woordsoort::ww
ṯanyiaṯ,forehead,B2,znw_v_ev,tarifit::cefr::B2 tarifit::woordsoort::znw_v_ev
ṯaqbucṯ,small water jar,B1,znw_v_ev,tarifit::cefr::B1 tarifit::woordsoort::znw_v_ev
ṯaqcuaṯ,the dandruff (dandruff in the hair),B2,znw_v_ev,tarifit::cefr::B2 tarifit::woordsoort::znw_v_ev
ṯaqecqacṯ,the skull,C1,znw_v_ev,tarifit::cefr::C1 tarifit::woordsoort::znw_v_ev
ṯaqeḥḇecṯ,the prostitute,C1,znw_v_ev,tarifit::cefr::C1 tarifit::woordsoort::znw_v_ev
ṯaqeṛɛɛecṯ,woman from Iqeṛɛiyen,C1,znw_v_ev,tarifit::cefr::C1 tarifit::woordsoort::znw_v_ev
ṯaqiḏunṯ,tent,C1,znw_v_ev,tarifit::cefr::C1 tarifit::woordsoort::znw_v_ev
ṯaqmijaṯ,Blouse,C1,znw_v_ev,tarifit::cefr::C1 tarifit::woordsoort::znw_v_ev
ṯaqmijjaṯ,Shirt,C1,znw_v_ev,tarifit::cefr::C1 tarifit::woordsoort::znw_v_ev
ṯaqsefṯ,the fortress,B2,znw_v_ev,tarifit::cefr::B2 tarifit::woordsoort::znw_v_ev
ṯaquřacṯ,the circle,C1,znw_v_ev,tarifit::cefr::C1 tarifit::woordsoort::znw_v_ev
ṯarifecṯ,"Riffian woman, Riffian language",C1,znw_v_ev,tarifit::cefr::C1 tarifit::woordsoort::znw_v_ev
ṯarremmant (n) uḏaa,the calf,C2,znw_v_ev,tarifit::cefr::C2 tarifit::woordsoort::znw_v_ev
ṯaruṯ,the lung,B2,znw_v_ev,tarifit::cefr::B2 tarifit::woordsoort::znw_v_ev
ṯasaaḏunṯ,female mule,C1,znw_v_ev,tarifit::cefr::C1 tarifit::woordsoort::znw_v_ev
ṯasebbač,Crane,C1,znw_v_ev,tarifit::cefr::C1 tarifit::woordsoort::znw_v_ev
ṯasebnecṯ,traditional headscarf,C1,znw_v_ev,tarifit::cefr::C1 tarifit::woordsoort::znw_v_ev
ṯasennaaṯ,"the hook, the fishing hook",C1,znw_v_ev,tarifit::cefr::C1 tarifit::woordsoort::znw_v_ev
ṯaseḇnecṯ,the headband,C1,znw_v_ev,tarifit::cefr::C1 tarifit::woordsoort::znw_v_ev
ṯaseḥḥarṯ,Witch,C1,znw_v_ev,tarifit::cefr::C1 tarifit::woordsoort::znw_v_ev
ṯaseḵsuṯ,the pot,C1,znw_v_ev,tarifit::cefr::C1 tarifit::woordsoort::znw_v_ev
ṯasiaṯ,"the mill, molar (tooth)",B2,znw_v_ev,tarifit::cefr::B2 tarifit::woordsoort::znw_v_ev
ṯaspanyuṯ,"Spanish (female, language)",B1,znw_v_ev,tarifit::cefr::B1 tarifit::woordsoort::znw_v_ev
ṯasrafṯ,the whirlpool,B2,znw_v_ev,tarifit::cefr::B2 tarifit::woordsoort::znw_v_ev
ṯasřiṯ,the daughter-in-law (of a man),B2,znw_v_ev,tarifit::cefr::B2 tarifit::woordsoort::znw_v_ev
ṯasřiṯ n wenzaa,the rainbow,C2,znw_v_ev,tarifit::cefr::C2 tarifit::woordsoort::znw_v_ev
ṯasṛiṯ,bride,B2,znw_v_ev,tarifit::cefr::B2 tarifit::woordsoort::znw_v_ev
ṯateḇsecṯ,the saucer,C1,znw_v_ev,tarifit::cefr::C1 tarifit::woordsoort::znw_v_ev
ṯawessaaṯ,the old woman,C1,znw_v_ev,tarifit::cefr::C1 tarifit::woordsoort::znw_v_ev
ṯawriqṯ / ṛciƔeḏ / ṯifaacṯ,Sheet (paper),B2,znw_v_ev,tarifit::cefr::B2 tarifit::woordsoort::znw_v_ev
ṯawtent,female,B2,znw_v_ev,tarifit::cefr::B2 tarifit::woordsoort::znw_v_ev
ṯawwaaṯ,door,B2,znw_v_ev,tarifit::cefr::B2 tarifit::woordsoort::znw_v_ev
ṯawwarṯ,Entrance,B2,znw_v_ev,tarifit::cefr::B2 tarifit::woordsoort::znw_v_ev
ṯaxcefṯ,the fall,B2,znw_v_ev,tarifit::cefr::B2 tarifit::woordsoort::znw_v_ev
ṯaxeddant n spitaa,the nurse,C2,znw_v_ev,tarifit::cefr::C2 tarifit::woordsoort::znw_v_ev
ṯaxessaaṯ,the defeat,C1,znw_v_ev,tarifit::cefr::C1 tarifit::woordsoort::znw_v_ev
ṯaxeḏmesṯ,butcher knife,C1,znw_v_ev,tarifit::cefr::C1 tarifit::woordsoort::znw_v_ev
ṯaxrasṯ,the earring,B2,znw_v_ev,tarifit::cefr::B2 tarifit::woordsoort::znw_v_ev
ṯaxsacṯ,the pumpkin,B2,znw_v_ev,tarifit::cefr::B2 tarifit::woordsoort::znw_v_ev
ṯayaazicṯ,female hare,C1,znw_v_ev,tarifit::cefr::C1 tarifit::woordsoort::znw_v_ev
ṯayarṛarṯ,Tire (car),C1,znw_v_ev,tarifit::cefr::C1 tarifit::woordsoort::znw_v_ev
ṯayarṯ,Neighbor,B2,znw_v_ev,tarifit::cefr::B2 tarifit::woordsoort::znw_v_ev
ṯayaṛṛabuṯ,small boat,C1,znw_v_ev,tarifit::cefr::C1 tarifit::woordsoort::znw_v_ev
ṯaɣenjacṯ,spoon,C1,znw_v_ev,tarifit::cefr::C1 tarifit::woordsoort::znw_v_ev
ṯayezzaaṯ,the island,C1,znw_v_ev,tarifit::cefr::C1 tarifit::woordsoort::znw_v_ev
ṯayeḏǧafṯ,little ǧellaba,C1,znw_v_ev,tarifit::cefr::C1 tarifit::woordsoort::znw_v_ev
ṯayujiṯc,orphan girl,C1,znw_v_ev,tarifit::cefr::C1 tarifit::woordsoort::znw_v_ev
ṯayya,slave,B2,znw_v_ev,tarifit::cefr::B2 tarifit::woordsoort::znw_v_ev
ṯayyawṯ,granddaughter,B1,znw_v_ev,tarifit::cefr::B1 tarifit::woordsoort::znw_v_ev
ṯayyuṯ / anu,the fog,B1,znw_v_ev,tarifit::cefr::B1 tarifit::woordsoort::znw_v_ev
ṯayzint,the nettle,B2,znw_v_ev,tarifit::cefr::B2 tarifit::woordsoort::znw_v_ev
ṯayḏa,the pine,B2,znw_v_ev,tarifit::cefr::B2 tarifit::woordsoort::znw_v_ev
ṯazaaḇecṯ,the carpet,C1,znw_v_ev,tarifit::cefr::C1 tarifit::woordsoort::znw_v_ev
ṯazewḏa,"the dish, bowl",B2,znw_v_ev,tarifit::cefr::B2 tarifit::woordsoort::znw_v_ev
ṯazeyyat,Bottle,C1,znw_v_ev,tarifit::cefr::C1 tarifit::woordsoort::znw_v_ev
ṯazeyyaṯ ṯamezyanṯ,Bottle,C2,znw_v_ev,tarifit::cefr::C2 tarifit::woordsoort::znw_v_ev
ṯaziri,full moon,B2,znw_v_ev,tarifit::cefr::B2 tarifit::woordsoort::znw_v_ev
ṯazitunt,the olive,C1,znw_v_ev,tarifit::cefr::C1 tarifit::woordsoort::znw_v_ev
ṯazizwiṯ,Bee (insect),C1,znw_v_ev,tarifit::cefr::C1 tarifit::woordsoort::znw_v_ev
ṯazyawṯ,basket,B2,znw_v_ev,tarifit::cefr::B2 tarifit::woordsoort::znw_v_ev
ṯazzaaṯ,"the rake, the pitchfork",B2,znw_v_ev,tarifit::cefr::B2 tarifit::woordsoort::znw_v_ev
ṯazřent,the eel,B2,znw_v_ev,tarifit::cefr::B2 tarifit::woordsoort::znw_v_ev
ṯařa,the source,B1,znw_v_ev,tarifit::cefr::B1 tarifit::woordsoort::znw_v_ev
ṯaɛecmaaṯ,small beard,C1,znw_v_ev,tarifit::cefr::C1 tarifit::woordsoort::znw_v_ev
ṯaɛeddisṯ,the waist,C1,znw_v_ev,tarifit::cefr::C1 tarifit::woordsoort::znw_v_ev
ṯaɛjjacṯ,dust,C1,znw_v_ev,tarifit::cefr::C1 tarifit::woordsoort::znw_v_ev
ṯaɛzaacṯ,the young woman,C1,znw_v_ev,tarifit::cefr::C1 tarifit::woordsoort::znw_v_ev
ṯaɣesmiaṯ,the chin,C1,znw_v_ev,tarifit::cefr::C1 tarifit::woordsoort::znw_v_ev
ṯaɣezḏisṯ,the rib,C1,znw_v_ev,tarifit::cefr::C1 tarifit::woordsoort::znw_v_ev
ṯaɣmaaṯ (n) uɣiř,the elbow,C2,znw_v_ev,tarifit::cefr::C2 tarifit::woordsoort::znw_v_ev
ṯaɣmaa’ṯ,corner,C1,znw_v_ev,tarifit::cefr::C1 tarifit::woordsoort::znw_v_ev
ṯaɣrasṯ,the beehive,B2,znw_v_ev,tarifit::cefr::B2 tarifit::woordsoort::znw_v_ev
ṯaɣrutt,Shoulder,B2,znw_v_ev,tarifit::cefr::B2 tarifit::woordsoort::znw_v_ev
ṯaɣyutc,donkey,C1,ww,tarifit::cefr::C1 tarifit::woordsoort::ww
ṯaḇrat,"letter, the mail",B2,znw_v_ev,tarifit::cefr::B2 tarifit::woordsoort::znw_v_ev
ṯaḏeggwač,the mother-in-law (of a man),C1,znw_v_ev,tarifit::cefr::C1 tarifit::woordsoort::znw_v_ev
ṯaḏunt,fat,B2,znw_v_ev,tarifit::cefr::B2 tarifit::woordsoort::znw_v_ev
ṯaḏ’ufṯ,the wool,B2,znw_v_ev,tarifit::cefr::B2 tarifit::woordsoort::znw_v_ev
ṯaḥarrafṯ,the fan,C1,znw_v_ev,tarifit::cefr::C1 tarifit::woordsoort::znw_v_ev
ṯaḥebbucṯ,"grain, pimple, spot",C2,znw_m_mv,tarifit::cefr::C2 tarifit::woordsoort::znw_m_mv
ṯaḥnacṯ,the beam,B2,znw_v_ev,tarifit::cefr::B2 tarifit::woordsoort::znw_v_ev
ṯaḥrant,girl,B2,znw_v_ev,tarifit::cefr::B2 tarifit::woordsoort::znw_v_ev
ṯaḥrusṯ (n) umeǧǧun,the earlobe,C2,znw_v_ev,tarifit::cefr::C2 tarifit::woordsoort::znw_v_ev
ṯaṯa,the chameleon,B1,znw_v_ev,tarifit::cefr::B1 tarifit::woordsoort::znw_v_ev
ṯbiṯecṯ,small room,B2,ww,tarifit::cefr::B2 tarifit::woordsoort::ww
ṯcacaṯ,Pet,B2,ww,tarifit::cefr::B2 tarifit::woordsoort::ww
ṯcamma,Ball,B2,ww,tarifit::cefr::B2 tarifit::woordsoort::ww
ṯelṯemya,Three hundred,C1,ww,tarifit::cefr::C1 tarifit::woordsoort::ww
ṯenɛac,twelve,B2,ww,tarifit::cefr::B2 tarifit::woordsoort::ww
ṯeqṛa,Fried,B2,ww,tarifit::cefr::B2 tarifit::woordsoort::ww
ṯfawqṯ,Lamp,B2,ww,tarifit::cefr::B2 tarifit::woordsoort::ww
ṯfawṯ,light (lamp),B1,znw_v_ev,tarifit::cefr::B1 tarifit::woordsoort::znw_v_ev
ṯfuaḵeṯ,the forked branch,B2,znw,tarifit::cefr::B2 tarifit::woordsoort::znw
ṯfucṯ,Sun,B2,ww,tarifit::cefr::B2 tarifit::woordsoort::ww
ṯfusṯ,"small hand, dance round",B2,ww,tarifit::cefr::B2 tarifit::woordsoort::ww
ṯiajetṯ,the smoldering ashes,B2,znw_v_mv,tarifit::cefr::B2 tarifit::woordsoort::znw_v_mv
ṯiajeṯ,oven rack,B2,znw_v_mv,tarifit::cefr::B2 tarifit::woordsoort::znw_v_mv
ṯiccecṯ,the head louse,B2,znw_v_mv,tarifit::cefr::B2 tarifit::woordsoort::znw_v_mv
ṯiccewṯ,the arrow,B2,znw_v_mv,tarifit::cefr::B2 tarifit::woordsoort::znw_v_mv
ṯicfaaṯ,the padlock,B2,znw_v_mv,tarifit::cefr::B2 tarifit::woordsoort::znw_v_mv
ṯifray,To leaf through,B2,ww,tarifit::cefr::B2 tarifit::woordsoort::ww
ṯifḏent,Toe,B2,ww,tarifit::cefr::B2 tarifit::woordsoort::ww
ṯiggesṯ,tattoo,C2,znw_v_mv,tarifit::cefr::C2 tarifit::woordsoort::znw_v_mv
ṯiggwḏi / ṯiwḏi,Fear,B2,znw_v_mv,tarifit::cefr::B2 tarifit::woordsoort::znw_v_mv
ṯijaacřecṯ,the quail,C1,znw_v_mv,tarifit::cefr::C1 tarifit::woordsoort::znw_v_mv
ṯikeḏfet ṯarumecṯ,the termites,C2,znw_v_mv,tarifit::cefr::C2 tarifit::woordsoort::znw_v_mv
ṯilifun,Mobile,B2,znw_v_mv,tarifit::cefr::B2 tarifit::woordsoort::znw_v_mv
ṯimessi,"the fever, fire",B2,znw_v_mv,tarifit::cefr::B2 tarifit::woordsoort::znw_v_mv
ṯimmi,eyebrow,B2,znw_v_mv,tarifit::cefr::B2 tarifit::woordsoort::znw_v_mv
ṯinzaa,"nose, the nostril",B2,znw_v_mv,tarifit::cefr::B2 tarifit::woordsoort::znw_v_mv
ṯinɣi,the udder,B2,znw_v_mv,tarifit::cefr::B2 tarifit::woordsoort::znw_v_mv
ṯiscarṯ,Garlic,B2,znw_v_mv,tarifit::cefr::B2 tarifit::woordsoort::znw_v_mv
ṯisi,the bottom,B1,znw_v_mv,tarifit::cefr::B1 tarifit::woordsoort::znw_v_mv
ṯisi (n) ufus,the palm,C2,znw_v_mv,tarifit::cefr::C2 tarifit::woordsoort::znw_v_mv
ṯisiynefṯ,"pin, the injection",C1,znw_v_mv,tarifit::cefr::C1 tarifit::woordsoort::znw_v_mv
ṯisiṯ,Mirror,B2,znw_v_mv,tarifit::cefr::B2 tarifit::woordsoort::znw_v_mv
ṯitt,eye,B1,znw_v_mv,tarifit::cefr::B1 tarifit::woordsoort::znw_v_mv
ṯiwecca,tomorrow,C1,ww,tarifit::cefr::C1 tarifit::woordsoort::ww
ṯixsi,the ewe,B1,znw_v_mv,tarifit::cefr::B1 tarifit::woordsoort::znw_v_mv
ṯiyyaaṯ,the tree stump,B2,znw_v_mv,tarifit::cefr::B2 tarifit::woordsoort::znw_v_mv
ṯizi,"valley, corridor",B1,znw_v_mv,tarifit::cefr::B1 tarifit::woordsoort::znw_v_mv
ṯiziṯ,the midge or mosquito,B2,znw_v_mv,tarifit::cefr::B2 tarifit::woordsoort::znw_v_mv
ṯizzeč,the kidney,B2,znw_v_mv,tarifit::cefr::B2 tarifit::woordsoort::znw_v_mv
ṯizḏent,the palm tree,B2,znw_v_mv,tarifit::cefr::B2 tarifit::woordsoort::znw_v_mv
ṯiřefṯ,the sow,B2,znw_v_mv,tarifit::cefr::B2 tarifit::woordsoort::znw_v_mv
ṯiřetteṯ,little finger,C1,znw_v_mv,tarifit::cefr::C1 tarifit::woordsoort::znw_v_mv
ṯiři,shadow,C1,znw_v_mv,tarifit::cefr::C1 tarifit::woordsoort::znw_v_mv
ṯiřmecṯ,skin,B2,znw_v_mv,tarifit::cefr::B2 tarifit::woordsoort::znw_v_mv
ṯiɣaaɣaaṯ / kuzina,Kitchen,B2,ww,tarifit::cefr::B2 tarifit::woordsoort::ww
ṯiɣendin / řemqess / ṯimecraḏ,Pair of scissors,B2,znw_v_mv,tarifit::cefr::B2 tarifit::woordsoort::znw_v_mv
ṯiɣiṯ,smart,B2,znw_v_mv,tarifit::cefr::B2 tarifit::woordsoort::znw_v_mv
ṯiɣmesṯ,tooth,B2,znw_v_mv,tarifit::cefr::B2 tarifit::woordsoort::znw_v_mv
ṯiɣɣesṯ,hiccup,B2,ww,tarifit::cefr::B2 tarifit::woordsoort::ww
ṯiṭṭawin,Eyes,C1,ww,tarifit::cefr::C1 tarifit::woordsoort::ww
ṯkaceḍṯ,small glass,B2,ww,tarifit::cefr::B2 tarifit::woordsoort::ww
ṯkuppat,the head,B2,znw,tarifit::cefr::B2 tarifit::woordsoort::znw
ṯmaamiṭa,small saucepan,C1,ww,tarifit::cefr::C1 tarifit::woordsoort::ww
ṯmaaṯ,beard,B2,ww,tarifit::cefr::B2 tarifit::woordsoort::ww
ṯmaqřaṭ,small frying pan,B2,ww,tarifit::cefr::B2 tarifit::woordsoort::ww
ṯmenya,eight,A1,telw,tarifit::cefr::A1 tarifit::woordsoort::telw
ṯmijja,"throat, the voice",B2,znw,tarifit::cefr::B2 tarifit::woordsoort::ww
ṯnayen,two,B2,ww,tarifit::cefr::B2 tarifit::woordsoort::ww
ṯpaḇut / ṯabrikṯ n waman,"turkey, duck",B2,ww,tarifit::cefr::B2 tarifit::woordsoort::ww
ṯqaaqra,frog,B2,ww,tarifit::cefr::B2 tarifit::woordsoort::ww
ṯqiccit,the top,B2,znw,tarifit::cefr::B2 tarifit::woordsoort::znw
ṯracca,the fishing net,B2,znw,tarifit::cefr::B2 tarifit::woordsoort::znw
ṯrankir / aas,Calm,B1,znw_m_ev,tarifit::cefr::B1 tarifit::woordsoort::znw_m_ev
ṯriko,Sweater,B2,ww,tarifit::cefr::B2 tarifit::woordsoort::ww
ṯriq salama,Have a nice trip,C2,ww,tarifit::cefr::C2 tarifit::woordsoort::ww
ṯsa,liver,B1,ww,tarifit::cefr::B1 tarifit::woordsoort::ww
ṯsappa,the spade,B2,znw,tarifit::cefr::B2 tarifit::woordsoort::znw
ṯsaɛaṯ,Watch,B2,ww,tarifit::cefr::B2 tarifit::woordsoort::ww
ṯsiřit,shoe,B2,ww,tarifit::cefr::B2 tarifit::woordsoort::ww
ṯsunta,the kissing,B2,znw,tarifit::cefr::B2 tarifit::woordsoort::znw
ṯteffaḥ,Apple,B2,ww,tarifit::cefr::B2 tarifit::woordsoort::ww
ṯucenṯ,female jackal,B2,ww,tarifit::cefr::B2 tarifit::woordsoort::ww
ṯuffet,the swelling,B2,znw,tarifit::cefr::B2 tarifit::woordsoort::znw
ṯusuṯ,Cough,B2,ww,tarifit::cefr::B2 tarifit::woordsoort::ww
ṯwaṛa / muṛ,Time,B1,ww,tarifit::cefr::B1 tarifit::woordsoort::ww
ṯxaḏent,ring,B2,ww,tarifit::cefr::B2 tarifit::woordsoort::ww
ṯyazit,chicken,B2,ww,tarifit::cefr::B2 tarifit::woordsoort::ww
ṯzayaaṯ,the vine,B2,znw,tarifit::cefr::B2 tarifit::woordsoort::znw
ṯzayyiṯ / ṣṣala,Prayer,B2,ww,tarifit::cefr::B2 tarifit::woordsoort::ww
ṯzuwɣeḏ,Blushing,B2,ww,tarifit::cefr::B2 tarifit::woordsoort::ww
ṯřaṯa,three,A1,telw,tarifit::cefr::A1 tarifit::woordsoort::telw
ṯřaṯa (n) imuan,three times,C2,ww,tarifit::cefr::C2 tarifit::woordsoort::ww
ṯřima,the chisel,B2,znw,tarifit::cefr::B2 tarifit::woordsoort::znw
ṯřima,the grindstone,B2,znw,tarifit::cefr::B2 tarifit::woordsoort::znw
ṯřixṯ,clay,B2,ww,tarifit::cefr::B2 tarifit::woordsoort::ww
ṯžaḏjiṯ,the oath,B2,znw,tarifit::cefr::B2 tarifit::woordsoort::znw
ṯɣaasṯ,the sacrifice,B2,znw,tarifit::cefr::B2 tarifit::woordsoort::znw
ṯɣaaḏent,Scorpio,C1,ww,tarifit::cefr::C1 tarifit::woordsoort::ww
ṯɣaṯ / aɛeṯrus,goat,B1,znw_m_ev,tarifit::cefr::B1 tarifit::woordsoort::znw_m_ev
ṯḥanett,"the workshop, shop",B2,znw,tarifit::cefr::B2 tarifit::woordsoort::znw
ṯṣawaṛ,Photo,B2,ww,tarifit::cefr::B2 tarifit::woordsoort::ww
ṯṯarix,History,B2,ww,tarifit::cefr::B2 tarifit::woordsoort::ww
ṯṯayriba,Experience,C1,ww,tarifit::cefr::C1 tarifit::woordsoort::ww
ṯṯram / ḥḏeq,dark,B1,ww,tarifit::cefr::B1 tarifit::woordsoort::ww
ẓer,Lie,B1,ww,tarifit::cefr::B1 tarifit::woordsoort::ww
ẓwa,Cross over,B1,ww,tarifit::cefr::B1 tarifit::woordsoort::ww
ẓẓu,plants,C2,ww,tarifit::cefr::C2 tarifit::woordsoort::ww
"﻿""Berbers""",English,niveau,woordsoort,anki_tag
