tarifit,nl,en,gloss,hoofdstuk,les,bron,tags
yessawar,hij spreekt,he speaks,,,,boek p. 17,id:p17-01;context:glosses-and-abbreviations
tessawarent,jij spreekt,you speak,,,,boek p. 17,id:p17-02;context:glosses-and-abbreviations
ssiwef,spreek!,speak!,,,,boek p. 17,id:p17-03;context:glosses-and-abbreviations
iřes,tong,tongue,,,,boek p. 23,id:p23-01;context:vowels
ifess-a,deze tong,this tongue,,,,boek p. 23,id:p23-02;context:vowels
ifess inu,mijn tong,my tongue,,,,boek p. 23,id:p23-03;context:vowels
ssfehmey,ik deed begrijpen,I made understand,,,,boek p. 23,id:p23-04;context:vowels
ssfehmeyy-as,ik deed hem begrijpen,I made him understand,,,,boek p. 23,id:p23-05;context:vowels
yessefhem,hij legde uit,he explained,,,,boek p. 23,id:p23-06;context:vowels
yessfehm-as,hij legde het hem uit,he explained to him,,,,boek p. 23,id:p23-07;context:vowels
yessefhem ayyaw inu > yessfehm ayyaw inu,hij deed mijn kleinzoon begrijpen,he made my grandson understand,,,,boek p. 23,id:p23-08;context:vowels
yexs,hij wil,he wants,,,,boek p. 23,id:p23-09;context:vowels
semset,wikkel! (meervoud),wrap! (plural),,,,boek p. 23,id:p23-10;context:vowels
yeddaa,hij woont,he lives,,,,boek p. 24,id:p24-01;context:stops-and-spirantized-consonants
yendu,hij sprong,he jumped,,,,boek p. 24,id:p24-02;context:stops-and-spirantized-consonants
gewweḏ,leiden,to lead,,,,boek p. 24,id:p24-03;context:stops-and-spirantized-consonants
uyua,loop!,walk!,,,,boek p. 25,id:p25-01;context:stops-and-spirantized-consonants
nzum,wij vastten,we fasted,,,,boek p. 25,id:p25-02;context:pharyngealization
yegwa,het kookte,it cooked,,,,boek p. 26,id:p26-01;context:back-consonants
gwaman < n waman,van het water,of the water,,,,boek p. 26,id:p26-02;context:back-consonants
yeddakkwaf,hij gaat altijd terug,he always goes back,,,,boek p. 26,id:p26-03;context:labialized-consonants
yeqfa,hij bakte,he fried,,,,boek p. 26,id:p26-04;context:l-and-r
iqeǧa,hij bakt altijd,he always fries,,,,boek p. 26,id:p26-05;context:l-and-r
*yekker > yekkaa,hij stond op,he stood up,,,,boek p. 27,id:p27-01;context:r-and-rr
*yekka > yekka,hij ging voorbij,he passed,,,,boek p. 27,id:p27-02;context:r-and-rr
*yebda > yebda,hij verdeelde,he divided,,,,boek p. 27,id:p27-03;context:r-and-rr
ari,ga omhoog!,go up!,,,,boek p. 27,id:p27-04;context:r-and-rr
yezdeɣ,hij woont,he lives,,,,boek p. 27,id:p27-05;context:geminated-consonants
izeddeɣ,hij woont altijd,he always lives,,,,boek p. 27,id:p27-06;context:geminated-consonants
tessfehmedd-as,jij deed hem begrijpen,you made him understand,,,,boek p. 28,id:p28-01;context:geminated-consonants
yendu,hij sprong,he jumped,,,,boek p. 28,id:p28-02;context:geminated-consonants
inettu,hij springt altijd,he always jumps,,,,boek p. 28,id:p28-03;context:geminated-consonants
yedwer,hij werd,he became,,,,boek p. 28,id:p28-04;context:geminated-consonants
yeddakk^ar,hij wordt altijd,he always becomes,,,,boek p. 28,id:p28-05;context:geminated-consonants
yenɣa,hij doodde,he killed,,,,boek p. 28,id:p28-06;context:geminated-consonants
ineqq,hij doodt altijd,he always kills,,,,boek p. 28,id:p28-07;context:geminated-consonants
yemfes,hij trouwde,he married,,,,boek p. 28,id:p28-08;context:geminated-consonants
imedzes,hij trouwt altijd,he always marries,,,,boek p. 28,id:p28-09;context:geminated-consonants
weddqq,verloren zijn,to be lost,,,,boek p. 28,id:p28-10;context:geminated-consonants
yewzen,hij woog,he weighed,,,,boek p. 28,id:p28-11;context:semivowels-and-high-vowels
yudef,hij kwam binnen,he came in,,,,boek p. 28,id:p28-12;context:semivowels-and-high-vowels
yefhem,hij begreep,he understood,,,,boek p. 28,id:p28-13;context:semivowels-and-high-vowels
ifehm-as,hij begreep hem,he understood him,,,,boek p. 28,id:p28-14;context:semivowels-and-high-vowels
*yufey > yu n,hij ging omhoog,he went up,,,,boek p. 28,id:p28-15;context:semivowels-and-high-vowels
ufyen,zij gingen omhoog,they went up,,,,boek p. 28,id:p28-16;context:semivowels-and-high-vowels
*yendew > yendu,hij sprong,he jumped,,,,boek p. 28,id:p28-17;context:semivowels-and-high-vowels
nedwen,zij sprongen,they jumped,,,,boek p. 28,id:p28-18;context:semivowels-and-high-vowels
zrixt (< *zriɣ-t),ik zag hem,I saw him,,,,boek p. 28,id:p28-19;context:lack-of-spirantization-in-word-final-consonant-clusters
yiwyast (< yiwy-as-t),hij bracht het naar hem,he brought it to him,,,,boek p. 28,id:p28-20;context:lack-of-spirantization-in-word-final-consonant-clusters
zrixt (< *zriɣ-t),ik zag hem,I saw him,,,,boek p. 29,id:p29-01;context:assimilations-with-t-and-t
t tamɣaat (< d tamɣaat),het is een vrouw,it is a woman,,,,boek p. 29,id:p29-02;context:assimilations-with-t-and-t
attawi (< *a d-tawi),zij zal hierheen brengen,she will bring here,,,,boek p. 29,id:p29-03;context:assimilations-with-t-and-t
tyennzen dinni,zij zingen daar,they sing there,,,,boek p. 30,id:p30-01;context:lack-of-spirantization-after-alveolar-nasals
a kisen tecc,zij zou met hen eten,she would eat with them,,,,boek p. 30,id:p30-02;context:lack-of-spirantization-after-alveolar-nasals
ijjen tmettut > izzentmettut,een vrouw,a woman,,,,boek p. 30,id:p30-03;context:lack-of-spirantization-after-alveolar-nasals
haha-s n thenjiat > baba-s n thenjiat,de vader van het meisje,the father of the girl,,,,boek p. 30,id:p30-04;context:lack-of-spirantization-after-alveolar-nasals
n necc d necc,ik ben het,it’s me,,,,boek p. 30,id:p30-05;context:other-consonant-assimilations
a teffeɣ < ad tejfey,zij zal naar buiten gaan,she will go out,,,,boek p. 30,id:p30-06;context:other-consonant-assimilations
a nejfeɣ < ad nejfey,wij zullen naar buiten gaan,we will go out,,,,boek p. 30,id:p30-07;context:other-consonant-assimilations
yiwy-az-d ^yiwy-as-d,hij bracht naar hem hierheen,he brought to him over here,,,,boek p. 30,id:p30-08;context:other-consonant-assimilations
degg ifri (< *di yifri),in de grot,in the cave,,,,boek p. 30,id:p30-09;context:other-consonant-assimilations
zzegg duraa (< zzi iduraa),van de bergen,from the mountains,,,,boek p. 30,id:p30-10;context:other-consonant-assimilations
deggwfunas (< *di ufunas),in de os,in the ox,,,,boek p. 30,id:p30-11;context:other-consonant-assimilations
zeggwdraa (< *zi wedraa),van de berg,from the mountain,,,,boek p. 30,id:p30-12;context:other-consonant-assimilations
igg ffɣen,dat naar buiten is gegaan,that has gone out,,,,boek p. 30,id:p30-13;context:other-consonant-assimilations
wigg nnan,wie zei,who said,,,,boek p. 30,id:p30-14;context:other-consonant-assimilations
ṯaddaaṯ uzeǧid,het huis van de koning,the house of the king,,,,boek p. 31,id:p31-01;context:irregular-variations-of-n-'of'-and-ijjen-'one'
ameddukeř ama,een vriend van mijn broer,a friend of my brother,,,,boek p. 31,id:p31-02;context:irregular-variations-of-n-'of'-and-ijjen-'one'
ca imendi,wat gerst,some barley,,,,boek p. 31,id:p31-03;context:irregular-variations-of-n-'of'-and-ijjen-'one'
ijj ujeǧid,een koning,a king,,,,boek p. 31,id:p31-04;context:irregular-variations-of-n-'of'-and-ijjen-'one'
cwayt D weysum,een beetje vlees,a little bit of meat,,,,boek p. 31,id:p31-05;context:irregular-variations-of-n-'of'-and-ijjen-'one'
m midden,van (andere) mensen,of (other) people,,,,boek p. 31,id:p31-06;context:irregular-variations-of-n-'of'-and-ijjen-'one'
Fadma,van Fadma,of Fadma,,,,boek p. 31,id:p31-07;context:irregular-variations-of-n-'of'-and-ijjen-'one'
p pulisiyya,van de politie,of the police,,,,boek p. 31,id:p31-08;context:irregular-variations-of-n-'of'-and-ijjen-'one'
xači,van mijn tante (moederskant),of my maternal aunt,,,,boek p. 31,id:p31-09;context:irregular-variations-of-n-'of'-and-ijjen-'one'
hḥenna,van mijn grootmoeder,of my grandmother,,,,boek p. 31,id:p31-10;context:irregular-variations-of-n-'of'-and-ijjen-'one'
e ɛenti,van mijn tante (vaderskant),of my paternal aunt,,,,boek p. 31,id:p31-11;context:irregular-variations-of-n-'of'-and-ijjen-'one'
I lalla,van mijn meesteres,of my mistress,,,,boek p. 31,id:p31-12;context:irregular-variations-of-n-'of'-and-ijjen-'one'
n řeḇḥaa > n nebhaa,van de zee,of the sea,,,,boek p. 31,id:p31-13;context:irregular-variations-of-n-'of'-and-ijjen-'one'
ijjen řeḇḥaa > ijjen nebhaa,een zee,a sea,,,,boek p. 31,id:p31-14;context:irregular-variations-of-n-'of'-and-ijjen-'one'
aayaz-a d ayyaw nnes,deze man (FS) is zijn kleinzoon (FS),this man (FS) is his grandson (FS),,,,boek p. 35,id:p35-01;context:state
yessawar taspamut,hij spreekt Spaans (FS),he speaks Spanish (FS),,,,boek p. 35,id:p35-02;context:state
"aayaz-enni, yeqqim di ḇarra","die man (FS), hij bleef buiten","that man (FS), he remained outside",,,,boek p. 35,id:p35-03;context:state
yuzzer ar aqidun nnes,hij rende tot zijn tent (FS),he ran until his tent (FS),,,,boek p. 35,id:p35-04;context:state
tus-ed ḇřa aayaz nnes,zij kwam zonder haar man (FS),she came without her husband (FS),,,,boek p. 35,id:p35-05;context:state
yeqqim waayaz di ḇarra,de man (AS) bleef buiten,the man (AS) remained outside,,,,boek p. 36,id:p36-01;context:state
baba-s n waayaz,de vader van de man (AS),the father of the man (AS),,,,boek p. 36,id:p36-02;context:state
yeccur-it s waman,hij vulde het met water (AS),he filled it with water (AS),,,,boek p. 36,id:p36-03;context:state
"d asemmam, uɣi-ɣa","het is zuur, deze melk (AS)","it is sour, this milk (AS)",,,,boek p. 36,id:p36-04;context:state
s uɣi asemmam,met de karnemelk (lett. zure melk),with the buttermilk (lit. sour milk),,,,boek p. 36,id:p36-05;context:state
n waayaz ameqqṛan,van de grote (FS) man (AS),of the big (FS) man (AS),,,,boek p. 36,id:p36-06;context:state
ḥennas n Nacima,de (lett.: haar) grootmoeder van Naïma,the (lit.: her) grandmother of Naïma,,,,boek p. 46,id:p46-01;context:pre-nominal-elements
ayyaw n Nacima,de kleinzoon van Naima,the grandson of Naima,,,,boek p. 46,id:p46-02;context:pre-nominal-elements
n yayt-sɛid,van de Ayt Said,of the Ayt Said,,,,boek p. 47,id:p47-01;context:pre-nominal-elements
qqim,ga zitten!,sit down!,,,,boek p. 48,id:p48-01;context:conjugation
qqimeɣ,ik zit,I sit,,,,boek p. 48,id:p48-02;context:conjugation
teqqimed,jij zit,you sit,,,,boek p. 48,id:p48-03;context:conjugation
yeqqim,hij zit,he sits,,,,boek p. 48,id:p48-04;context:conjugation
teqqim,zij zit,she sits,,,,boek p. 48,id:p48-05;context:conjugation
neqqim,wij zitten,we sit,,,,boek p. 48,id:p48-06;context:conjugation
teqqimem,jullie (mannen) zitten,you (men) sit,,,,boek p. 48,id:p48-07;context:conjugation
teqqiment,jullie (vrouwen) zitten,you (women) sit,,,,boek p. 48,id:p48-08;context:conjugation
qqimen,zij (mannen) zitten,they (men) sit,,,,boek p. 48,id:p48-09;context:conjugation
qqiment,zij (vrouwen) zitten,they (women) sit,,,,boek p. 48,id:p48-10;context:conjugation
neqqimet,laten we zitten,let’s sit,,,,boek p. 49,id:p49-01;context:conjugation
neqqiment,laten we zitten (vrouwen),let’s sit (women),,,,boek p. 49,id:p49-02;context:conjugation
yeqqimen,(die/dat) zit(ten),(that) sit(s),,,,boek p. 49,id:p49-03;context:conjugation
yudef,hij ging naar binnen,he went in,,,,boek p. 49,id:p49-04;context:conjugation
yaawer,hij vluchtte,he fled,,,,boek p. 49,id:p49-05;context:conjugation
isedzem,hij groette,he greeted,,,,boek p. 49,id:p49-06;context:conjugation
snef,rooster!,roast!,,,,boek p. 49,id:p49-07;context:conjugation
senfeɣ,ik roosterde,I roasted,,,,boek p. 49,id:p49-08;context:conjugation
yeɛfu,hij vergaf,he forgave,,,,boek p. 50,id:p50-01;context:conjugation
ɛfun,zij vergaven,they forgave,,,,boek p. 50,id:p50-02;context:conjugation
yeksi,hij nam,he took,,,,boek p. 50,id:p50-03;context:conjugation
ksin,zij namen,they took,,,,boek p. 50,id:p50-04;context:conjugation
yeswia aman,hij heeft water gedronken,he has drunk water,,,,boek p. 52,id:p52-01;context:transitivity-and-valency
yeswa,hij heeft gedronken,he has drunk,,,,boek p. 52,id:p52-02;context:transitivity-and-valency
yesra i wawar,hij hoorde de woorden (meewerkend voorwerp),he heard the words (indirect object),,,,boek p. 52,id:p52-03;context:transitivity-and-valency
iɛemmaa aqbuc nnes,hij heeft zijn waterkruik gevuld,he has filled his water jar,,,,boek p. 52,id:p52-04;context:transitivity-and-valency
iɛemmaa weqbuc nnes,zijn waterkruik is gevuld,his water jar is filled,,,,boek p. 52,id:p52-05;context:transitivity-and-valency
ggenfa,genezen worden,to be cured,,,,boek p. 52,id:p52-06;context:the-causative-prefix-ss-
sgenfa,genezen (iemand),to heal (somebody),,,,boek p. 52,id:p52-07;context:the-causative-prefix-ss-
azzeř,rennen,to run,,,,boek p. 52,id:p52-08;context:the-causative-prefix-ss-
ssizzeř,laten rennen,to make run,,,,boek p. 52,id:p52-09;context:the-causative-prefix-ss-
cc,eten,to eat,,,,boek p. 52,id:p52-10;context:the-causative-prefix-ss-
ssecc,voeden,to feed,,,,boek p. 52,id:p52-11;context:the-causative-prefix-ss-
iaḏ,dragen,to wear,,,,boek p. 52,id:p52-12;context:the-causative-prefix-ss-
ssiaḏ,aankleden (iemand),to dress (somebody),,,,boek p. 52,id:p52-13;context:the-causative-prefix-ss-
ffey,naar buiten gaan,to go out,,,,boek p. 53,id:p53-01;context:the-causative-prefix-ss-
ssufey,naar buiten laten gaan,to let out,,,,boek p. 53,id:p53-02;context:the-causative-prefix-ss-
kkaa,opstaan,to rise,,,,boek p. 53,id:p53-03;context:the-causative-prefix-ss-
sekkaa,laten opstaan,to make rise,,,,boek p. 53,id:p53-04;context:the-causative-prefix-ss-
aḏef,naar binnen gaan,to go in,,,,boek p. 53,id:p53-05;context:the-causative-prefix-ss-
ssidef,naar binnen laten gaan,to let in,,,,boek p. 53,id:p53-06;context:the-causative-prefix-ss-
řaɣa,roepen,to call,,,,boek p. 53,id:p53-07;context:the-middle-prefix-mm-
mřaɣa,elkaar roepen,to call each other,,,,boek p. 53,id:p53-08;context:the-middle-prefix-mm-
nɣ,doden,to kill,,,,boek p. 53,id:p53-09;context:the-middle-prefix-mm-
mneɣ,vechten (lett. elkaar doden),to fight (lit. to kill each other),,,,boek p. 53,id:p53-10;context:the-middle-prefix-mm-
ndaa,gooien,to throw,,,,boek p. 53,id:p53-11;context:the-middle-prefix-mm-
mmenḍaa,gegooid worden,to be thrown,,,,boek p. 53,id:p53-12;context:the-middle-prefix-mm-
aani,toevoegen,to add,,,,boek p. 53,id:p53-13;context:the-middle-prefix-mm-
mmaani,toegevoegd worden,to be added,,,,boek p. 53,id:p53-14;context:the-middle-prefix-mm-
temmenz ttumuhin-nni,de auto is verkocht,the car has been sold,,,,boek p. 53,id:p53-15;context:the-middle-prefix-mm-
tetmenza ttumubin-nni,de auto is verkoopbaar,the car is sellable,,,,boek p. 53,id:p53-16;context:the-middle-prefix-mm-
yewta ixef nnes,hij sloeg zichzelf,he hit himself,,,,boek p. 53,id:p53-17;context:the-middle-prefix-mm-
nraja ayawya,wij wachtten op elkaar,we waited for each other,,,,boek p. 53,id:p53-18;context:the-middle-prefix-mm-
nraja ijjen d wenneyni,wij wachtten op elkaar,we waited for each other,,,,boek p. 53,id:p53-19;context:the-middle-prefix-mm-
aḏes,dichtbij zijn,to be near,,,,boek p. 54,id:p54-01;context:the-middle-prefix-mm-
mřaḏas,dicht bij elkaar zijn,to be near to each other,,,,boek p. 54,id:p54-02;context:the-middle-prefix-mm-
wweṯ,slaan,to hit,,,,boek p. 54,id:p54-03;context:the-middle-prefix-mm-
mřewṯa,elkaar slaan,to hit each other,,,,boek p. 54,id:p54-04;context:the-middle-prefix-mm-
ḏfes,vouwen,to fold,,,,boek p. 54,id:p54-05;context:the-middle-prefix-mm-
nneḍfes,gevouwen worden,to be fold,,,,boek p. 54,id:p54-06;context:the-middle-prefix-mm-
aazem,"openen, open zijn","to open, to be open",,,,boek p. 54,id:p54-07;context:the-middle-prefix-mm-
nnuaẓem,geopend worden,to be opened,,,,boek p. 54,id:p54-08;context:the-middle-prefix-mm-
ffaa,verstoppen (iets/zichzelf),to hide (something/oneself),,,,boek p. 54,id:p54-09;context:the-middle-prefix-mm-
nnujfaa,verstopt worden,to be hid,,,,boek p. 54,id:p54-10;context:the-middle-prefix-mm-
qṛeb,(iets) omdraaien,to turn (sth.) around,,,,boek p. 54,id:p54-11;context:the-middle-prefix-mm-
nneqreb,zichzelf omdraaien,to turn (oneself) around,,,,boek p. 54,id:p54-12;context:the-middle-prefix-mm-
ẓẓu,planten,to plant,,,,boek p. 54,id:p54-13;context:the-passive-prefix-twa-
ṯwazzu,geplant worden,to be planted,,,,boek p. 54,id:p54-14;context:the-passive-prefix-twa-
cc,eten,to eat,,,,boek p. 54,id:p54-15;context:the-passive-prefix-twa-
ṯwacc,gegeten worden,to be eaten,,,,boek p. 54,id:p54-16;context:the-passive-prefix-twa-
icaaz ufeǧah iyyaa,de boer ploegde het veld,the farmer ploughed the field,,,,boek p. 54,id:p54-17;context:the-passive-prefix-twa-
icaaz yiyyaa,het veld is geploegd,the field is ploughed,,,,boek p. 54,id:p54-18;context:the-passive-prefix-twa-
yetwacaaz yiyyaa,het veld is geploegd,the field has been ploughed,,,,boek p. 54,id:p54-19;context:the-passive-prefix-twa-
neɣ,doden,to kill,,,,boek p. 55,id:p55-01;context:combined-derivations
mneɣ,vechten,to fight,,,,boek p. 55,id:p55-02;context:combined-derivations
ssemney,laten vechten,to make fight,,,,boek p. 55,id:p55-03;context:combined-derivations
ṛqa,ontmoeten,to meet,,,,boek p. 55,id:p55-04;context:combined-derivations
mseřqa,elkaar ontmoeten,to meet e.o.,,,,boek p. 55,id:p55-05;context:combined-derivations
semserqa,elkaar laten ontmoeten,to make meet e.o.,,,,boek p. 55,id:p55-06;context:combined-derivations
azzeř,rennen,to run,,,,boek p. 55,id:p55-07;context:combined-derivations
ssizzeř,laten rennen,to make run,,,,boek p. 55,id:p55-08;context:combined-derivations
ṯwasizzeř,gemaakt worden om te rennen,to be made/let run,,,,boek p. 55,id:p55-09;context:combined-derivations
necc d Mimun,ik ben Mimoun,I am Mimoun,,,,boek p. 62,id:p62-01;context:free-pronouns
d necc,ik ben het,it’s me,,,,boek p. 62,id:p62-02;context:free-pronouns
"necc, yesseqsa-ayi Minmn","wat mij betreft, Mimoun heeft mij gevraagd","as for me, Mimoun has asked me",,,,boek p. 63,id:p63-01;context:free-pronouns
"tezr-it, netta","zij heeft hem gezien, hem","she has seen him, him",,,,boek p. 63,id:p63-02;context:free-pronouns
udaabbi wanita d arifi am cekk,deze is waarschijnlijk een Rifijn zoals jij,this one is probably a Riffian like you,,,,boek p. 63,id:p63-03;context:free-pronouns
qa-ten diha = qa-yen diha,zij zijn daarginds,they are over there,,,,boek p. 64,id:p64-01;context:bound-pronouns
yessufɣ-it,hij heeft hem naar buiten laten gaan,he has let him out,,,,boek p. 64,id:p64-02;context:bound-pronouns
yemjaa,hij heeft geoogst,he has harvested,,,,boek p. 64,id:p64-03;context:bound-pronouns
yemjar-it,hij heeft het geoogst,he has harvested it,,,,boek p. 64,id:p64-04;context:bound-pronouns
yecc-it,hij heeft het gegeten,he has eaten it,,,,boek p. 64,id:p64-05;context:bound-pronouns
yessru-ten,hij deed hen huilen,he made them cry,,,,boek p. 64,id:p64-06;context:bound-pronouns
ssufɣex-t,ik heb hem naar buiten laten gaan,I have let him out,,,,boek p. 64,id:p64-07;context:bound-pronouns
wi dayi-yessufɣen?,wie heeft mij naar buiten laten gaan?,who has made me go out?,,,,boek p. 64,id:p64-08;context:bound-pronouns
wsiɣ-as pabu,ik gaf hem een kalkoen,I gave him a turkey,,,,boek p. 65,id:p65-01;context:indirect-object-pronouns
wi das-yewsin pabu,wie gaf hem een kalkoen?,who gave him a turkey?,,,,boek p. 65,id:p65-02;context:indirect-object-pronouns
wsiɣ pabu i Mimun,ik heb een kalkoen aan Mimoun gegeven,I has given a turkey to Mimoun,,,,boek p. 65,id:p65-03;context:indirect-object-pronouns
wsiɣ-as pabu i Mimun,ik heb (aan hem) de kalkoen aan Mimoun gegeven,I have given (to him) the turkey to Mimoun,,,,boek p. 65,id:p65-04;context:indirect-object-pronouns
yedwer-d ɣaa Nnadua,hij is teruggekomen naar Nador,he has come back to Nador,,,,boek p. 65,id:p65-05;context:the-deictic-clitic-d-'hither'
yedwer ɣaa Nnadua,hij is teruggegaan naar Nador,he has gone back to Nador,,,,boek p. 65,id:p65-06;context:the-deictic-clitic-d-'hither'
min d-yesɣa zzi ssuq?,wat heeft hij (hierheen) van de markt gekocht?,what did he buy (hither) from the market?,,,,boek p. 65,id:p65-07;context:the-deictic-clitic-d-'hither'
tessqaaqeh-d ijjen temɣaat,een vrouw klopte (hierheen) op de deur,a woman knocked (hither) on the door,,,,boek p. 66,id:p66-01;context:the-deictic-clitic-d-'hither'
yessiwd-it-id,hij heeft hem (hierheen) gebracht,he has brought him (here),,,,boek p. 66,id:p66-02;context:the-deictic-clitic-d-'hither'
yessiwd-icent-id,hij heeft jullie (vr. mv.) (hierheen) gebracht,he has brought you (F:PL) (here),,,,boek p. 66,id:p66-03;context:the-deictic-clitic-d-'hither'
yessiwd-itent-id,hij heeft hen (vr. mv.) (hierheen) gebracht,he has brought them (F:PL) (here),,,,boek p. 66,id:p66-04;context:the-deictic-clitic-d-'hither'
yus-ed,hij is gekomen,he has come,,,,boek p. 66,id:p66-05;context:the-deictic-clitic-d-'hither'
yiwy-ac-t-id,hij heeft hem (t) hierheen (id) naar jou (as) gebracht,he has brought him (t) here (id) to you (as),,,,boek p. 66,id:p66-06;context:combinations-of-verbal-clitics
waa dac-t-id-yiwiy,hij heeft hem (t) niet hierheen (id) naar jou (as) gebracht,he has not brought him (t) here (id) to you (as),,,,boek p. 66,id:p66-07;context:combinations-of-verbal-clitics
a t-awyeɣ nniṭ,ik zal haar zelf trouwen,I will marry her myself,,,,boek p. 68,id:p68-01;context:emphasizers
insi tuɣa ixemmer ṯaḏunt-enni nniṭ,de Egel had het vet zelf verstopt,Hedhehog had hidden the grease himself,,,,boek p. 68,id:p68-02;context:emphasizers
usiɣ-d necc simant inu,ik kwam zelf,I came myself,,,,boek p. 68,id:p68-03;context:emphasizers
ad yaaggweh,"hij zal naar huis gaan, hij zou naar huis kunnen gaan, hij zou naar huis moeten gaan","he will go home, he might go home, he should go home",,,,boek p. 72,id:p72-01;context:modal-preverbal-clitics
ad teggenfa > a teggenfa,zij zal herstellen,she will recover,,,,boek p. 72,id:p72-02;context:modal-preverbal-clitics
a t-yesgenfa,hij zal hem genezen,he will heal him,,,,boek p. 72,id:p72-03;context:modal-preverbal-clitics
a c-yesgenfa,hij zal jou genezen,he will heal you,,,,boek p. 72,id:p72-04;context:modal-preverbal-clitics
min ɣa negg,wat zullen we doen?,what shall we do?,,,,boek p. 72,id:p72-05;context:modal-preverbal-clitics
umi ɣa yemmet...,toen hij gestorven was...,when he had died...,,,,boek p. 72,id:p72-06;context:modal-preverbal-clitics
xa tdu,zij zal (zeker) wegvliegen,she will (certainly) fly away,,,,boek p. 73,id:p73-01;context:modal-preverbal-clitics
waa teqqim ca,zij bleef niet,she did not stay,,,,boek p. 73,id:p73-02;context:negative-preverbal-clitics
waa t-zriɣ ca,ik zag haar niet,I did not see her,,,,boek p. 73,id:p73-03;context:negative-preverbal-clitics
wiř ggua ca ~ wi ggua ca ~ waa ggua ca,ga niet!,don’t go!,,,,boek p. 73,id:p73-04;context:negative-preverbal-clitics
waa gguan ca,zij zullen niet lopen,they will not walk,,,,boek p. 73,id:p73-05;context:combination-of-preverbal-clitics
yiwy-am-t-id zzayes,hij bracht hem (t) hierheen (d) naar jou (am) ermee (zzayes) (bv. met de auto),he brought him (t) hither (d) to you (am) with it (zzayes) (e.g. with the car),,,,boek p. 73,id:p73-06;context:moveable-clitics
a t zzayes yawi,hij zal hem ermee brengen,he will bring him with it,,,,boek p. 74,id:p74-01;context:clitic-fronting
a t-yawi zzayes,hij zal hem ermee brengen,he will bring him with it,,,,boek p. 74,id:p74-02;context:clitic-fronting
a ssenni nekk ?,zullen we daarlangs gaan?,shall we pass by there?,,,,boek p. 74,id:p74-03;context:clitic-fronting
a nekk ssenni ?,zullen we daarlangs gaan?,shall we pass by there?,,,,boek p. 74,id:p74-04;context:clitic-fronting
a dam-t-id zzayes yawi,hij zal hem (t) hierheen (d) naar jou (am) ermee (zzayes) brengen,he will bring him (t) hither (d) to you (am) with it (zzayes),,,,boek p. 74,id:p74-05;context:clitic-fronting
a cem-awyeɣ,ik zal met je trouwen,I will marry you,,,,boek p. 74,id:p74-06;context:clitic-fronting
waa cem-tiwyeɣ ca,ik zal niet met je trouwen,I will not marry you,,,,boek p. 74,id:p74-07;context:clitic-fronting
aayaz d-yusin,de man die hierheen gekomen is,the man that has come here,,,,boek p. 74,id:p74-08;context:clitic-fronting
aayaz i d-iwyeɣ,de man die ik hierheen gebracht heb,the man that I have brought here,,,,boek p. 74,id:p74-09;context:clitic-fronting
d baba i d-yiwden,het is mijn vader die hier is aangekomen,it is my father who has arrived here,,,,boek p. 75,id:p75-01;context:clitic-fronting
wi d-yusin?,wie is hier gekomen?,who has come here?,,,,boek p. 75,id:p75-02;context:clitic-fronting
umi d-yusa,toen hij hier kwam,when he came here,,,,boek p. 75,id:p75-03;context:clitic-fronting
ar d-tased,totdat jij (hier) komt,until you come (here),,,,boek p. 75,id:p75-04;context:clitic-fronting
meɛlik d-yusa,als hij gekomen zou zijn,if he would have come,,,,boek p. 75,id:p75-05;context:clitic-fronting
qbeř d ɣa yas,voordat hij komt,before he will come,,,,boek p. 75,id:p75-06;context:clitic-fronting
arruḏ-enni ɣa niqd,de kleren die we gaan dragen,the clothes that we are going to wear,,,,boek p. 75,id:p75-07;context:clitic-fronting
mamec ɣa negg?,wat gaan we doen?,what are we going to do?,,,,boek p. 75,id:p75-08;context:clitic-fronting
Wenni d ɣa yasen,degene die hier zal komen,the one that will come here,,,,boek p. 75,id:p75-09;context:clitic-fronting
necc i t ɣa yawyen,ik ben het die met hem gaat trouwen,it is I who is going to marry him,,,,boek p. 75,id:p75-10;context:clitic-fronting
mayemmi t ɣa tenɣed?,waarom ga je haar doden?,why are you going to kill her?,,,,boek p. 75,id:p75-11;context:clitic-fronting
xemmi d ɣa tas yemma-tneɣ,wanneer onze moeder zal komen,when our mother will come,,,,boek p. 76,id:p76-01;context:clitic-fronting
mayemmi waa d-tusid?,waarom ben je niet gekomen?,why haven’t you come?,,,,boek p. 76,id:p76-02;context:clitic-fronting
d necc i waa t-yezrin,ik ben het die hem niet zag,it is me who didn’t see him,,,,boek p. 76,id:p76-03;context:clitic-fronting
qa-t diha,hij is daarginds,he is over there,,,,boek p. 77,id:p77-01;context:qa-'present-relevance'
tuɣa-c d ameddukeř inu,jij was vroeger mijn vriend,you used to be my friend,,,,boek p. 77,id:p77-02;context:tugha-'past'
mani c-tuɣa?,waar ben je geweest?,where have you been?,,,,boek p. 77,id:p77-03;context:tugha-'past'
waa c-tuyi ca d ameddukeř inu,jij was mijn vriend niet,you were not my friend,,,,boek p. 77,id:p77-04;context:tugha-'past'
aqqa ṯxaḏent,hier is de ring,here is the ring,,,,boek p. 78,id:p78-01;context:aqqa-'presentative'
aqq-et,hier is het,here it is,,,,boek p. 78,id:p78-02;context:aqqa-'presentative'
yumayen aqq-et da ttett,sinds twee dagen is zij hier en eet,since two days she is here and eats,,,,boek p. 78,id:p78-03;context:aqqa-'presentative'
aqq-awem ṯxaḏent,hier is een ring voor jou,here is a ring for you,,,,boek p. 78,id:p78-04;context:aqqa-'presentative'
aqq-awem-t,hier is het voor jou,here it is for you,,,,boek p. 78,id:p78-05;context:aqqa-'presentative'
aqqa řexxu tfaq-ed,kijk! nu is zij wakker geworden,lo! now she has woken up,,,,boek p. 78,id:p78-06;context:aqqa-'presentative'
"necc, ha aqq-ayi","wat mij betreft, kijk, hier ben ik!","as for me, look, here I am!",,,,boek p. 78,id:p78-07;context:aqqa-'presentative'
tɣiř-asen temmut,zij dachten dat zij gestorven was (lett. het leek hun dat zij gestorven was),they thought she had died (lit. it seemed to them she had died),,,,boek p. 78,id:p78-08;context:tyir-'it-seems'
tɣiř-ayi d sseḥḥ,ik dacht dat het waar was (lett. het leek mij dat het de waarheid was),I thought it was true (lit. it seemed to me it was the truth),,,,boek p. 78,id:p78-09;context:tyir-'it-seems'
waa dayi-tɣiř bu d sseḥḥ,ik dacht niet dat het waar was,I didn’t think it was true,,,,boek p. 78,id:p78-10;context:tyir-'it-seems'
tɣireɣ d sseḥḥ,ik dacht dat het waar was,I thought it was true,,,,boek p. 79,id:p79-01;context:tyir-'it-seems'
tɣiren azenna yewda-d,zij dachten dat de hemel naar beneden was gevallen,they thought the sky had fallen down,,,,boek p. 79,id:p79-02;context:tyir-'it-seems'
aɣ-am,hier ben je!,here you are!,,,,boek p. 79,id:p79-03;context:ay-'here-you-are'
aɣ-am,hier heb je het!,here you have it!,,,,boek p. 79,id:p79-04;context:ay-'here-you-are'
di ssuq,op de markt,in the market,,,,boek p. 81,id:p81-01;context:prepositions
deggw draa ~ ggw draa,op de berg,on the mountain,,,,boek p. 81,id:p81-02;context:prepositions
degg iri ~ gg iri,op de nek,on the neck,,,,boek p. 81,id:p81-03;context:prepositions
"dayi, dayes","in mij', 'in hem/haar","in me’, ‘in him/her",,,,boek p. 81,id:p81-04;context:prepositions
axxam i di yetɣima,de kamer waarin hij zit,the room in which he sits,,,,boek p. 81,id:p81-05;context:prepositions
min di ɣa tadfed?,waarin zal je binnengaan,into what will you enter,,,,boek p. 81,id:p81-06;context:prepositions
qa-t di ṯaddaaṯ,hij is in het huis,he is in the house,,,,boek p. 81,id:p81-07;context:di-'in'
di nnhaa-nni,op diezelfde dag,on that very day,,,,boek p. 82,id:p82-01;context:di-'in'
a ngeɛɛed di tsejjaat,laten we in de boom klimmen,let us climb into the tree,,,,boek p. 82,id:p82-02;context:di-'in'
dayes ṯiɣiṯ,hij is slim,he is clever,,,,boek p. 82,id:p82-03;context:di-'in'
yedwer x uyis nnes,hij kwam terug op zijn paard,he came back on his horse,,,,boek p. 82,id:p82-04;context:x-'on'
yewda x weɣyur,hij viel van de ezel,he fell from the donkey,,,,boek p. 82,id:p82-05;context:x-'on'
yekk-ed x yijj ugezzaa,hij kwam langs een slager,he passed by a butcher,,,,boek p. 82,id:p82-06;context:x-'on'
yessawar xafi,hij praat over mij,he is talking about me,,,,boek p. 82,id:p82-07;context:x-'on'
yessijj-ed zi thuajet,hij gluurde uit het raam,he peeped from the window,,,,boek p. 82,id:p82-08;context:zi-'from'
yus-ed zeggw zayyu,hij kwam uit Zaio.,he came from Zaio.,,,,boek p. 82,id:p82-09;context:zi-'from'
tessekk ɣaas mmi-s-enni,zij stuurde hem deze zoon van haar,she send to him this son of hers,,,,boek p. 82,"id:p82-10;context:ghaa-'towards,-at'"
xeddmen ɣaa ṯamza,zij werken bij het huis van een menseneetster,they work at an ogress’ house,,,,boek p. 83,"id:p83-01;context:ghaa-'towards,-at'"
ɣaa wezyen n nnhaa,"'s middags, lett. in het midden van de dag","at noon, lit. at the middle of the day",,,,boek p. 83,"id:p83-02;context:ghaa-'towards,-at'"
ɣaa tmeddit,in de namiddag,in the afternoon,,,,boek p. 83,"id:p83-03;context:ghaa-'towards,-at'"
nettaṯ ɣaas ijj uma-s,zij heeft een broer,she has a brother,,,,boek p. 83,"id:p83-04;context:ghaa-'towards,-at'"
ijjen temɣaat ɣaas aaḇiḇ,"een vrouw had een stiefzoon (lett. een vrouw, bij haar [was] een stiefzoon)","a woman had a stepson (lit. a woman, with her [was] a stepson)",,,,boek p. 83,"id:p83-05;context:ghaa-'towards,-at'"
iqess aysum-enni s txedmect,hij sneed dat vlees met een mes,he cut that meat with a knife,,,,boek p. 83,id:p83-06;context:s-'with-(instrumental)'
iɛemmaa txansett-enni s yijdi,hij vulde die zak met zand,he filled that bag with sand,,,,boek p. 83,id:p83-07;context:s-'with-(instrumental)'
s řeḥria,(gemaakt) van zijde,(made) from silk,,,,boek p. 83,id:p83-08;context:s-'with-(instrumental)'
s tmazixt,in het Berber,in Berber,,,,boek p. 83,id:p83-09;context:s-'with-(instrumental)'
"s ǧiret, s nnhaa","'s nachts', 'overdag","at night’, ‘at day",,,,boek p. 83,id:p83-10;context:s-'with-(instrumental)'
udfen s seḇɛa,zij zevenen gingen naar binnen,the seven of them entered,,,,boek p. 84,id:p84-01;context:s-'with-(instrumental)'
yeggua akides,hij loopt samen met hem,he walks together with him,,,,boek p. 84,id:p84-02;context:aked-~-ak-'with-(comitative)'
yetmenɣa akeḏ uma-s,hij vecht altijd met zijn broer,he always fights with his brother,,,,boek p. 84,id:p84-03;context:aked-~-ak-'with-(comitative)'
tmenɣant jarasent,zij vechten de hele tijd (onderling),they fight all the time (among themselves),,,,boek p. 84,id:p84-04;context:jaa-'between'
jar iduraa,tussen de bergen,between the mountains,,,,boek p. 84,id:p84-05;context:jaa-'between'
yewc-it i weɣyur nnes,hij gaf het aan zijn ezel,he gave it to his donkey,,,,boek p. 84,id:p84-06;context:i-'to'-(dative)
yewc-as-t i weɣyur nnes,hij gaf het (aan hem) aan zijn ezel,he gave it (to him) to his donkey,,,,boek p. 84,id:p84-07;context:i-'to'-(dative)
yewc-as-t,hij gaf het aan hem,he gave it to him,,,,boek p. 84,id:p84-08;context:i-'to'-(dative)
yewc-it i netta,hij gaf het aan hem,he gave it to him,,,,boek p. 84,id:p84-09;context:i-'to'-(dative)
yewc-as-t i netta,hij gaf het (aan hem) aan hem,he gave it (to him) to him,,,,boek p. 84,id:p84-10;context:i-'to'-(dative)
d yenni umi yenɣa uccen,zij waren degenen voor wie hij de jakhals gedood had,they were those (people) for whom he had killed the jackal,,,,boek p. 85,id:p85-01;context:i-'to'-(dative)
mecdeɣɣ-as i mmi,ik kamde mijn zoon,I combed my son,,,,boek p. 85,id:p85-02;context:i-'to'-(dative)
Iɣaas-as i tfunast,hij slachtte de koe,he slaughtered the cow,,,,boek p. 85,id:p85-03;context:i-'to'-(dative)
yenɣ-am baba-m,hij doodde (tot jouw nadeel) jouw vader,he killed (to your detriment) your father,,,,boek p. 85,id:p85-04;context:i-'to'-(dative)
sɣiɣ-am ijjen ttumubin,ik heb een auto voor je gekocht,I have bought you a car,,,,boek p. 85,id:p85-05;context:i-'to'-(dative)
sriɣ-as i mmi,ik hoorde mijn zoon,I heard my son,,,,boek p. 85,id:p85-06;context:i-'to'-(dative)
adu tefrewt = sadu tefrewt,onder het hout,under the wood,,,,boek p. 85,id:p85-07;context:adu-~-sadu-'under'
adu nn-es = sadu nn-es,eronder,underneath it,,,,boek p. 85,id:p85-08;context:adu-~-sadu-'under'
ṯaddaaṯ n temɣaat-enni,het huis van die vrouw,the house of that woman,,,,boek p. 85,id:p85-09;context:n-'of'
yeği-s n temɣaat-enni,de dochter van die vrouw,the daughter of that woman,,,,boek p. 86,id:p86-01;context:n-'of'
aqbea n tfunasin,vier koeien,four cows,,,,boek p. 86,id:p86-02;context:n-'of'
teqqim ḏin ar ṯameddiṯ,zij bleef daar tot de avond,she stayed there until the evening,,,,boek p. 86,id:p86-03;context:ar-'until'
uyuan ar amsan-nni waa ssinen qaɛ,zij liepen tot een plek die zij helemaal niet kenden,they walked until a place that they did not know at all,,,,boek p. 86,id:p86-04;context:ar-'until'
yus-d mbra tamɣaat nnes,hij kwam zonder zijn vrouw,he came without his wife,,,,boek p. 86,id:p86-05;context:bra-~-mbra-'without'
yus-d mbra nihni,hij kwam zonder hen,he came without them,,,,boek p. 86,id:p86-06;context:bra-~-mbra-'without'
yus-d mbra zzay-sen,hij kwam zonder hen,he came without them,,,,boek p. 86,id:p86-07;context:bra-~-mbra-'without'
am weɣyur,zoals een ezel,like a donkey,,,,boek p. 86,id:p86-08;context:am-'like'-and-amecnaw-'like'
wanita d amesřem am necc,deze is een moslim net als ik,this one is a muslim just like me,,,,boek p. 87,id:p87-01;context:am-'like'-and-amecnaw-'like'
yus-d ḏaniṯa ijjen amecnaw cekk,iemand kwam hier (die eruitzag) net als jij,somebody came here (who looked) just like you,,,,boek p. 87,id:p87-02;context:am-'like'-and-amecnaw-'like'
necc d yayetma,ik en mijn broers,me and my brothers,,,,boek p. 87,id:p87-03;context:d-'and'
necc d netta,hij en ik,he and I,,,,boek p. 87,id:p87-04;context:d-'and'
zzaṭ i ṯaddaaṯ,"voor, heel dicht bij het huis","in front of, very close to the house",,,,boek p. 87,id:p87-05;context:compound-prepositions
zzates,"ervoor, heel dicht erbij","in front of it, very close to it",,,,boek p. 87,id:p87-06;context:compound-prepositions
awaan i ṯaddaaṯ,achter het huis,behind the house,,,,boek p. 87,id:p87-07;context:compound-prepositions
awaanas,erachter,behind it,,,,boek p. 87,id:p87-08;context:compound-prepositions
ttaaf i ṯaddaaṯ,naast het huis,beside the house,,,,boek p. 87,id:p87-09;context:compound-prepositions
ttaaf nnes,ernaast,beside it,,,,boek p. 88,id:p88-01;context:compound-prepositions
qibar i / n,voor,in front of,,,,boek p. 88,id:p88-02;context:compound-prepositions
awru-d i / n,naar (hier),towards (here),,,,boek p. 88,id:p88-03;context:compound-prepositions
aɣirin i / n,naar (daar),towards (there),,,,boek p. 88,id:p88-04;context:compound-prepositions
ajemmad i / n,aan de andere kant van,on the other side of,,,,boek p. 88,id:p88-05;context:compound-prepositions
swadday i / n,onder,under,,,,boek p. 88,id:p88-06;context:compound-prepositions
sennej i / n,boven,above,,,,boek p. 88,id:p88-07;context:compound-prepositions
ṯřaṯa n temɣarin,drie vrouwen (lett. drie van vrouwen),three women (lit. three of women),,,,boek p. 89,id:p89-01;context:non-universal-quantifiers-and-indefinites
attas n yewdan,veel mensen,many people,,,,boek p. 89,id:p89-02;context:non-universal-quantifiers-and-indefinites
cwayt n waman,een beetje water,a bit of water,,,,boek p. 89,id:p89-03;context:non-universal-quantifiers-and-indefinites
ca n waman,wat water,some water,,,,boek p. 89,id:p89-04;context:non-universal-quantifiers-and-indefinites
ṯaḥebbucṯ n watay,een korreltje thee,a granule of tea,,,,boek p. 89,id:p89-05;context:non-universal-quantifiers-and-indefinites
txancet n arriš,een zak (vol) veren,a bag (full) of feathers,,,,boek p. 89,id:p89-06;context:non-universal-quantifiers-and-indefinites
ṯřaṯa itneɣ,wij drieën,the three of us,,,,boek p. 89,id:p89-07;context:non-universal-quantifiers-and-indefinites
marra itsen,allemaal (zij),all of them,,,,boek p. 89,id:p89-08;context:non-universal-quantifiers-and-indefinites
attas itsen,veel van hen,a lot of them,,,,boek p. 89,id:p89-09;context:non-universal-quantifiers-and-indefinites
ḏrus itsen,weinig van hen,few of them,,,,boek p. 89,id:p89-10;context:non-universal-quantifiers-and-indefinites
ijjen sseǧum,"één ladder, een ladder","one ladder, a ladder",,,,boek p. 89,id:p89-11;context:numerals
ijjen waayaz,"één man, een man","one man, a man",,,,boek p. 89,id:p89-12;context:numerals
ijjen temɣaat ~ ist temɣaat,"één vrouw, een vrouw","one woman, a woman",,,,boek p. 89,id:p89-13;context:numerals
ijjen ɣaḇyuta,"één meeuw, een meeuw","one sea gull, a sea gull",,,,boek p. 89,id:p89-14;context:numerals
ist temɣaat,één vrouw,one woman,,,,boek p. 90,id:p90-01;context:numerals
tasebnest n temɣaat,de sjaal van de vrouw,the scarf of the woman,,,,boek p. 90,id:p90-02;context:numerals
tamɣaat nnes wiss aaḇɛa,zijn vierde vrouw,his fourth wife,,,,boek p. 92,id:p92-01;context:numerals
attas n waman,veel water,much water,,,,boek p. 92,id:p92-02;context:other-non-universal-quantifiers-and-indefinites
attas n temɣarin,veel vrouwen,many women,,,,boek p. 92,id:p92-03;context:other-non-universal-quantifiers-and-indefinites
ḏrus n waman,weinig water,little water,,,,boek p. 92,id:p92-04;context:other-non-universal-quantifiers-and-indefinites
ḏrus n temɣarin,weinig vrouwen,few women,,,,boek p. 92,id:p92-05;context:other-non-universal-quantifiers-and-indefinites
cwayt n waman,een klein beetje water,a little bit of water,,,,boek p. 92,id:p92-06;context:other-non-universal-quantifiers-and-indefinites
cwayt ibawen,wat bonen,some beans,,,,boek p. 92,id:p92-07;context:other-non-universal-quantifiers-and-indefinites
řebɛaḏ n temɣarin,een paar vrouwen,a couple of women,,,,boek p. 92,id:p92-08;context:other-non-universal-quantifiers-and-indefinites
řebɛaḏ n nekrasa (< fekrasa),een paar stoelen,a couple of chairs,,,,boek p. 92,id:p92-09;context:other-non-universal-quantifiers-and-indefinites
ca n waman,wat water,some water,,,,boek p. 92,id:p92-10;context:other-non-universal-quantifiers-and-indefinites
ca n nhajet (< fhazet),iets,some thing,,,,boek p. 92,id:p92-11;context:other-non-universal-quantifiers-and-indefinites
ca n yijjen,iemand,somebody,,,,boek p. 92,id:p92-12;context:other-non-universal-quantifiers-and-indefinites
ca n tḥenjirin,wat meisjes,some girls,,,,boek p. 92,id:p92-13;context:other-non-universal-quantifiers-and-indefinites
jmeɛ marra arruḏ nnem,verzamel al je kleren!,gather all your clothes!,,,,boek p. 93,id:p93-01;context:universal-quantifiers
yejmeɛ-d aysum-enni marra,hij verzamelde al dat vlees,he gathered all that meat,,,,boek p. 93,id:p93-02;context:universal-quantifiers
marra iɣezran ssneɣ-ten,"alle rivieren, ik ken ze","all rivers, I know them",,,,boek p. 93,id:p93-03;context:universal-quantifiers
marra a daɣ-ineɣ,hij zal ons allemaal doden,he will kill all of us,,,,boek p. 93,id:p93-04;context:universal-quantifiers
yiwy-iten marra,hij nam hen allemaal mee,he took them all away,,,,boek p. 93,id:p93-05;context:universal-quantifiers
marra a d-tasent,jullie moeten allemaal komen,you must all come,,,,boek p. 93,id:p93-06;context:universal-quantifiers
deḥcent marra,zij lachten allemaal,they all laughed,,,,boek p. 93,id:p93-07;context:universal-quantifiers
tḥaay marra min ɣaas di ṯaddaaṯ,zij maalde alles wat zij thuis had,she ground everything that she had at home,,,,boek p. 93,id:p93-08;context:universal-quantifiers
itegg marra mayen texsed,hij doet alles wat jij wilt,he does everything you want,,,,boek p. 93,id:p93-09;context:universal-quantifiers
mařa tugid qaɛ,als je helemaal weigert,if you entirely refuse,,,,boek p. 93,id:p93-10;context:universal-quantifiers
cḥar qaɛ?,hoeveel in totaal?,how much in total?,,,,boek p. 93,id:p93-11;context:universal-quantifiers
mi c ɣa yegg qaɛ?,wat kan hij jou eigenlijk aandoen?,what can he do to you at all?,,,,boek p. 93,id:p93-12;context:universal-quantifiers
qa waa yaakent bu familya qaɛ,jij hebt helemaal geen familie,you do not have any family at all,,,,boek p. 94,id:p94-01;context:universal-quantifiers
waa ssinen qaɛ,zij weten het helemaal niet,they don’t know at all,,,,boek p. 94,id:p94-02;context:universal-quantifiers
aneggaru qaɛ,de allerlaatste,the very last,,,,boek p. 94,id:p94-03;context:universal-quantifiers
Wenni daysen ameqqṛan qaɛ,degene die de allergrootste was,the one who was the very biggest,,,,boek p. 94,id:p94-04;context:universal-quantifiers
qaɛ waa dasen-yenni ca,hij vertelde hun helemaal niets,he didn’t tell them anything at all,,,,boek p. 94,id:p94-05;context:universal-quantifiers
kuř aɛecci,elke avond,every evening,,,,boek p. 94,id:p94-06;context:universal-quantifiers
kuř ijjen yiwi tamɣaat nnes,ieder nam zijn vrouw daarheen mee,each one took his wife there,,,,boek p. 94,id:p94-07;context:universal-quantifiers
řexxu ḇḏa mani mma texsed,begin nu waar je maar wilt,now start wherever you want,,,,boek p. 94,"id:p94-08;context:'whoever',-'wherever',-etc."
awyem-t-id waha mamec mma tegga,"breng haar hierheen, hoe ze ook is","bring her here, however she may be",,,,boek p. 94,"id:p94-09;context:'whoever',-'wherever',-etc."
kuř mma yus-d wuccen itaf-it ttaaf nnes,"telkens wanneer Jakhals aankwam, vond hij hem naast zich","whenever Jackal arrived, he found him beside him",,,,boek p. 94,"id:p94-10;context:'whoever',-'wherever',-etc."
iyezz-as) ṯřaṯa,(hij liet hem) drie (dingen) na,(he left him) three (things),,,,boek p. 95,id:p95-01;context:the-structure-of-the-noun-phrase
ijjen ṯnayen n ddqayeq,"ongeveer twee minuten, zo'n twee minuten","about two minutes, some two minutes",,,,boek p. 95,id:p95-02;context:the-structure-of-the-noun-phrase
cwayt n waman,een beetje water,a bit of water,,,,boek p. 95,id:p95-03;context:the-structure-of-the-noun-phrase
marra fseskqq-nni,al die soldaten,all those soldiers,,,,boek p. 95,id:p95-04;context:the-structure-of-the-noun-phrase
yemma-s-enni,die moeder van hem,that mother of his,,,,boek p. 95,id:p95-05;context:the-structure-of-the-noun-phrase
baba-s n thenjiat,de vader (lett. haar vader) van het meisje,the father (lit. her father) of the girl,,,,boek p. 95,id:p95-06;context:the-structure-of-the-noun-phrase
Wenni ameqqṛan,de grote,the big one,,,,boek p. 95,id:p95-07;context:the-structure-of-the-noun-phrase
uma-s-enni ameqqṛan,die grote broer van hem,that big brother of his,,,,boek p. 95,id:p95-08;context:the-structure-of-the-noun-phrase
yis-a n Yusef,dit paard van Yousef,this horse of Yousef,,,,boek p. 96,id:p96-01;context:the-structure-of-the-noun-phrase
tsara ccariɛ-enni marra,zij liep door de hele straat,she walked through the entire street,,,,boek p. 96,id:p96-02;context:the-structure-of-the-noun-phrase
yessi-s-enni n temza,deze dochters van de menseneetster (lett. deze haar dochters van),these daughters of the ogress’ (lit. these her daughters of),,,,boek p. 96,id:p96-03;context:the-structure-of-the-noun-phrase
aṛṛzeq nnes marra,zijn hele vermogen,all his fortune,,,,boek p. 96,id:p96-04;context:the-structure-of-the-noun-phrase
wecma-tsent-enni tameqqrant,deze oudere zus van hen,this older sister of theirs,,,,boek p. 96,id:p96-05;context:the-structure-of-the-noun-phrase
paṭrun nsen ameqqṛan,hun grote baas,their big boss,,,,boek p. 96,id:p96-06;context:the-structure-of-the-noun-phrase
paṭrun ameqqṛan nsen,hun grote baas,their big boss,,,,boek p. 96,id:p96-07;context:the-structure-of-the-noun-phrase
tameqqrant (FS),de grote (vrouwelijk),the big one (feminine),,,,boek p. 96,id:p96-08;context:adjectives
n tmeqqrant (AS),van de grote (vrouwelijk),of the big one (feminine),,,,boek p. 96,id:p96-09;context:adjectives
n tmuat tameqqrant,van het grote land,of the big country,,,,boek p. 96,id:p96-10;context:adjectives
ṯammuaṯ tameqqrant,het grote land,the big country,,,,boek p. 97,id:p97-01;context:adjectives
tammuqt-a tameqqrant,dit grote land,this big country,,,,boek p. 97,id:p97-02;context:adjectives
ijjen weɣyur d ameqqṛan,een grote ezel,a big donkey,,,,boek p. 97,id:p97-03;context:adjectives
aɣyuř d ameqqṛan,een grote ezel,a big donkey,,,,boek p. 97,id:p97-04;context:adjectives
qama n jjdiḏ,het nieuwe bed,the new bed,,,,boek p. 97,id:p97-05;context:adjectives
ijjen qama d jjdiḏ,een nieuw bed,a new bed,,,,boek p. 97,id:p97-06;context:adjectives
aayaz-a nneɣni,deze andere man,this other man,,,,boek p. 97,id:p97-07;context:adjectives
w-enneyni,"de andere (ev, mnl)",the other (SG:M),,,,boek p. 97,id:p97-08;context:adjectives
t-enneyni,"de andere (ev, vrl)",the other (SG:F),,,,boek p. 97,id:p97-09;context:adjectives
i-nneɣni,"de anderen (mv, mnl)",the others (PL:M),,,,boek p. 97,id:p97-10;context:adjectives
ti-nneɣni,"de anderen (mv, vrl)",the others (PL:F),,,,boek p. 97,id:p97-11;context:adjectives
quci-nni yeɣran,de dure auto (lett. de auto die duur is),the expensive car (lit. the car that is expensive),,,,boek p. 97,id:p97-12;context:adjectives
ma ɣaak ca n ṯxaḏent am ta?,heb jij een ring zoals deze?,do you have a ring like this one?,,,,boek p. 98,id:p98-01;context:yes-no-questions
ma d cekk?,ben jij het?,is it you?,,,,boek p. 98,id:p98-02;context:yes-no-questions
ma iwden-d,zijn zij aangekomen?,have they arrived?,,,,boek p. 98,id:p98-03;context:yes-no-questions
d wa?,is het deze?,is it this one?,,,,boek p. 98,id:p98-04;context:yes-no-questions
mliḥ ca?,gaat het goed met je?,are you o.k.?,,,,boek p. 98,id:p98-05;context:yes-no-questions
wi dawem-t-yennan?,wie heeft het je verteld?,who told it to you?,,,,boek p. 98,id:p98-06;context:content-questions
wi yewta uḥenjia-nni?,wie heeft de jongen geslagen?,whom did the boy hit?,,,,boek p. 98,id:p98-07;context:content-questions
min das-tennid i Mimun?,wat heb je tegen Mimoun gezegd?,what did you say to Mimoun?,,,,boek p. 99,id:p99-01;context:content-questions
min taazzud?,wat zoek je?,what are you looking for?,,,,boek p. 99,id:p99-02;context:content-questions
mayen texsed?,wat wil je?,what do you want?,,,,boek p. 99,id:p99-03;context:content-questions
mi cem-ibeddren?,wat heeft jou veranderd?,what changed you?,,,,boek p. 99,id:p99-04;context:content-questions
mani ttirid?,waar woon je? (lett. waar ben je gewoonlijk?),where do you live? (lit. where are you’ habitually?),,,,boek p. 99,id:p99-05;context:content-questions
manis ɣa tadfed?,langs welke weg zal je binnengaan?,along which way will you enter?,,,,boek p. 99,id:p99-06;context:content-questions
manis d-tiwyed manay-a?,vanwaar heb je dit gebracht?,whence did you bring this?,,,,boek p. 99,id:p99-07;context:content-questions
meřmi ttettsed?,wanneer slaap je gewoonlijk?,when do you usually sleep?,,,,boek p. 99,id:p99-08;context:content-questions
mecḥař iwezzen?,hoeveel weegt het?,how much does it weigh?,,,,boek p. 99,id:p99-09;context:content-questions
mayemmi tetrud?,waarom huil je?,why are you crying?,,,,boek p. 99,id:p99-10;context:content-questions
mamec yegga manay-a?,hoe heeft hij dat gedaan?,how did he do that?,,,,boek p. 99,id:p99-11;context:content-questions
min zi tuḥḥred?,waarvan ben je moe geworden?,from what have you become tired?,,,,boek p. 99,id:p99-12;context:content-questions
mi xef ɣa teqqimed?,waarop ga je zitten?,what are you going to sit on?,,,,boek p. 100,id:p100-01;context:content-questions
wi ked d-tusid?,met wie ben je hierheen gekomen?,with whom have you come here?,,,,boek p. 100,id:p100-02;context:content-questions
maɣaa waa d-tusid,waarom ben je niet gekomen?,why didn’t you come?,,,,boek p. 100,id:p100-03;context:content-questions
man aayaz?,welke man?,which man?,,,,boek p. 100,id:p100-04;context:interrogation-on-nouns
mana waayaz-a?,wat voor man is dit?,what kind of man is this?,,,,boek p. 100,id:p100-05;context:interrogation-on-nouns
man wen d-yusin,wie is er gekomen? / wie is gekomen?,which one has come? / who has come?,,,,boek p. 100,id:p100-06;context:interrogation-on-nouns
ad xzaaɣ ma a d-yas,ik zal zien of hij komt,I shall see if he comes,,,,boek p. 100,id:p100-07;context:question-words-as-subordinators
mani ɣa naf a nessens,"waar we (een plek) vinden, zullen we overnachten",where we shall find (a place) we shall spend the night,,,,boek p. 100,id:p100-08;context:question-words-as-subordinators
aḏef-d,kom binnen!,come in!,,,,boek p. 101,id:p101-01;context:the-aorist
"gg ixef nnem therced, tezzred di tmuat, tegged ijjen tzewda dayes řḥenni","doe alsof je ziek bent, ga op de grond liggen, en zet een bord met henna neer","pretend that you are sick, lie down on the earth, and put a plate with 7enna",,,,boek p. 101,id:p101-02;context:the-aorist
a d-yas ɛad,"hij zal komen (denk ik), hij zou kunnen komen","he will come (I suppose), he may come",,,,boek p. 101,id:p101-03;context:the-aorist
xa d-yas ɛad,hij zal zeker / ongetwijfeld komen,he will certainly / no doubt come,,,,boek p. 101,id:p101-04;context:the-aorist
ṯiwecca ad yiri d ssefṯ,morgen is het zaterdag,tomorrow it will be Saturday,,,,boek p. 102,id:p102-01;context:the-aorist
"di yum-lqiyama, ad yeḥkem qrrebbi x yewdan",op de Oordeelsdag zal de Heer over de mensen oordelen,"on Judgement Day, the Lord will judge over the people",,,,boek p. 102,id:p102-02;context:the-aorist
a d-yas ɛad,"hij zal komen, hij zou kunnen komen","he will come, he may come",,,,boek p. 102,id:p102-03;context:the-aorist
udaabbi a d~yas,hij zal waarschijnlijk komen,he will probably come,,,,boek p. 102,id:p102-04;context:the-aorist
tewv-asen ad arren ibawen,zij gaf ze zodat zij bonen zouden planten (ad + A) (d.w.z. zij gaf hun bonen die zij moesten planten),she gave them so that they would plant (ad + A) beans (i.e. she gave them beans that they should plant),,,,boek p. 102,id:p102-05;context:the-aorist
teggen řfaxaa bac ad ssengwen Imakla,zij legden houtskool neer om (has) eten te koken (ad + A),they put charcoal in order (has) to cook (ad + A) food,,,,boek p. 102,id:p102-06;context:the-aorist
a naaḥet,laten we gaan,let’s go,,,,boek p. 102,id:p102-07;context:the-aorist
ad aazun x yemma-tsen ad sseqsan,"zij zochten (de hele tijd) (ad + A) naar hun moeder, zij vroegen (de hele tijd) (ad + A)","they looked (all the time) (ad + A) for their mother, they asked (all the time) (ad + A)",,,,boek p. 102,id:p102-08;context:the-aorist
"itawi ṯixsi-nni a t-yessidef, a t-id-yarr","hij bracht (l) de hele tijd het(zelfde) schaap, hij liet (ad + A) het naar binnen en bracht (ad + A) het terug","he brought (l) all the time the (same) sheep, he would let (ad + A) it in and bring (ad + A) it back",,,,boek p. 103,id:p103-01;context:the-aorist
umi ɣa yemɣaa iqess-ayi ifassen,"toen hij groot geworden was (ad + A), sneed hij mijn handen af","when he had grown up (ad + A), he cut off my hands",,,,boek p. 103,id:p103-02;context:the-aorist
ijjen yetkeyyaf ssbasa,iemand rookt gewoonlijk (l) hasjpijpen,somebody smokes habitually (l) hasheesh pipes,,,,boek p. 103,id:p103-03;context:the-imperfective
"asřem xmi yetmetta di řeḇḥaa, inettar-it-id řeḇḥaa","een vis, wanneer hij sterft (l) in de zee, gooit de zee (l) hem eruit (op het land)","a fish, when it dies (l) in the sea, the sea throws (l) it out (on the land)",,,,boek p. 103,id:p103-04;context:the-imperfective
a kis d-ireḥḥeg jjenn itegg qaɛ mayen texsed,een geest zal naar buiten komen (ad + A) naar jou die (l) alles doet wat je wilt,a ghost will come out (ad + A) to you who does (l) everything you want,,,,boek p. 103,id:p103-05;context:the-imperfective
yetqeǧab i teḥramin uřa d icten ma tus-az-d,"hij paste (de schoen) (l) bij de meisjes (één voor één), maar hij paste (P) geen van hen","he tried (the shoe) (l) with the girls (one after the other), but it did not fit (P) any of them",,,,boek p. 103,id:p103-06;context:the-imperfective
a das-ntic min zi ɣa tɛiced,wij zullen je altijd geven (l) waarvan je zult leven (ad + A),we will always give (l) you what you will live by (ad + A),,,,boek p. 103,id:p103-07;context:the-imperfective
amenni yeggua yeggua yeggua yetseqsa yetseqsa,zo ging hij (l) en ging (l) en ging (l) en vroeg (l) en vroeg (l),thus he went (l) and went (l) and went (l) and asked (l) and asked (l),,,,boek p. 103,id:p103-08;context:the-imperfective
ad ggmn ad gguan ad gguan,zij gingen (ad+1) en gingen (ad+1) en gingen (ad+1) (keer op keer),they would go (ad +1) and go (ad + 1) and go (ad +1) (time and again),,,,boek p. 104,id:p104-01;context:the-imperfective
"qa baba qa iteddez ari, aqzin qa yetzu",(qa) mijn vader is espartogras aan het stampen (qa l) en de hond is aan het blaffen (qa l),(qa) my father is pounding (qa l) esparto grass and the dog is barking (qa l),,,,boek p. 104,id:p104-02;context:the-imperfective
min da ttegged?,wat doe je (l) hier?,what are you doing (l) here?,,,,boek p. 104,id:p104-03;context:the-imperfective
yebda usaadun nnes itett-it,zijn muildier begon het te eten (l),his mule started to eat (l) it,,,,boek p. 104,id:p104-04;context:the-imperfective
yeqqim yeccat-it itazzer xas,hij begon hem te slaan (l) en achter hem aan te rennen (l) (en ging hier een tijdje mee door),he started to beat (l) him and run (l) after him (and went on doing this for a while),,,,boek p. 104,id:p104-05;context:the-imperfective
ijjen nnhaa yenna-as yinsi i wuccen,op een dag zei Egel (P) tegen Jakhals,one day. Hedgehog said (P) to Jackal,,,,boek p. 104,id:p104-06;context:the-perfective
iɛemmaa aɣarraf s waman,hij vulde [P] de kruik met water,he filled [P] the jug with water,,,,boek p. 105,id:p105-01;context:the-perfective
Mřič tudes,Melilla is dichtbij [P],Melilla is nearby [P],,,,boek p. 105,id:p105-02;context:the-perfective
iɛemmaa uɣarraf s waman,de kruik is vol water,the jug is full of water,,,,boek p. 105,id:p105-03;context:the-perfective
mařa teggid-ten a dac-wseɣ yeği,"als je ze uitvoert (P) (nl. bepaalde opdrachten), zal ik je mijn dochter geven (ad + A)","if you carry (P) them out (scil. certain assignments), I shall give (ad + A) you my daughter",,,,boek p. 105,id:p105-04;context:the-perfective
mri teɣrid iri tufid řxeḏmeṯ tesbeḥ,"als je gestudeerd had (P), zou je een goede baan gevonden hebben (P)","if you had studied (P), you would have found (P) a good job",,,,boek p. 105,id:p105-05;context:the-perfective
"aaweř, qa a d-yas baba, qa a s-ineɣ",vlucht! mijn vader zal komen [qa ad + A] en hij zal je doden [qa ad + A]!,flee! my father will come [qa ad + A] and he will kill [qa ad + A] you!,,,,boek p. 106,id:p106-01;context:qa-'present-relevance'
qa a taaḥed yaa ḇarra,"pas op met naar buiten gaan!, ga niet naar buiten!","beware of going out!, do not go out!",,,,boek p. 106,id:p106-02;context:qa-'present-relevance'
qa ad iraḥ ɣaa ḇarra,pas op dat hij niet naar buiten gaat!,beware that he goes out!,,,,boek p. 106,id:p106-03;context:qa-'present-relevance'
qa a traḥed!,ga niet!,don’t go!,,,,boek p. 106,id:p106-04;context:qa-'present-relevance'
qa a traḥed a t-tafed dinni,"je zal gaan, en hem daar vinden","you will go, and find him there",,,,boek p. 106,id:p106-05;context:qa-'present-relevance'
baba qa yeggua-d,mijn vader komt eraan,my father is coming,,,,boek p. 106,id:p106-06;context:qa-'present-relevance'
qa yetseddaɛ-aneɣ,hij stoort ons altijd (l) (en dat zorgt ervoor dat ik actie onderneem),he always disturbs (l) us (and that makes me take action),,,,boek p. 106,id:p106-07;context:qa-'present-relevance'
qa iɛemmaa aɣarraf s waman,hij heeft [qa P] de kruik met water gevuld,he has filled [qa P] the jug with water,,,,boek p. 106,id:p106-08;context:qa-'present-relevance'
qa yenna-am ujeǧid,de koning heeft [qa P] je verteld...,the king has told [qa P] you...,,,,boek p. 106,id:p106-09;context:qa-'present-relevance'
Mřič qa tudes,Melilla is dichtbij,Melilla is close,,,,boek p. 107,id:p107-01;context:qa-'present-relevance'
"ṯamza qa waa ttwiri, ttřam","de menseneetster kon niet zien [dit verklaart de situatie en is dus direct relevant voor de luisteraar], het was donker","the ogress could not see [this explains the situation and is thus immediately relevant to the hearer], it was dark",,,,boek p. 107,id:p107-02;context:qa-'present-relevance'
qa waa ssineɣ ca,ik weet het (echt) niet,I (really) don't know,,,,boek p. 107,id:p107-03;context:qa-'present-relevance'
qa tuɣa-yen ɣaam,jij had ze vroeger (lett. vroeger waren ze bij jou),you used to have them (lit. there used to be them with you),,,,boek p. 107,id:p107-04;context:qa-'present-relevance'
neccin qa netɛis di Hulanḏa,"wij, (qa) wij wonen in Nederland","we, Iqa) we live in the Netherlands",,,,boek p. 107,id:p107-05;context:qa-'present-relevance'
qa azyen ujenna yewda-d,(qa) de helft van de hemel is naar beneden gevallen,(qa) half of heavens has fallen down,,,,boek p. 107,id:p107-06;context:qa-'present-relevance'
qa isennanen-ni qa teɛdu,"(qa) wat deze doornen betreft, (qa) zij is er net langsgekomen","(qa) concerning these thorns, (qa) she has just passed (them)",,,,boek p. 107,id:p107-07;context:qa-'present-relevance'
zzman tuɣa ṯnayen n Ḍuru tsekkwa,vroeger was een dirham (lett. twee douro) veel waard,"in former times, a dirham (lit. two douro) used to be worth a lot",,,,boek p. 108,id:p108-01;context:tugha-'past'
itaaḥ ɣaa tuatut-enni tuɣa yarra,hij ging vroeger naar de vijgenboom die hij (eerder) geplant had,he used to go to the fig tree that he had planted (before),,,,boek p. 108,id:p108-02;context:tugha-'past'
tuɣa-t d ameddukeř inu,"hij was vroeger mijn vriend (maar is dat niet meer, bv. omdat hij overleden is)","he used to be my friend (but he no more is, e.g., because he died)",,,,boek p. 108,id:p108-03;context:tugha-'past'
tuɣa-ayi di ṯaddaaṯ,ik was thuis,I was at home,,,,boek p. 108,id:p108-04;context:tugha-'past'
"tinin, tuɣa sswejdent seksu","die (vrouwen), (tugha) zij hadden couscous klaargemaakt","those (women), (tugha) they had prepared cousous",,,,boek p. 108,id:p108-05;context:tugha-'past'
maɛlik c-tuɣa d uma...,als jij mijn broer geweest was...,if you had been my brother...,,,,boek p. 108,id:p108-06;context:tugha-'past'
mani c-tuɣa ?,waar was jij?,where were you ?,,,,boek p. 108,id:p108-07;context:tugha-'past'
xzaa mamec daɣ-tuɣa yeqqaa,kijk wat hij vroeger tegen ons zei!,look what he used to say to us!,,,,boek p. 108,id:p108-08;context:tugha-'past'
tuɣa waa yeccin,hij wist het niet,he didn’t know,,,,boek p. 108,id:p108-09;context:tugha-'past'
d necc,ik ben het,it’s me,,,,boek p. 109,id:p109-01;context:'be'-constructions
netta d amezzyan men,hij is de jongste van hen,he is the youngest of them,,,,boek p. 109,id:p109-02;context:'be'-constructions
aayaz nnes d lmalik,haar man is de koning,her husband is the king,,,,boek p. 109,id:p109-03;context:'be'-constructions
t tamɣaat < d tamɣaat,het is een vrouw,it is a woman,,,,boek p. 109,id:p109-04;context:'be'-constructions
netta d aḏḇiḇ,hij is een dokter,he is a doctor,,,,boek p. 109,id:p109-05;context:'be'-constructions
netta d wedbib,hij en de dokter,he and the doctor,,,,boek p. 109,id:p109-06;context:'be'-constructions
qa ḏin ispunya,daar zijn Spanjaarden,there are Spaniards there,,,,boek p. 109,id:p109-07;context:'be'-constructions
wanita nnes,dit hier is van hem,this here is his,,,,boek p. 109,id:p109-08;context:'be'-constructions
ɣar-i ijjen ttumubin,ik heb een auto,I have a car,,,,boek p. 109,id:p109-09;context:'be'-constructions
iri d aayaz,wees een man!,be a man!,,,,boek p. 110,id:p110-01;context:'be'-constructions
ad yiri d aayaz,hij zal een man zijn,he will be a man,,,,boek p. 110,id:p110-02;context:'be'-constructions
tiriɣ di tanja,ik woon (lett. ik ben altijd) in Tanger,i live (lit. I am always) in Tangier,,,,boek p. 110,id:p110-03;context:'be'-constructions
aayaz-enni yeǧan d uma-s,de man die zijn broer is,the man who is his brother,,,,boek p. 110,id:p110-04;context:'be'-constructions
mani teǧa Tfayetmas?,waar is Tlaytmas?,where is Tlaytmas?,,,,boek p. 110,id:p110-05;context:'be'-constructions
qa d necc i yeǧan d Yusef,ik ben degene die Yousef is,it is me who is Yousef,,,,boek p. 110,id:p110-06;context:'be'-constructions
rḥid i di ǧa pintura,de muur waarop verf zit,the wall on which there is paint,,,,boek p. 110,id:p110-07;context:'be'-constructions
rḥid i di ǧa rkwazi,de muur waarin ramen zitten,the wall in which there are windows,,,,boek p. 110,id:p110-08;context:'be'-constructions
Llah yeǧa,God bestaat,God exists,,,,boek p. 110,id:p110-09;context:'be'-constructions
cem t tamezzyant,jij bent jong,you are young,,,,boek p. 111,id:p111-01;context:'be'-constructions
qa-cem t tamezzyant,jij bent jong,you are young,,,,boek p. 111,id:p111-02;context:'be'-constructions
uma-s qa-t di ṯaddaaṯ,zijn broer is thuis,his brother is at home,,,,boek p. 111,id:p111-03;context:'be'-constructions
qa da ijj iɣeyḏ,hier is een geitenlammetje,there is a goat kid here,,,,boek p. 111,id:p111-04;context:'be'-constructions
"Mřič, dayes ispunya","Melilla, daar zitten de Spanjaarden in","Melilla, there are the Spaniards in it",,,,boek p. 111,id:p111-05;context:'be'-constructions
iruḥ ɣaa baba,hij ging naar mijn vader,he went to my father,,,,boek p. 111,id:p111-06;context:'be'-constructions
"baba, ɣaa-s ttmenyaṯ",mijn vader heeft geld,my father has money,,,,boek p. 111,id:p111-07;context:'be'-constructions
ɣar-i ijjen ttumubin,ik heb een auto,1 have a car,,,,boek p. 112,id:p112-01;context:'be'-constructions
taḥenjiat i ɣaa ǧa umedduker,een meisje dat een vriend heeft,a girl that has a boyfriend,,,,boek p. 112,id:p112-02;context:'be'-constructions
taḥenjiat i ɣaa ǧa imeddukar,een meisje dat (mannelijke) vrienden heeft,a girl that has (male) friends,,,,boek p. 112,id:p112-03;context:'be'-constructions
taḥenjiat i waa ɣaa ǧi yemma-s,een meisje dat geen moeder heeft,a girl that does not have a mother,,,,boek p. 112,id:p112-04;context:'be'-constructions
wi yiran ttumubin-a,van wie is deze auto? (lett. wie bezit deze auto),whose car is this? (lit. who possesses this car),,,,boek p. 112,id:p112-05;context:'be'-constructions
wi t-yiran,van wie is het? (lett. wie bezit het),whose is it? (lit. who possesses it),,,,boek p. 112,id:p112-06;context:'be'-constructions
wi s-yiran,"van wie (kind) ben jij?, wie is jouw vader?","whose (child) are you?, who is your father?",,,,boek p. 112,id:p112-07;context:'be'-constructions
"min t-yiran, taɣarrabut-a",wat voor boot is het (met name waarvan is het gemaakt),what kind of boat is it (esp. what is it made of),,,,boek p. 112,id:p112-08;context:'be'-constructions
yegga am wayrad,hij is als een leeuw,he is like a lion,,,,boek p. 112,id:p112-09;context:'be'-constructions
wiř ssawar = waa ssawar,spreek niet! (l),don’t speak! (l),,,,boek p. 113,id:p113-01;context:the-preverbal-negative-particles
waa issiwir ca,hij spreekt niet (Nl),he does not speak (Nl),,,,boek p. 113,id:p113-02;context:the-preverbal-negative-particles
cem waaǧi bu d yemma,jij bent mijn moeder niet,you are not my mother,,,,boek p. 113,id:p113-03;context:the-negative-stem-forms-of-the-verb-and-negation-of-non-verbal-sentences
ma waaǧi t ṯaddaaṯ n ca n yijjen?,is het niet het huis van iemand?,isn’t it the house of somebody?,,,,boek p. 113,id:p113-04;context:the-negative-stem-forms-of-the-verb-and-negation-of-non-verbal-sentences
"inin, ibawen waaǧi bu nnes","die, de bonen, waren niet van haar","those, the beans, they were not hers",,,,boek p. 113,id:p113-05;context:the-negative-stem-forms-of-the-verb-and-negation-of-non-verbal-sentences
waaǧi bu amenni,het is niet zo,it is not like that,,,,boek p. 113,id:p113-06;context:the-negative-stem-forms-of-the-verb-and-negation-of-non-verbal-sentences
waa dayes walu,er zat niets in,there was nothing in it,,,,boek p. 113,id:p113-07;context:the-negative-stem-forms-of-the-verb-and-negation-of-non-verbal-sentences
qa waa ɣaas bu idaan,zij heeft geen benen (lett. er zijn niet bij haar benen),she does not have legs (lit. there is not with her legs),,,,boek p. 114,id:p114-01;context:the-negative-stem-forms-of-the-verb-and-negation-of-non-verbal-sentences
waa das-teggen bu wexxam,zij zullen geen huis voor hem maken,they will not make a house for him,,,,boek p. 114,id:p114-02;context:the-postverbal-negative-element-bu
waa dasen-isexsaa bu řxaḏaa,hij verpestte (bu) hun stemming niet,he did not spoil (bu) their mood,,,,boek p. 114,id:p114-03;context:the-postverbal-negative-element-bu
waa tezrid bu baba-tneɣ?,heb je (bu) onze vader niet gezien?,didn’t you see (bu) our father?,,,,boek p. 114,id:p114-04;context:the-postverbal-negative-element-bu
aqzin-enni waaǧi bu d aqzin,die hond was geen (echte) hond,that dog wasn’t a (real) dog,,,,boek p. 114,id:p114-05;context:the-postverbal-negative-element-bu
waa dawem bu tɣennjeɣ,ik zing niet voor jou,I’m not singing to you,,,,boek p. 114,id:p114-06;context:the-postverbal-negative-element-bu
waa ɣaas bu temɣaat,hij heeft geen vrouw,he doesn’t have a wife,,,,boek p. 114,id:p114-07;context:the-postverbal-negative-element-bu
waa dinni bu řfaaq qaɛ,daar zit geen verschil in,there is no difference in that,,,,boek p. 114,id:p114-08;context:the-postverbal-negative-element-bu
waa ssineɣ ca,ik weet het niet,I don’t know,,,,boek p. 115,id:p115-01;context:other-postverbal-negative-elements
waa t-yufi ca dinni,hij vond haar daar niet,he did not find her there,,,,boek p. 115,id:p115-02;context:other-postverbal-negative-elements
waa tgeɛɛed ca x wuatu,zij klom niet in de vijgenboom,she did not climb on the fig tree,,,,boek p. 115,id:p115-03;context:other-postverbal-negative-elements
necc waa t-tiwyeɣ ca,ik ga niet met haar trouwen,I am not going to marry her,,,,boek p. 115,id:p115-04;context:other-postverbal-negative-elements
waa tewci ca aɣi-nni,zij had die melk niet gegeven,she had not given that milk,,,,boek p. 115,id:p115-05;context:other-postverbal-negative-elements
Wenni waa ɣaas ca,"die, hij had niets","that one, he hadn’t (anything)",,,,boek p. 115,id:p115-06;context:other-postverbal-negative-elements
waa ccin waa swin,zij aten of dronken niet,they did not eat or drink,,,,boek p. 115,id:p115-07;context:other-postverbal-negative-elements
ssiɣ waa jjiwneɣ,"ik at, maar ik was niet verzadigd","I ate, but I was not satiated",,,,boek p. 115,id:p115-08;context:other-postverbal-negative-elements
waa tufi wi das-d-izemmɛen arruḏ,zij vond niemand die (regelmatig) de kleren voor haar zou verzamelen,she did not find (somebody) who would (regularly) collect the clothes for her,,,,boek p. 115,id:p115-09;context:other-postverbal-negative-elements
waa teggwed,wees niet bang,don’t be afraid,,,,boek p. 116,id:p116-01;context:other-postverbal-negative-elements
waa teggwed ca,wees niet bang,don’t be afraid,,,,boek p. 116,id:p116-02;context:other-postverbal-negative-elements
waa t-yezri ḥedd,niemand zag hem,nobody saw him,,,,boek p. 116,id:p116-03;context:other-postverbal-negative-elements
waa das-nnin walu,zij zeiden hem niets,they did not say anything to him,,,,boek p. 116,id:p116-04;context:other-postverbal-negative-elements
waa ɣari uřa d ijjen,ik heb niemand (lett. er is zelfs niemand bij mij),I don’t have anybody (lit. not even somebody is with me),,,,boek p. 116,id:p116-05;context:other-postverbal-negative-elements
waa itifi ɣia di rxadrr nwem,het zal alleen zijn zoals jij wilt (lett. het zal niet anders zijn dan naar jouw wens),it will only be as you wish (lit. it will not be but as your wish),,,,boek p. 116,id:p116-06;context:other-postverbal-negative-elements
waa ɣaawem ra yemma-twem ra ɛenti-twem,jij hebt noch een moeder noch een tante (vaderskant),you have neither a mother nor a paternal aunt,,,,boek p. 116,id:p116-07;context:other-postverbal-negative-elements
welleh ma ɣaas řḥeqq,"bij God, hij heeft geen gelijk!","by God, he is not right!",,,,boek p. 116,id:p116-08;context:negative-constructions-with-ma
aḥḥq-aṛṛebbi ma d necc,"bij de Waarheid van God, ik ben het niet","by the Truth of God, it is not me",,,,boek p. 116,id:p116-09;context:negative-constructions-with-ma
a welleh huma ssiɣ-t,ik zal het zeker opeten!,I shall certainly eat it!,,,,boek p. 117,id:p117-01;context:negative-constructions-with-ma
welleh ma ssiɣ-t,ik heb het absoluut niet gegeten,I have absolutely not eaten it,,,,boek p. 117,id:p117-02;context:negative-constructions-with-ma
ɛemmaas ma yus-ed,hij is nooit gekomen,he has never come,,,,boek p. 117,id:p117-03;context:negative-constructions-with-ma
ɛemmaas waa d-yusi,hij is nooit gekomen,he has never come,,,,boek p. 117,id:p117-04;context:negative-constructions-with-ma
uca yuḥer ma ad yesbaa,toen werd hij het wachten beu,then he got fed up with waiting,,,,boek p. 117,id:p117-05;context:negative-constructions-with-ma
yuḥer wuccen ma ad yefhem,Jakhals probeerde tevergeefs te begrijpen,Jackal tried in vain to understand,,,,boek p. 117,id:p117-06;context:negative-constructions-with-ma
d uma,het is mijn broer,it is my brother,,,,boek p. 118,id:p118-01;context:general-outline-of-sentence-structure
d necc,ik ben het,it is me,,,,boek p. 118,id:p118-02;context:general-outline-of-sentence-structure
inu,het is van mij (lett. van mij),it is mine (lit. of me),,,,boek p. 118,id:p118-03;context:general-outline-of-sentence-structure
n yemma,het is van mijn moeder (lett. van mijn moeder),it is my mother’s (lit. of my mother),,,,boek p. 118,id:p118-04;context:general-outline-of-sentence-structure
ammu,het is zo,it is like this,,,,boek p. 118,id:p118-05;context:general-outline-of-sentence-structure
netta d uma,hij is mijn broer,he is my brother,,,,boek p. 118,id:p118-06;context:general-outline-of-sentence-structure
necc ammu,ik ben zo,I am like this,,,,boek p. 118,id:p118-07;context:general-outline-of-sentence-structure
qa-t di ṯaddaaṯ,hij is thuis,he is home,,,,boek p. 118,id:p118-08;context:general-outline-of-sentence-structure
tuɣa-ayi d ameḥḏaa,ik was vroeger student,I used to be a student,,,,boek p. 118,id:p118-09;context:general-outline-of-sentence-structure
yus-d,hij is aangekomen,he has arrived,,,,boek p. 118,id:p118-10;context:general-outline-of-sentence-structure
qa yewca baba ttmenyaṯ i Mimun,mijn vader heeft geld aan Mimoun gegeven,my father has given money to Mimoun,,,,boek p. 118,id:p118-11;context:general-outline-of-sentence-structure
yeɛbaa xaneɣ nhar-a yinsi,Egel heeft ons vandaag (nhar-a) voor de gek gehouden,Hedgehog has fooled us today (nhar-a),,,,boek p. 118,id:p118-12;context:general-outline-of-sentence-structure
yiwi-d aṛṛebbi nhar-a tyazitt,de Heer heeft ons vandaag een kip gebracht,the Lord has brought (us) today a chicken,,,,boek p. 119,id:p119-01;context:general-outline-of-sentence-structure
yeqqim netta dinni itenned itenned,hij (netta) bleef daar en draaide en draaide,he (netta) stayed there and turned and turned,,,,boek p. 119,id:p119-02;context:general-outline-of-sentence-structure
"tamɣaat-enni nneɣni, tecca nettaṯ tayaazist-enni","wat de andere vrouw betreft, zij (nettat) at de haas","as for the other woman, she (nettat) ate the hare",,,,boek p. 119,id:p119-03;context:general-outline-of-sentence-structure
"necc (,) wsiɣ-as landris inu i Fatima","wat mij betreft, ik gaf mijn adres aan Fatima","as for me, I gave my address to Fatima",,,,boek p. 119,id:p119-04;context:topicalization
"landris inu, wsiɣ-as-t,- i Fatima","wat mijn adres betreft, ik gaf het aan Fatima","as for my address, I gave it to Fatima",,,,boek p. 119,id:p119-05;context:topicalization
"Fatima, wsiɣ-as landris inu","wat Fatima betreft, ik gaf haar mijn adres","as for Fatima, I gave her my address",,,,boek p. 119,id:p119-06;context:topicalization
"nhar-a, wsiɣ-as landris inu i Fatima",vandaag gaf ik mijn adres aan Fatima,today 1 gave my address to Fatima,,,,boek p. 119,id:p119-07;context:topicalization
"lkitab-a, dayes landris n Fatima","wat dit boek betreft, het adres van Fatima staat erin","as for this book, the address of Fatima is in it",,,,boek p. 119,id:p119-08;context:topicalization
"netta, min yexdem wuccen?","wat hem betreft, wat deed de jakhals?","as for him, what did the jackal do?",,,,boek p. 120,id:p120-01;context:topicalization
nettaṯ qa-t t taḥenjiat,"wat haar betreft, zij is een meisje","as for her, she is a girl",,,,boek p. 120,id:p120-02;context:topicalization
tamɣaat-enni ɣaas ijjen mmi-s,"deze vrouw heeft een zoon (lett. deze vrouw, bij haar is een zoon van haar)","this woman has a son (lit. this woman, with her is a son of hers)",,,,boek p. 120,id:p120-03;context:topicalization
"nhar-a, necc wsiɣ-as landris inu i Fatima","vandaag, wat mij betreft, gaf ik mijn adres aan Fatima","today, as for me, I gave my address to Fatima",,,,boek p. 120,id:p120-04;context:topicalization
"necc, yemma waa ɣari ca","wat mij betreft, ik heb geen moeder","as for me, I don’t have a mother",,,,boek p. 120,id:p120-05;context:topicalization
"netta mucc, yeqqim ifetteḥ","hij, de kat, begon te zwemmen","he, the cat, started to swim",,,,boek p. 120,id:p120-06;context:topicalization
qa tisinaf waa das-ggint walu,"(qa) wat de naalden betreft, zij deden haar helemaal geen pijn","(qa) as for the needles, they didn’t hurt her at all",,,,boek p. 120,id:p120-07;context:topicalization
qa necc waa zemmaaɣ,"(qa) wat mij betreft, ik kan het niet (of: wat mij betreft, ik ben ziek)","(qa) as for me, I can’t (or: as for me, I am sick)",,,,boek p. 120,id:p120-08;context:topicalization
necc qa a cemm-awyeɣ,"wat mij betreft, (qa) ik zal met je trouwen","as for me, (qa) I shall marry you",,,,boek p. 120,id:p120-09;context:topicalization
qa necc d ɛenti-twem,ik ben jouw tante,I am your aunt,,,,boek p. 120,id:p120-10;context:topicalization
necc qa d ɛenti-twem,"wat mij betreft, ik ben jouw tante","as for me, 1 am your aunt",,,,boek p. 120,id:p120-11;context:topicalization
mařa waa ffiɣent ad ffɣeɣ necc,"als zij niet naar buiten gaan, zal ik naar buiten gaan, ik","if they don’t go out, I will go out, me",,,,boek p. 121,id:p121-01;context:post-topic
"d asemmam, uɣi-ɣa","het is zuur, deze melk (verbonden staat van ayi)","it is sour, this milk (Annexed State of ayi)",,,,boek p. 121,id:p121-02;context:post-topic
"qa d aḥenjia, win","het is een jongen, die daarginds","it is a boy, that one over there",,,,boek p. 121,id:p121-03;context:post-topic
"řeḇḏa dayes ṯaḥraymecṯ, netta","hij is altijd sluw, hij (lett. er is altijd sluwheid in hem, hij)","he is always cunning, he (lit. there is always cunningnecc in him, he)",,,,boek p. 121,id:p121-04;context:post-topic
d Wenni netta,zo is het nu eenmaal; oké,that’s the way it is; o.k.,,,,boek p. 121,id:p121-05;context:post-topic
"tenni qa iwyex-t, necc","die, ik ben met haar getrouwd, ik","that one, I am married to her, me",,,,boek p. 121,id:p121-06;context:post-topic
hwa cekk,ga naar beneden!,you go down!,,,,boek p. 121,id:p121-07;context:post-topic
(d) cemm i t-yenɣin,jij bent degene die haar gedood heeft,it is you who killed her,,,,boek p. 122,id:p122-01;context:focalization:-cleft-sentences
(d) řqaḏi i xam ɣa iḥekmen,het is de rechter die jou zal beoordelen,it is the judge who is going to judge you,,,,boek p. 122,id:p122-02;context:focalization:-cleft-sentences
zzayes i tettaaɣ,het is hiermee (een trommel) dat ik bedel,it is using this (a drum) that I beg,,,,boek p. 122,id:p122-03;context:focalization:-cleft-sentences
ammu i dayi-yegga yinsi,zo heeft Egel het mij aangedaan,it is like this that Hedgehog has done to me,,,,boek p. 122,id:p122-04;context:focalization:-cleft-sentences
waaǧi bu d necc i ten-d-ijemɛen,ik ben niet degene die ze bij elkaar heeft gezet,it is not me who put them together,,,,boek p. 122,id:p122-05;context:focalization:-cleft-sentences
waaǧi amenni i das-tennid ?,is het niet zo dat je het hem verteld hebt?,isn’t it like that that you told him?,,,,boek p. 122,id:p122-06;context:focalization:-cleft-sentences
"necc, imendi, necc i t ɣa yeccin","wat mij betreft, het graan, ik ben degene die het gaat nemen","as for me, the grain, it is me who is going to take it",,,,boek p. 122,id:p122-07;context:focalization:-cleft-sentences
qa d necc i yeǧan d lmalik,ik ben degene die de koning is,it is me who is the king,,,,boek p. 122,id:p122-08;context:focalization:-cleft-sentences
tuɣa d cekk i t-iɛedren ?,was jij degene die het gerepareerd heeft?,was it you who repaired it?,,,,boek p. 122,id:p122-09;context:focalization:-cleft-sentences
qa yewt-ayi ijjen sseyyed [usaaɣ-as aysum],"een heer van wie ik vlees gestolen had, heeft mij geslagen",a gentleman from whom I had stolen meat has beaten me,,,,boek p. 123,id:p123-01;context:indefinite-relatives
ḏin ijjen tqedduḥt [dayes řeḥrua],er was daar een blikken doos waar kruiden in zaten,there was there a tin box that had condiments in it,,,,boek p. 123,id:p123-02;context:indefinite-relatives
iwden ɣaa ijjen ṯaddaaṯ [texra],zij kwamen aan bij een huis dat verlaten was,they arrived at a house that was deserted,,,,boek p. 123,id:p123-03;context:indefinite-relatives
marra reɣbar-a [yeffɣen] a d-yeɛqeb da ɛaweḏ,al deze mest die naar buiten is gegaan (over het land verspreid) moet teruggehaald worden,all this dung which has gone out (been spread over the land) should be taken back,,,,boek p. 124,id:p124-01;context:subject-relatives
aayaz-enni [d ɣa yasen] d Mimun,de man die gaat komen is Mimoun,the man that is going to come is Mimoun,,,,boek p. 124,id:p124-02;context:subject-relatives
Wenni [ixeddmen řeḇḏa] ad yedwer d tajaa,wie de hele tijd werkt zal rijk worden,he who works all the time shall become rich,,,,boek p. 124,id:p124-03;context:subject-relatives
Wenni [waa ixeddmen ca] ad yeqqim d rmeskin,wie niet werkt zal arm blijven,he who doesn’t work will remain poor,,,,boek p. 124,id:p124-04;context:subject-relatives
aayaz [ i das-yewsin ttmenyaṯ] d tajaa = aayaz [das-yewsin ttmenyaṯ] d tajaa,de man die hem het geld gaf is rijk,the man who gave him the money is rich,,,,boek p. 124,id:p124-05;context:subject-relatives
zeǧseɣ s ttmenyaṯ [i dayi-yewca baba],ik betaalde met het geld dat mijn vader mij gegeven had,I payed with the money that my father had given me,,,,boek p. 124,id:p124-06;context:direct-object-relatives
tenni [umi ɣa yegg ṯiggesṯ] yessexsar-it,"ieder aan wie hij een tatoeage maakte, verpestte hij haar","each one to whom he made a tattoo, he spoiled her",,,,boek p. 124,id:p124-07;context:indirect-object-relatives
aayaz [umi t-wsiɣ] d ameddukeř inu,de man aan wie ik het gaf is mijn vriend,the man to whom I gave it is my friend,,,,boek p. 124,id:p124-08;context:indirect-object-relatives
missa [i x ssaaseɣ řkas-nni] t tameqqrant,de tafel waarop ik dit glas zette is groot,the table on which I put this glass is big,,,,boek p. 125,id:p125-01;context:prepositional-relatives
taḥenjiat [i yaa ǧa umedduker],een meisje dat een vriend heeft,a girl that has a boyfriend,,,,boek p. 125,id:p125-02;context:prepositional-relatives
(d) netta i d-yusin nhar-a,hij is degene die vandaag gekomen is,it is he who has come today,,,,boek p. 125,id:p125-03;context:cleft-constructions
(d) Mimun i zriɣ,het is Mimoun die ik zag,it is Mimoun that I saw,,,,boek p. 125,id:p125-04;context:cleft-constructions
wi dawem-t-yennan?,wie heeft het je verteld?,who told it to you?,,,,boek p. 125,id:p125-05;context:question-word-questions
min d-yesɣa zi ssuq?,wat heeft hij van de markt gekocht?,what did he buy from the market?,,,,boek p. 125,id:p125-06;context:question-word-questions
meřmi d ɣa tawdent?,wanneer ga je hier aankomen?,when are you going to arrive here ?,,,,boek p. 125,id:p125-07;context:question-word-questions
yebda yetxemmem,hij begon na te denken (lett. hij begon hij is aan het nadenken),he started to ponder (lit. he started he is pondering),,,,boek p. 126,id:p126-01;context:operator-verbs-and-complementizers
xseɣ ad merseɣ,ik wil trouwen (lett. ik wil ik zal trouwen),I want to marry (lit. I want I shall marry),,,,boek p. 126,id:p126-02;context:operator-verbs-and-complementizers
yuf-it yetxemmem,hij vond hem nadenkend (Imperfectief),he found him pondering (Imperfective),,,,boek p. 126,id:p126-03;context:operator-verbs-and-complementizers
yuf-it yeffeɣ,hij ontdekte dat hij naar buiten gegaan was (Perfectief),he found that he had gone out (Perfective),,,,boek p. 126,id:p126-04;context:operator-verbs-and-complementizers
qa yedwer d aḏḇiḇ,hij is dokter geworden,he has become a doctor,,,,boek p. 126,id:p126-05;context:operator-verbs-and-complementizers
yedwer qaɛ yeggenfa,hij werd volledig genezen,he became fully healed,,,,boek p. 126,id:p126-06;context:operator-verbs-and-complementizers
yessen illa ad ariɣ,hij weet dat ik zal schrijven,he knows that I will write,,,,boek p. 126,id:p126-07;context:operator-verbs-and-complementizers
qa tessned illa d mmi-m,jij weet dat het jouw zoon is,you know that it is your son,,,,boek p. 127,id:p127-01;context:operator-verbs-and-complementizers
qa tessned illa uma-c yeddaa,jij weet dat jouw broer leeft (lett. leeft),you know that your brother is alive (lit. lives),,,,boek p. 127,id:p127-02;context:operator-verbs-and-complementizers
lmuhimm tɛeqr-it illa d mmi-s,"welnu, zij herkende (hem) dat hij haar zoon was","well, she recognized (him) that he was her son",,,,boek p. 127,id:p127-03;context:operator-verbs-and-complementizers
tufa illa walu,zij ontdekte dat er niets was,she found that there was nothing,,,,boek p. 127,id:p127-04;context:operator-verbs-and-complementizers
yessen ad yessiwer,hij weet (hoe) te spreken,he knows (how) to speak,,,,boek p. 127,id:p127-05;context:operator-verbs-and-complementizers
waa ssineɣ ma yus-d,ik weet niet of hij gekomen is,I don’t know whether he came,,,,boek p. 127,id:p127-06;context:operator-verbs-and-complementizers
waa-ssi a d-yas niɣ lla,ik weet niet of hij zal komen of niet,I don’t know whether he will come or not,,,,boek p. 127,id:p127-07;context:operator-verbs-and-complementizers
netta d umedduker nnes,hij en zijn vriend,he and his friend,,,,boek p. 128,id:p128-01;context:coordination
imendi d farina d yaaden,"gerst, zachte tarwe en tarwe","barley, soft wheat and wheat",,,,boek p. 128,id:p128-02;context:coordination
"yewta ggw keccud-enni ammu, ak umi ɣa yewmet ggw keccud-enni...","hij sloeg zo op het stuk hout, en toen hij op het stuk hout geslagen had...","he hit on the piece of wood like this, and when he had hit on the piece of wood...",,,,boek p. 128,id:p128-03;context:coordination
"min ɣa tecced, ma aɣrum imendi niɣ Wenni n farina?","wat ga je eten, brood gemaakt van gerst, of dat gemaakt van zachte tarwe?","what are you going to eat, bread made of barley, or that made of soft wheat?",,,,boek p. 128,id:p128-04;context:coordination
"manis ɣa tadfed, ma zi rmejra niɣ zi tewwaat?","waarlangs zal je naar buiten gaan, door de greppel of door de deur?","whence will you go out, through the ditch or through the door?",,,,boek p. 128,id:p128-05;context:coordination
ma d azeggwaɣ niɣ d acemřař?,is het rood of is het wit?,is it red or is it white?,,,,boek p. 128,id:p128-06;context:coordination
ḏebbaa xasent niɣ ad uyuaɣ necc,ruim ze op of ik ga zelf!,dispose of them or I shall go myself!,,,,boek p. 129,id:p129-01;context:coordination
ma yettef mliḥ niɣ lla?,houdt het goed of niet?,does it hold well or not?,,,,boek p. 129,id:p129-02;context:coordination
"baba-twem ma ɣaas accawen, niɣ?","jouw vader, heeft hij horens, of (niet)?","your father, does he have horns, or (not)?",,,,boek p. 129,id:p129-03;context:coordination
qa ɣari mmi d waabib inu maca waa ssineɣ mmi zeggw aaḇiḇ inu,"ik heb een zoon en een stiefzoon, maar ik zie het verschil niet tussen mijn zoon en mijn stiefzoon (lett. maar ik ken mijn zoon niet van mijn stiefzoon)","I have a son and a stepson, but I can’t see the difference between my son and my stepson (lit. but I don’t know my son from my stepson)",,,,boek p. 129,id:p129-04;context:coordination
"neccin netɣir a t-id-yawi yemmut, seɛɛa yiwi-t-id yeddaa","wij dachten dat hij hem dood zou brengen, maar hij bracht hem levend!","we thought he would bring him dead, but he brought him alive!",,,,boek p. 129,id:p129-05;context:coordination
waa ɣaawem fa yemma-twem ra ɛenti-twem,jij hebt noch een moeder noch een tante (vaderskant),you have neither a mother nor a paternal aunt,,,,boek p. 129,id:p129-06;context:coordination
mařa texsed a dam-t-newc,"als je wilt, zullen we hem aan je geven","if you want, we will give him to you",,,,boek p. 130,id:p130-01;context:hypothetical-and-counterfactual
mařa waa ffiɣent ad ffɣeɣ necc,"als zij niet naar buiten gaan, zal ik zelf naar buiten gaan","if they don’t go out, I shall go out myself",,,,boek p. 130,id:p130-02;context:hypothetical-and-counterfactual
"mařa t taḥenjiat, jj-it","als het een meisje is, laat haar met rust","if it is a girl, leave her in peace",,,,boek p. 130,id:p130-03;context:hypothetical-and-counterfactual
mri d-usiɣ iri ssiɣ,"als ik gekomen was, zou ik gegeten hebben","if I had come, I would have eaten",,,,boek p. 130,id:p130-04;context:hypothetical-and-counterfactual
meɛlik c-tuɣa d uma iri aqq-es akidi,"als jij mijn broer geweest was, zou je bij mij geweest zijn","if you had been my brother, you would have been with me",,,,boek p. 130,id:p130-05;context:hypothetical-and-counterfactual
"waxxa dayi-t ɣa tewced t tameǧac, a t-qebreɣ","zelfs als je haar in de vorm van een ei geeft, zal ik haar accepteren","even if you give her in the form of an egg, I will accept her",,,,boek p. 130,id:p130-06;context:hypothetical-and-counterfactual
waxxa d Nunja nneɣ a t-awyeɣ,"zelfs als het onze Nunja is, zal ik met haar trouwen","even if it is our Nunja, I shall marry her",,,,boek p. 130,id:p130-07;context:hypothetical-and-counterfactual
waxxa temmut waa nzemmaa a t-necc,"zelfs als zij dood was, konden we haar niet opeten","even if she were dead, we could not eat her",,,,boek p. 130,id:p130-08;context:hypothetical-and-counterfactual
nitni umi ɣa awyen ibawen-ni waa ten-arrin ca,"zij, toen zij deze bonen met zich meegenomen hadden, plantten ze niet","they, when they had taken these beans with them, they did not plant them",,,,boek p. 131,id:p131-01;context:temporal-subordination
"umi I t-yenɣa, tbedd","toen hij hem gedood had, stond zij op","when he had killed him, she stood up",,,,boek p. 131,id:p131-02;context:temporal-subordination
xemmi traggwahen ɣaa ṯaddaaṯ teqqar-asen attas,"wanneer (of: terwijl) zij naar huis gaan, vertelt zij hun altijd veel","when (or; while) they go home, she always tells them a lot",,,,boek p. 131,id:p131-03;context:temporal-subordination
"xmi d ɣa treḥḥgent ɣaa ṯaddaaṯ, deḥcent marra","wanneer (of: terwijl) jullie bij het huis aankomen, moeten jullie allemaal lachen!","when (or: while) you will arrive at the house, all of you should laugh!",,,,boek p. 131,id:p131-04;context:temporal-subordination
ɛefseɣ x uma amen yettes,ik stapte op mijn broer terwijl hij sliep,I stepped on my brother while he was sleeping,,,,boek p. 131,id:p131-05;context:temporal-subordination
yeggua amen itett,hij liep en at tegelijkertijd,he walked and ate at the same time,,,,boek p. 131,id:p131-06;context:temporal-subordination
nedweɣ x yijjen weɣyur amen xafes iqubac degg ɣaaynen,ik sprong op een ezel terwijl er waterkruiken op hem zaten in zijn zadeltassen,I jumped on a donkey while there were water jars on him in his saddle bags,,,,boek p. 131,id:p131-07;context:temporal-subordination
yeggua itett,hij liep en at (tegelijkertijd),he walked and ate (at the same time),,,,boek p. 131,id:p131-08;context:temporal-subordination
"uca ruḥey ad ttseɣ zar yayetma, amen teggeɣ řeḇḏa",toen ging ik slapen tussen mijn broers zoals ik altijd deed,then 1 went to sleep between my brothers like I always did,,,,boek p. 131,id:p131-09;context:temporal-subordination
jj ar ɣa kkseɣ recjur-a,laat (het) totdat ik deze bomen zal nemen,leave (it) until 1 will take these trees,,,,boek p. 132,id:p132-01;context:temporal-subordination
yeqqim ifetteḥ arami yeua ijjen wesrem,"hij bleef zwemmen, totdat hij een vis zag","he kept on swimming, until he saw a fish",,,,boek p. 132,id:p132-02;context:temporal-subordination
necc waa tettseɣ ḥama yaasa wezru-yin,ik zal niet slapen totdat die steen daarginds neergezet is,I shall not sleep until that stone over there has been put down,,,,boek p. 132,id:p132-03;context:temporal-subordination
qbeř ɣa xerqeɣ usin-d lwaliḏin inu ɣaa Hulanḏa,"voordat ik geboren was, kwamen mijn ouders naar Nederland","before I was born, my parents came to the Netherlands",,,,boek p. 132,id:p132-04;context:temporal-subordination
qbeř ma a d-asen tuɣa ixeǧes,"voordat zij kwamen, had hij al betaald","before they came, he had already payed",,,,boek p. 132,id:p132-05;context:temporal-subordination
"zegga d-yusa, ihrec","sinds hij gekomen is, is hij ziek",since he has come he is ill,,,,boek p. 132,id:p132-06;context:temporal-subordination
zeggwami swiy pastiyya-nni ggenfiɣ,"sinds ik deze pil genomen heb, ben ik hersteld",since I took this pill I have recovered,,,,boek p. 132,id:p132-07;context:temporal-subordination
awaani umi ixreq aaḥren ɣaa Nnadua,"nadat hij geboren was, verhuisden zij naar Nador","after he was born, they moved to Nador",,,,boek p. 132,id:p132-08;context:temporal-subordination
uma ifaaḥ puřki yezr-it,"mijn broer is blij, omdat hij haar gezien heeft","my brother is happy, because he has seen her",,,,boek p. 133,id:p133-01;context:other-subordinations-and-coordinations
teggen řfaxaa huma ad ssengwen lmakla,zij legden houtskool neer om het eten te koken,they put on charcoal in order to cook the food,,,,boek p. 133,id:p133-02;context:other-subordinations-and-coordinations
tennuffaa huma waa t-id-yetwiri,zij verstopte zich zodat hij haar niet zou zien,she hid so that he would not see her,,,,boek p. 133,id:p133-03;context:other-subordinations-and-coordinations
Am neccin am wattas n yewdan mammec i ɛeqreɣ,"ik, zoals veel mensen, zoals ik het me herinner,","I, like many people, the way I remember,",,,,boek p. 134,id:p134-01;context:text
tuɣa xminni i ɣa raheɣ ad ttseɣ deggwxxam,wanneer ik in de kamer ging slapen,when I would go sleeping in the room,,,,boek p. 134,id:p134-02;context:text
"jaa yayetma d yemma,","tussen mijn broers en mijn moeder,","between my brothers and my mother,",,,,boek p. 134,id:p134-03;context:text
yemma tuɣa yaa a tessexsi ṯaftic n fqendif,mijn moeder doofde gewoon de pit van de olielamp,my mother would just put out the wick of the oil lamp,,,,boek p. 134,id:p134-04;context:text
"niɣ a tsud x teftic n tsumeet a t-tessexsi,","of blies op de pit van de kaars om hem te doven,","or blow on the wick of the candle in order to put it out,",,,,boek p. 134,id:p134-05;context:text
uca a tessenta a daneɣ-d-ṯini ijjen tḥajit zi tinni yessaggwaden attas,"en dan begon zij ons een van de heel enge verhalen te vertellen,","and then she would begin to tell us one of the very scary stories,",,,,boek p. 134,id:p134-06;context:text
"ḥima a nesqaa, niɣ ḥima a daneɣ-yawi yides ḏeɣya.","zodat wij stil zouden zijn, of zodat wij meteen in slaap zouden vallen (lett. zodat de slaap ons meteen zou meevoeren).","so that we would keep quiet, or so that we would fall asleep immediately (lit. so that sleep would carry us away immediately).",,,,boek p. 135,id:p135-01;context:text
Mammec tuɣa kidney ttnus ḥenna ca n twafatin,"zoals wanneer mijn grootmoeder soms bij ons sliep,","Like when my grandmother would sleep at our place some times,",,,,boek p. 135,id:p135-02;context:text
uřa d nettaṯ tuɣa teqqar-aneɣ-d tiḥuja zi tinni yessaggwaden attas.,vertelde zij ons ook heel enge verhalen.,she would also tell us very scary stories.,,,,boek p. 135,id:p135-03;context:text
Amecnaw tḥajit n wemziw niɣ amecnaw tḥajit-enni n tenni yeccin mmi-s,"zoals het verhaal van de menseneter, of zoals het verhaal van de vrouw die haar zoon opat,","Like the story of the ogre, or like the story of the woman that ate her son,",,,,boek p. 135,id:p135-04;context:text
niɣ n tenni i tuɣa yetraḥen s ǧiret ɣaa imedran,of van de vrouw die 's nachts naar het kerkhof ging,or of the woman that used to go to the cemetery at night,,,,boek p. 135,id:p135-05;context:text
tfetter dinni seysu s ufus umettin.,en daar couscous rolde met de hand van een dode.,and roll couscous there with the hand of a dead person.,,,,boek p. 135,id:p135-06;context:text
ḥenna tuɣa tessen ijjen wattas n tḥuza,mijn grootmoeder kende veel verhalen,My grandmother knew a lot of stories,,,,boek p. 135,id:p135-07;context:text
uca tuɣa xminni i daneɣ-d-teqqar ca n tḥajit,"dan, wanneer zij ons een verhaal vertelde","then, when she would tell us a story",,,,boek p. 135,id:p135-08;context:text
a teqqaa a teqqaa a daneɣ-d-tɛawed tḥajit-enni,"vertelde en vertelde en vertelde zij ons het verhaal,","she would tell and tell and tell us the story,",,,,boek p. 135,id:p135-09;context:text
"ar daneɣ-tesra marra neccuxrut,",totdat zij ons allemaal hoorde snurken.,until she heard us all snoring.,,,,boek p. 135,id:p135-10;context:text
xenni i ɣa tessen ḥenna belli yiwy-aneɣ yides,wanneer mijn grootmoeder wist dat wij in slaap gevallen waren,when my grandmother would know that we had fallen asleep,,,,boek p. 135,id:p135-11;context:text
uca a tesqaa ḥima uřa d nettaṯ a tettes.,stopte zij met praten zodat zij ook kon slapen.,she would stop speaking so that she could sleep too.,,,,boek p. 135,id:p135-12;context:text
maca ca n twaratin tesriɣ-as i ḥenna ttraɣa-ayi-d,maar soms hoorde ik mijn grootmoeder mij roepen:,But sometimes I heard my grandmother call me:,,,,boek p. 135,id:p135-13;context:text
"‘A ɛri inu, a ɛri inu, ma tettsed niɣ ɛad waa tettised?’","'Ali, mijn Ali, slaap je, of slaap je nog niet?'","‘Ali, my Ali, are you asleep, or are you not yet asleep?’",,,,boek p. 135,id:p135-14;context:text
"A das-iniɣ necc: ‘A ḥenna, necc ɛad waa ttiseɣ ca.'","ik antwoordde dan: 'Grootmoeder, ik slaap nog niet.'","I would answer: ‘Grandmother, I’m not yet asleep.’",,,,boek p. 136,id:p136-01;context:text
Uca a tsiɣi ḥenna a dayi-d-teqqar tḥajit-enni.,dan ging mijn grootmoeder verder met mij het verhaal te vertellen.,Then my grandmother would continue telling me the story.,,,,boek p. 136,id:p136-02;context:text
"uca tuɣa ḥenna kuř ṯwaṛa a tesqaa,","dan stopte mijn grootmoeder keer op keer met praten,","Then my grandmother would time and again stop speaking,",,,,boek p. 136,id:p136-03;context:text
uca a dayi-d-traɣa,en riep mij:,and call me:,,,,boek p. 136,id:p136-04;context:text
"‘A ɛri inu, a ɛri inu, ma tettsed niɣ ɛad? Waa tettised ca?’","'Ali, mijn Ali, slaap je of nog niet? Slaap je niet?'","‘Ali, my Ali, are you asleep or not yet? Aren’t you sleep?’",,,,boek p. 136,id:p136-05;context:text
"kuř ṯwaṛa a dayi-d-traɣa,","zij vroeg het mij keer op keer,","She would ask me time and again,",,,,boek p. 136,id:p136-06;context:text
txezzar-ayi ma yiwy-ayi yides niɣ ɛad.,kijkend of ik in slaap gevallen was of nog niet.,looking whether I had fallen asleep or not yet.,,,,boek p. 136,id:p136-07;context:text
"ruḥ xac, a xac nraḥ waa nteggwed! ḥazit-ek!",'wij zullen erdoorheen gaan zonder angst.','We will go through it without fear. ’,,,,boek p. 136,id:p136-08;context:text
Yekkaa ijj ujeǧid ɣaas ijjen yiyyaa n yaaden yemaɣa.,er was eens een koning die een groot tarweveld had.,Once upon a time there was a king who had a big field of wheat.,,,,boek p. 136,id:p136-09;context:text
"uca yus-d zeɛma yemsennad. uca kkint ccin tmeḥtac,",toen hing het over. toen kwamen er wat vrouwen voorbij die het gras maaiden.,Then it was hanging over. Then some women who mow the grass passed.,,,,boek p. 136,id:p136-10;context:text
"tuɣa waa-ssi seḇɛa uřa ṯřaṯa,","zij waren, ik weet niet, zeven of drie,","They were, I don’t know, seven or three,",,,,boek p. 136,id:p136-11;context:text
"necc muhimm ssneɣ ṯřaṯa, ad iniɣ ṯřaṯa.","(nou, ik weet drie, dus ik zeg drie.)","(Well, I know three, so I’ll say three.)",,,,boek p. 136,id:p136-12;context:text
Tenn-as tmezwarut:,de eerste zei:,The first one said:,,,,boek p. 137,id:p137-01;context:text
"- Mri dayi ɣa yawi bab n yiyyar-a,","- als de meester van dit veld met mij zou trouwen,","- If the master of this field would marry me,",,,,boek p. 137,id:p137-02;context:text
a das-ggeɣ ajeǧab s yijj uɣeydu.,zou ik hem een gewaad maken met één rolag (wolrol).,I would make him a gown with a single rolag.,,,,boek p. 137,id:p137-03;context:text
"Tɛawd-as tenneɣni, tenn-as:",de andere zei:,The other said:,,,,boek p. 137,id:p137-04;context:text
"- mařa yiwy-ayi bab n yiyyar-a,","- als de meester van dit veld met mij trouwt,","- If the master of this field marries me,",,,,boek p. 137,id:p137-05;context:text
a das-ggeɣ seksu s yijjen ṯiḏaatṯ.,zal ik hem couscous maken van één aar graan.,I will make him couscous out of a single ear of grain.,,,,boek p. 137,id:p137-06;context:text
Tenni taneggarut tenn-as:,de laatste zei:,The last one said:,,,,boek p. 137,id:p137-07;context:text
"- mařa yiwy-ayi bab n yiyyar-a,","- als de meester van dit veld met mij trouwt,","- If the master of this field marries me,",,,,boek p. 137,id:p137-08;context:text
a das-d-jjeɣ mmi-s ɣaas ṯiyuqiṯ n wuaɣ di tenyiat.,zal ik hem een zoon geven met een gouden parel op zijn voorhoofd.,I will give him a son with a golden pearl on his forehead.,,,,boek p. 137,id:p137-09;context:text
"netta tuɣa-t dinni, tuɣa yetɛesses, tuɣa yennuffaa yesḥessa ɣaasent.","hij was daar, hij bewaakte, hij had zich verstopt en luisterde naar hen.","He was there, he was guarding, he had hid and listened to them.",,,,boek p. 137,id:p137-10;context:text
"Yekkaa iruḥ yexdeb tamezwarut,","hij vroeg de hand van de eerste,","He asked the hand of the first one,",,,,boek p. 137,id:p137-11;context:text
tenni' das-yennan: ‘a dac-ggeɣ ajeǧab s yijj uɣeydu’.,degene die gezegd had: 'ik zal je een gewaad maken van één rolag',The one that had said: ‘I will make you a gown from a single rolag’,,,,boek p. 137,id:p137-12;context:text
"Ixedb-it, yiwy-it, yiwy-az-d ṯrist,","hij vroeg haar hand, hij trouwde met haar, hij bracht haar een vacht,","He asked her hand, he married her, he brought her a fleece,",,,,boek p. 138,id:p138-01;context:text
ṯrist uhuri amen tekmer.,een hele ramsvacht.,an entire ram’s fleece.,,,,boek p. 138,id:p138-02;context:text
"Teǧm-it tqaadc-it, hay hay, ca iruḥ diha, ca tzery-it,","zij spon het, zij kaardde het, ho ho! een deel ging hierheen, een deel liet zij wegrollen,","She spun it, she carded it, ho ho! some of it went here, some of it she let roll away,",,,,boek p. 138,id:p138-03;context:text
"waa das-t-teggi ca, waa das-teggi hu uqubbu.","zij maakte het niet voor hem, zij maakte geen mantel voor hem,","She did not make it for him, she did not make a cloak for him,",,,,boek p. 138,id:p138-04;context:text
Waa das-teggi ra d ṛqebb.,zij maakte zelfs geen kap voor hem.,She did not even make a hood for him.,,,,boek p. 138,id:p138-05;context:text
lɛawed i tenneɣni.,hij deed hetzelfde bij de andere.,He did the same to the other.,,,,boek p. 138,id:p138-06;context:text
Yiwi tenni das-yennan:,hij trouwde met degene die tegen hem gezegd had:,He married the one that had said to him:,,,,boek p. 138,id:p138-07;context:text
‘a das-ggeɣ seksu s yijjen ṯiḏaatṯ’.,'ik zal je couscous maken van één aar graan',‘I will make you couscous from a single ear of grain’,,,,boek p. 138,id:p138-08;context:text
"netta yiwy-as-d řmuḏḏ, řmuḏḏ n yiaden.","hij trouwde met haar en bracht haar een mud, een mud tarwe.","He married her and brought her a mud, a mud of wheat.",,,,boek p. 138,id:p138-09;context:text
"Thaay-iten, tssiff-iten, ca iruḥ t ṯanexxač,","zij maalde het, zij zeefde het, een deel werd zemelen,","She ground it, she sieved it, some of it became bran,",,,,boek p. 138,id:p138-10;context:text
"cway iruḥ d iwzan, cwayt t ṯiwzaṭin,","een deel werd gebroken graan, een deel fijn gebroken graan,","some of it became crushed grains, some finely crushed grains,",,,,boek p. 138,id:p138-11;context:text
cway d aan t taneɣda.,een deel meel als poeder.,some flour like powder.,,,,boek p. 138,id:p138-12;context:text
Waa das-teggi fa t tratac.,zij maakte zelfs geen couscous voor hem.,She did not even make for him any couscous rolling.,,,,boek p. 138,id:p138-13;context:text
"Taneggarut yiwy-it, tenni das-yennan:","hij trouwde met de laatste, degene die tegen hem gezegd had:","He married the last one, the one that had said to him:",,,,boek p. 139,id:p139-01;context:text
‘a das-d-jjeɣ mmi-s ɣaas ṯiyuqiṯ n wuaɣ di tenyiat.’,'ik zal je een zoon geven met een gouden parel op zijn voorhoofd.',‘I will give you a son with a golden pearl on his forehead.’,,,,boek p. 139,id:p139-02;context:text
"Yiwy-it yesbaa, ttak ttak, ɣaas ddiseṭ, yetɛayan.","hij trouwde met haar, hij wachtte geduldig, ttak ttak, zij werd zwanger, hij wachtte,","He married her, he waited patiently, ttak ttak, she became pregnant, he waited,",,,,boek p. 139,id:p139-03;context:text
"Yetɛayan, nhar-a ṯiwecca, nhar-a ṯiwecca,","hij wachtte, dag na dag, dag na dag.","he waited, day after day, day after day.",,,,boek p. 139,id:p139-04;context:text
"yiwed-d xas tsɛe chua, tzeyyed, turu-d,","zij bereikte haar negen maanden (lett. negen maanden bereikten haar), en zij beviel,","She reached her nine months (lit. nine months reached her), and she gave birth,",,,,boek p. 139,id:p139-05;context:text
turu-d mmi-s ɣaas ṯiyuqiṯ n wuaɣ di tenyiat.,zij baarde een zoon met een gouden parel op zijn voorhoofd.,she gave birth to a son with a golden pearl on his forehead.,,,,boek p. 139,id:p139-06;context:text
Tekkaa tacniwin nnes ɣiant zzayes nnant-as:,de andere vrouwen werden jaloers en zeiden:,The other wives became jealous and said:,,,,boek p. 139,id:p139-07;context:text
"- Xyaa taniti tejj-d mmi-s ɣaas ṯiyuqiṯ n wuaɣ di tenyiat,","- oké, zij heeft een zoon gebaard met een gouden parel op haar voorhoofd,","- Okay, she has given birth to a son with a golden pearl on her forehead,",,,,boek p. 139,id:p139-08;context:text
"neccin min nenna waa neggi ca, taniti a ṯiři tefder xaneɣ?!","wij, wij deden niet wat we beloofd hadden, en zij, zij zou beter moeten zijn dan wij?!","we, we did not do what we had promised, and she, she should be better than us?!",,,,boek p. 139,id:p139-09;context:text
"Tekkaa-d tekk-d senni ijjen tmesɛect,","dus kwam er een bedelvrouw voorbij,","So a beggar woman passed by,",,,,boek p. 139,id:p139-10;context:text
"neccin neqqar-as ṯameṣɛecṯ, ttettaa.","wij noemen het een bedelvrouw, zij bedelde.","we call it a beggar women, she begged.",,,,boek p. 139,id:p139-11;context:text
"nettaṯ meskina mix d-tejja aḥenjia-nni, tesxef safi.",de arme was helemaal flauwgevallen toen zij de jongen gebaard had.,The poor one had fully fainted when she had given birth to the boy.,,,,boek p. 139,id:p139-12;context:text
"Wsint-as tehru uca sfesyent-as ddhen,","zij gaven het haar, zij dronk, zij smolten boter voor haar,","They gave it to her, she drank, they melted butter for her,",,,,boek p. 139,id:p139-13;context:text
"teggent ddegg-nni, safi teshed, ttekk adu tmuat.","zij deden dat soort dingen, toen viel zij flauw, zij viel flauw (lett. zij ging onder de grond door)","They did that sort of thing, then she fainted, she fainted (lit. she passed under the ground)",,,,boek p. 140,id:p140-01;context:text
"Ksint-as aḥenjia-nni nnant-as, tmeɛɛec, tenn-as:","zij namen de jongen van haar weg en zeiden tegen haar, zij bedelde, zij zei tegen haar:","They took the boy away from her and said to her, she was begging, she said to her:",,,,boek p. 140,id:p140-02;context:text
"- A xači waa yaaney da ca, yaaney illa icten turn,","- tante, wij hebben hier niets, wij hebben alleen iemand die gebaard heeft,","- Aunty, we don’t have anything here, we only have someone who has given birth,",,,,boek p. 140,id:p140-03;context:text
"tendaa mmi-s tugi a t-tessyem,","en haar zoon weggegooid heeft, zij weigert hem op te voeden.","and thrown away her son, she refuses to raise him.",,,,boek p. 140,id:p140-04;context:text
mařa texsed a dam-t-newc a t-tesseymed.,"als je wilt, zullen we hem aan je geven zodat je hem kunt opvoeden.","If you want, we shall give him to you so that you can raise him.",,,,boek p. 140,id:p140-05;context:text
Tenn-as: - wah a yessi ewcentt-ayi-t.,"zij zei: - oké, mijn dochters, geef hem aan mij.","She said: - Okay, my daughters, give him to me.",,,,boek p. 140,id:p140-06;context:text
Teksi-t nettaṯ.,zij nam hem met zich mee.,She took him with her.,,,,boek p. 140,id:p140-07;context:text
"uca wcint-as, qessent-as tirettett,","dus gaven zij hem aan haar, zij sneden zijn pink af,","So they gave him to her, they cut off his little finger,",,,,boek p. 140,id:p140-08;context:text
ggint-as-t deg qemmum i yemma-s.,en stopten die in de mond van zijn moeder.,and put it in the mouth of his mother.,,,,boek p. 140,id:p140-09;context:text
"Ggint-as-t deg qemmum, tuyua,","zij stopten het in de mond (van zijn moeder) en zij ging weg,","They put it in the mouth (of his mother) and she went away,",,,,boek p. 140,id:p140-10;context:text
"wcint-as aseymi, sseḥnunndent-t di tsunnad, di tkettanin.","zij gaven haar de baby, zij wikkelden hem in luiers, in doeken.","they gave her the baby, they wrapped him in swaddling clothes, in cloths.",,,,boek p. 140,id:p140-11;context:text
Tsseḥnunnd-it di tsunnad nnes teksi-t.,zij wikkelde hem in luiers en nam hem met zich mee.,She wrapped him in swaddling clothes and she took him with her.,,,,boek p. 140,id:p140-12;context:text
"Teksi-t tmesɛect-nni, safi.","de bedelvrouw nam hem mee, dat is het.","The beggar woman took him away, that’s it.",,,,boek p. 140,id:p140-13;context:text
"kkaa ggint-as tirettett-nni deg qemmum umi tuyua tmesɛect-nni,","dus stopten zij de pink in haar mond toen de bedelvrouw weggegaan was,","So they put the little finger in her mouth when the beggar woman had gone away,",,,,boek p. 141,id:p141-01;context:text
"mbeɛd umi t-twaran ggua a tfaq, sekkaant tɣuyyit;","en toen, toen zij zagen dat zij wakker zou worden, begonnen zij te huilen:","and then, when they saw that she was going to wake up they started to cry:",,,,boek p. 141,id:p141-02;context:text
"- Aaaaa qa ta tecca mmi-s,","- oooohhh, zij heeft haar zoon opgegeten!","- Oooohhh, she has eaten her son!",,,,boek p. 141,id:p141-03;context:text
"neccin nerha kis, neccuds-it ttaaf nnes, nennd-it,","wij, wij zorgden voor hem, wij lieten hem naast haar slapen, wij wikkelden hem in,","We, we were taking care of him, we made him sleep at her side, we swaddled him,",,,,boek p. 141,id:p141-04;context:text
a qa tecca mmi-s!,en nu heeft zij haar zoon opgegeten!,and now she has eaten her son!,,,,boek p. 141,id:p141-05;context:text
Ssekkaant xac tɣuyyit.,zij begonnen te huilen.,They started to cry.,,,,boek p. 141,id:p141-06;context:text
"Yqqggweḥ-d waayaz, nnant-as:",de man kwam thuis en zij vertelden hem:,The husband came home and they told him:,,,,boek p. 141,id:p141-07;context:text
"- a siḏi, a qa tamɣaat nnes i dac-d-yejjin mmi-c","- o meneer, uw vrouw die u een zoon gegeven heeft","- O Sir, your wife that has given you a son",,,,boek p. 141,id:p141-08;context:text
"ɣaas ṯiyuqiṯ n wuaɣ di tenyiat, a qa tecc-it!","met een gouden parel op zijn voorhoofd, zij heeft hem opgegeten!","with a golden pearl on his forehead, she has eaten him!",,,,boek p. 141,id:p141-09;context:text
Yekkaa netta yessekk abarraḥ ɣaa udewwaa-nni.,hij stuurde een boodschapper naar het dorp.,He sent out a messenger to the village.,,,,boek p. 141,id:p141-10;context:text
Yenna: - a qa mamec das ɣa ggeɣ.,hij zei: - dit is wat ik haar zal aandoen.,He said: - This is what I shall do to her.,,,,boek p. 141,id:p141-11;context:text
Iɣaas i yijj ufunas yekhs-as irem-nni,"hij slachtte een os, hij trok de huid eraf","He slaughtered an ox, he took off the hide",,,,boek p. 141,id:p141-12;context:text
"yegg-it xas, yesyaad-as-t.","en deed hem haar aan, hij liet haar hem dragen.","and put it on her, he made her wear it.",,,,boek p. 141,id:p141-13;context:text
"uca Wenni ɣaa ǧa ca n weɣyur, Wenni ɣaa ǧa ca ufunas,","daarna, iedereen die een ezel had, iedereen die een os had,","After that, anyone who had a donkey, anyone who had an ox,",,,,boek p. 142,id:p142-01;context:text
"Wenni yaa ǧa ca n werɣem, aya ruḥus,","iedereen die een kameel had, elk soort dier,","anyone who had a camel, any kind of animal,",,,,boek p. 142,id:p142-02;context:text
yesmuna-yas-t-id s kucci.,bracht hij ze allemaal bij elkaar voor haar.,he would put them all together for her.,,,,boek p. 142,id:p142-03;context:text
"Yesmun-os-t-id, tebda ttras.",hij bracht ze bij elkaar voor haar en zij begon ze te hoeden.,He put them together for her and she started herding them.,,,,boek p. 142,id:p142-04;context:text
"ruḥen wussan usin-d, ruḥen wussan usin-d,","de dagen kwamen, de dagen gingen, de dagen kwamen, de dagen gingen,","The days came, the days went, the days came, the days went,",,,,boek p. 142,id:p142-05;context:text
"aḥenjia-nni yemɣaa, yeqqim itiraa.",de jongen groeide op en begon te spelen.,the boy grew up and started to play.,,,,boek p. 142,id:p142-06;context:text
"Tesseym-it tmesɛect-nni, yemɣaa, d aayaz.","de bedelvrouw voedde hem op, hij groeide op, hij werd een man.","The beggar woman raised him, he grew up, he became a man.",,,,boek p. 142,id:p142-07;context:text
Yekkaa min yexdem netta,dus wat deed hij?,So what did he do?,,,,boek p. 142,id:p142-08;context:text
"ɣaas yis d wuccen d wucca, yaabba-ten","hij had een paard, een jakhals en een windhond, en hij voedde ze (samen) op.","He had a horse, a jackal and a greyhound, and he raised them (together).",,,,boek p. 142,id:p142-09;context:text
uca yekkaa itiraa ṯcamma uḥenjia-nni.,toen begon de jongen met een bal te spelen.,Then the boy started to play ball.,,,,boek p. 142,id:p142-10;context:text
"Yekkaa itiraa ṯcamma yalleh, yalleh, yalleh,","hij speelde maar door en door met de bal,","He played ball on and on and on,",,,,boek p. 142,id:p142-11;context:text
yewta ṯcamma ‘ttraaak’.,"hij sloeg de bal, ttraaak.","he hit the ball, ttraaak.",,,,boek p. 142,id:p142-12;context:text
ijjen twessaat waa-ssi iqerb-as řḇuameṯ,"een oude vrouw, ik weet niet, hij schopte haar ketel om;","An old woman, I don’t know, he kicked over her kettle;",,,,boek p. 142,id:p142-13;context:text
"tuɣa ttfewwaa seksu, uřa waa ssineɣ.",zij was couscous aan het stomen (of ik weet niet [wat zij precies deed]).,She was steaming couscous (or I don’t know [what she was doing exactly]).,,,,boek p. 143,id:p143-01;context:text
"lqerb-as-t-id, tseyyḥ-as-d. Teffeɣ-d:","hij schopte hem om en hij morste, zij kwam naar buiten:","He kicked it over and it spilled over, she came out:",,,,boek p. 143,id:p143-02;context:text
- A wi yeggin ammu a dawem-yewc...!!,"- degene die dat gedaan heeft, moge Hij je geven..","- The one that did that, may He give you..",,,,boek p. 143,id:p143-03;context:text
"Ttedɛa, ttekkwua. Nnan-as iḥenjian nneɣni:","zij klaagt, zij scheldt. de andere jongens zeiden tegen haar:","She complains, she insults. The other boys told her:",,,,boek p. 143,id:p143-04;context:text
"- A qa waa ǧi hu d neccin, a qad fṛan.","- wij waren het niet, het was die-en-die.","- It wasn’t us, it was so-and-so.",,,,boek p. 143,id:p143-05;context:text
Tenn-as: - Mri ɣa tegged inaḏan i yemma-c,zij zei: - had je maar goede daden voor je moeder gedaan!,She said: - Would that you had done good deeds to your mother!,,,,boek p. 143,id:p143-06;context:text
a qa srasenn-as ireɣman.,zij lieten haar kamelen hoeden.,they let her herd camels.,,,,boek p. 143,id:p143-07;context:text
"A qa tenni ɣaak a qa tseym-ic waha,","degene die je hebt, zij heeft je alleen opgevoed,","The one that you have, she just raised you,",,,,boek p. 143,id:p143-08;context:text
a qa waa ǧi bu d yemma-c,zij is jouw moeder niet.,she is not your mother.,,,,boek p. 143,id:p143-09;context:text
"Yqqggweh ixeyyeq,","hij kwam thuis met een slecht humeur,","He came home with a bad temper,",,,,boek p. 143,id:p143-10;context:text
a qa tenni t-yesseymen yeqqar-as yemma.,je weet dat hij degene die hem opgevoed had moeder noemde.,you know he called the one that had raised him mother.,,,,boek p. 143,id:p143-11;context:text
Yenn-as: - A yemma a dayi-tegged cwayt uḥaabid.,"hij zei: - moeder, je moet wat pap voor mij maken.","He said: - Mother, you must make some porridge for me.",,,,boek p. 143,id:p143-12;context:text
Yenn-as: - maca a yemma a dayi-tegged cwayt n ddhen aḥuři dayes.,"hij zei: - maar, moeder, je moet er wat ghee in doen.","He said: - But, mother, you should put some ghee in it.",,,,boek p. 143,id:p143-13;context:text
Tenn-as: - wah a mmi.,"zij zei: - oké, mijn zoon.","She said: - Okay, my son.",,,,boek p. 143,id:p143-14;context:text
Yenn-as: - Gg-it s ufus nnem.,hij zei: - doe het met je hand.,He said: - Do it with your hand.,,,,boek p. 144,id:p144-01;context:text
Yenn-as:,hij zei:,He said:,,,,boek p. 144,id:p144-02;context:text
- Xemmi ɣa yengw waa t-id-tfarraɣ ar dayi-t-tinid.,"- wanneer het kookt, giet het niet uit voordat je het mij verteld hebt.","- When it boils, don’t pour it out before you have told me.",,,,boek p. 144,id:p144-03;context:text
"Yekkaa yengwa, tenn-as: - A mmi, yegwa.","het kookte en zij zei: - mijn zoon, het is klaar.","It boiled and she said: - My son, it is ready.",,,,boek p. 144,id:p144-04;context:text
Truḥ ɣaas tenn-as - Qa yengwa.,zij kwam naar hem toe en zei: - het is klaar.,She came to him and said: - It is ready.,,,,boek p. 144,id:p144-05;context:text
"Yekkaa, tuɣa yeqqim.","hij stond op, hij had gezeten.","He rose, he had been sitting.",,,,boek p. 144,id:p144-06;context:text
"Truḥ ɣaas, ddhen-nni tekks-it-id s ufus nnes.","zij ging naar hem toe, zij haalde de boter eruit met haar hand.","She went to him, she took the butter out with her hand.",,,,boek p. 144,id:p144-07;context:text
Yenn-as: Kks-it-id s ufus nnem.,hij zei: - haal het eruit met je hand.,He said: - Take it out with your hand.,,,,boek p. 144,id:p144-08;context:text
Tekks-it-id s ufus nnes.,zij haalde het eruit met haar hand.,She took it out with her hand.,,,,boek p. 144,id:p144-09;context:text
Yenn-as: - Gg-it s ufus nnem di teyduat-nni.,hij zei: - doe het met je hand in de pot.,He said: - Put it with your hand into the pot.,,,,boek p. 144,id:p144-10;context:text
"nettaṯ truḥ a t-tegg, netta yettf-as ḏin fus.","zij stond op het punt het te doen, maar hij pakte haar hand daar. (nl. terwijl die in de pot was)","She was about to do it, but he took her hand there. (scil. while in the pot)",,,,boek p. 144,id:p144-11;context:text
"Yenn-as: - A dayi-tinid ma s tidet cem d yemma,","hij zei: - je moet me vertellen, ben je echt mijn moeder,","He said: - You must tell me, are you really my mother,",,,,boek p. 144,id:p144-12;context:text
ma ɣari ca n yemma nneɣni?!,of heb ik een andere moeder?,or do I have another mother?,,,,boek p. 144,id:p144-13;context:text
Tenn-as: - wah a mmi aqa-t ɣaak.,"zij zei: - ja, mijn zoon, je hebt (een andere moeder).","She said: - Yes, my son, you do have (another mother).",,,,boek p. 145,id:p145-01;context:text
"Aqa ha mamec, qa necc kkiɣ ssenni tuɣa tmeɛɛceɣ.","zo is het, ik kwam daar langs, ik was aan het bedelen.","This is how it is, I passed there, I was begging.",,,,boek p. 145,id:p145-02;context:text
Nnant-ayi: ‘A qa tendar-it yemma-s tugi a t-tesyem.’,"zij vertelden mij: 'zij heeft hem weggegooid, zijn moeder weigert hem op te voeden'.","They told me: ‘She has thrown him away, his mother refuses to raise him’.",,,,boek p. 145,id:p145-03;context:text
"Ysiɣ-cek, sseymeɣ-cek.",ik nam je met me mee en ik voedde je op.,I took you with me and I raised you.,,,,boek p. 145,id:p145-04;context:text
Yenn-as: - mani teǧa?’,hij zei: - waar is zij?,He said: - Where is she?,,,,boek p. 145,id:p145-05;context:text
"Tenn-as: - ddcaa-nni yeggwez, attas n lmasafa.","zij zei: - het dorp is ver weg, een grote afstand.","She said: - The village is far away, a big distance.",,,,boek p. 145,id:p145-06;context:text
uca yeggwua. Yettef uccen-nni.,toen ging hij. hij nam de jakhals.,Then he went. He took the jackal.,,,,boek p. 145,id:p145-07;context:text
"Yenn-as: - A ɣaas raheɣ, a xac aazuɣ.","hij zei: - ik zal naar haar toe gaan, ik zal naar haar zoeken.","He said: - I shall go to her, I shall search her.",,,,boek p. 145,id:p145-08;context:text
uca yettef uccen iqaan-it ɣaa wucca.,"toen nam hij de jakhals, en maakte hem vast aan de windhond.","Then he took the jackal, and attached it to the greyhound.",,,,boek p. 145,id:p145-09;context:text
uca yenɣa x uyis nnes.,toen besteeg hij zijn paard.,Then he mounted his horse.,,,,boek p. 145,id:p145-10;context:text
"Yeggwua yeggwua yeggwua, uca zarren-t yewdan.","hij ging, hij ging, hij ging, en de mensen zagen hem keer op keer,","He went, he went, he went, and the people saw him time and again,",,,,boek p. 145,id:p145-11;context:text
uca a as-inin:,en zeiden dan:,and would say:,,,,boek p. 145,id:p145-12;context:text
- subḥanllah uccen imun akeḏ wucca!,"- verbazingwekkend!, een jakhals gaat samen met een windhond.","- Amazing!, a jackal goes together with a greyhound.",,,,boek p. 145,id:p145-13;context:text
uca a as-yini netta:,en hij zei dan:,And he would say:,,,,boek p. 146,id:p146-01;context:text
- subḥanllah tenni yeccin mmi-s man ṯammuaṯ di teǧa?,"- verbazingwekkend! degene die haar zoon opat, in welk land is zij?","- Amazing! The one who ate her son, in which land is she?",,,,boek p. 146,id:p146-02;context:text
A as-inin: - ruḥ a qa ntesra xas! Maca ruḥ yaa zzaṭ!,"en zij zeiden dan: - ga, wij hebben over haar gehoord. maar ga verder.","and they would say: - Go, we heard about her. But go further.",,,,boek p. 146,id:p146-03;context:text
Yeqqim yeggwua yeggwua yeggwua uḥenjia-nni.,de jongen bleef maar doorgaan en doorgaan en doorgaan.,The boy kept on going and going and going.,,,,boek p. 146,id:p146-04;context:text
Wenni i kides ɣa yemserqan a das-yini:,iedereen die hem ontmoette zei:,Everyone that met him said:,,,,boek p. 146,id:p146-05;context:text
- subḥanllah uccen imun akeḏ wucca!,"- verbazingwekkend!, een jakhals gaat samen met een windhond.","- Amazing!, a jackal goes together with a greyhound.",,,,boek p. 146,id:p146-06;context:text
A das-yarr netta:,en hij antwoordde dan:,and he would answer:,,,,boek p. 146,id:p146-07;context:text
- subḥanllah tenni yeccin mmis man ṯammuaṯ di teǧa?,"- verbazingwekkend! degene die haar zoon opat, in welk land is zij?","- Amazing! The one who ate her son, in which country is she?",,,,boek p. 146,id:p146-08;context:text
"uca umi ɣa yuyua, ařmi yufa tenni mani taawes.","dus ging hij tot hij haar vond, waar zij aan het hoeden was.","So he went until he found her, where she herded.",,,,boek p. 146,id:p146-09;context:text
"uca nettaṯ s uqemmum nnes tenn-as,","en zij, met haar eigen mond, zei tegen hem,","And she, with her proper mouth, said to him,",,,,boek p. 146,id:p146-10;context:text
"nettaṯ tenni umi srasen ireɣman, yemma-s-nni, tenn-as:","zij, degene die zij kamelen lieten hoeden, deze moeder van hem, zij zei:","she, the one that they made herd camels, this mother of his, she said:",,,,boek p. 146,id:p146-11;context:text
- subḥanllah uccen imun akeḏ wucca!,"- verbazingwekkend!, een jakhals gaat samen met een windhond.","- Amazing!, a jackal goes together with a greyhound.",,,,boek p. 146,id:p146-12;context:text
"Yenn-as netta: - subḥanllah a ṛalla,","en hij zei: - verbazingwekkend, mevrouw!","and he said: - Amazing, mylady!",,,,boek p. 146,id:p146-13;context:text
tenni yeccin mmi-s man ṯammuaṯ di teǧa?,"degene die haar zoon opat, in welk land is zij?","The one who ate her son, in which country is she?",,,,boek p. 146,id:p146-14;context:text
Tenn-as: - D necc a mmi!,"zij zei: - ik ben het, mijn zoon!","She said: - It’s me, my son!",,,,boek p. 147,id:p147-01;context:text
Tenn-as: - Cciɣ mmi am waa t-cciɣ.,zij zei: - ik heb mijn zoon opgegeten alsof ik hem niet opgegeten heb.,She said: - 1 have eaten my son like I did not eat him.,,,,boek p. 147,id:p147-02;context:text
"Tenn-as: - ɣaa aabbi waa ssiɣ bu mmi, ɣaa rɛebd ssix-t.","zij zei: - wat God betreft, heb ik mijn zoon niet opgegeten, wat de mensen betreft, heb ik hem opgegeten.","She said: - As God concerns, I did not eat my son, as men concerns, I ate him.",,,,boek p. 147,id:p147-03;context:text
"uca yebda, iɛawd-as. Tɛawd-as rqissa.",dus begon hij en vertelde het haar. zij vertelde hem het verhaal.,So he started and told her. She told him the story.,,,,boek p. 147,id:p147-04;context:text
"Yeqqim kides iɛawd-as marra min das-iweqɛen,","hij ging bij haar zitten en vertelde haar alles wat hem overkomen was,","He sat down with her and told her everything that had happened to him,",,,,boek p. 147,id:p147-05;context:text
"min das-ggin, mant ssibba, mamec das-temsaa.","wat zij hem aangedaan hadden, wat de reden was, wat hem overkomen was.","what they had done to him, what was the reason, what had happened to him.",,,,boek p. 147,id:p147-06;context:text
kuřci iɛawd-as-t. Yekkaa yenn-as:,hij vertelde haar alles. toen zei hij:,He told her everything. Then he said:,,,,boek p. 147,id:p147-07;context:text
- Ma a kidem raheɣ ɣaa waayaz-nni nnem a dayi-yessens?,"- kan ik met je meegaan naar die man van jou, zou hij mij voor de nacht uitnodigen?","- Can I go with you to that husband of yours, would he invite me for the night?",,,,boek p. 147,id:p147-08;context:text
"Tenn-as nettaṯ: - wah a mmi, mařa texsed a traḥed, a traḥed.","zij zei: - oké, mijn zoon, als je wilt gaan, moet je gaan.","She said: - Okay, my son, if you want to go, you should go.",,,,boek p. 147,id:p147-09;context:text
Yenn-as: - A das-ttaaɣ ttif-Uah.,hij zei: - ik zal hem om gastvrijheid vragen.,He said: - 1 will ask hospitality from him.,,,,boek p. 147,id:p147-10;context:text
amezwaru teggwed. Yenn-as:,eerst was zij bang. hij zei:,At first she was afraid. He said:,,,,boek p. 147,id:p147-11;context:text
"- Cem izzaa, necc a cem-d-dfaaɣ.","- ga jij eerst, ik zal je volgen.","- You go first, I shall follow you.",,,,boek p. 147,id:p147-12;context:text
Yaa izzaa sscn-ayi ṯaddaaṯ waha.,ga gewoon eerst en wijs me het huis.,Just go first and show me the house.,,,,boek p. 148,id:p148-01;context:text
"uca yendeh yis nnes, yiwi kis uccen akeḏ wucca.","hij leidde zijn paard, hij nam de jakhals en de windhond met zich mee.","He guided his horse, he took with him the jackal and the greyhound.",,,,boek p. 148,id:p148-02;context:text
Ggwuan. Iwden ɣaa ṯaddaaṯ.,zij liepen lange tijd. zij kwamen aan bij het huis.,They went a long time. They arrived at the house.,,,,boek p. 148,id:p148-03;context:text
Tenn-as: - Aq-ac da ijjen yaazzu xak.,zij zei: - er is hier iemand die naar je op zoek is.,She said: - There is someone here that is looking for you.,,,,boek p. 148,id:p148-04;context:text
"yeffeɣ ujeǧid-nni, a qa d azedzid. yeffeɣ, yenn-as:","de koning kwam naar buiten, het was een koning. hij kwam naar buiten en zei:","The king came out, it was a king. He came out and said:",,,,boek p. 148,id:p148-05;context:text
- Min c-d-yecqan?,- wat heeft je hierheen gebracht?,- What has brought you here?,,,,boek p. 148,id:p148-06;context:text
"Yenn-as: - Ttaaɣ ɣaak ttif-llah,","hij zei: - ik vraag om gastvrijheid,","He said: - I ask for hospitality,",,,,boek p. 148,id:p148-07;context:text
a dayi-tessensed nhar-a mařa yexs wur nnec.,"u zou mij vannacht moeten uitnodigen, als uw hart het wil.","you should invite me for the night today, if your heart wants.",,,,boek p. 148,id:p148-08;context:text
Yenn-as: - marḥba! Aqa-cek ɣari d anewji!,hij zei: - welkom! je bent mijn gast.,He said: - Welcome! You are my guest.,,,,boek p. 148,id:p148-09;context:text
uca yenn-as netta: - aḏef.,toen zei hij: - kom binnen!,Then he said: - Come in!,,,,boek p. 148,id:p148-10;context:text
Yessidf-it yeqqn-as yis-nni.,"hij liet hem binnen, hij bond het paard voor hem vast.","He let him in, he tied for him the horse.",,,,boek p. 148,id:p148-11;context:text
Ussa-nni d wuccen-nni yeqqn-iten ttaaf i uyis nsen.,hij maakte de windhond en de jakhals vast naast hun paard.,He attached the greyhound and the jackal at the side of their horse.,,,,boek p. 148,id:p148-12;context:text
Yegg-iten akides. Udfen.,hij bracht ze bij hem. zij gingen naar binnen.,He put them with him. They went in.,,,,boek p. 148,id:p148-13;context:text
"Yudef, yessidf-it, yegg-it, a qa d anewji.","hij ging naar binnen, hij liet hem binnen, hij deed het, hij was zijn gast.","He went in, he let him in, he did it, he was his guest.",,,,boek p. 148,id:p148-14;context:text
"Yenn-as: - Aqa-c ɣari d anewji,","hij zei: - je bent mijn gast,","He said: - You are my guest,",,,,boek p. 149,id:p149-01;context:text
"marḥba, aqa-c ɣari d anewji.","welkom, je bent mijn gast.","welcome, you are my guest.",,,,boek p. 149,id:p149-02;context:text
"uca iɛawd-as, yenn-as:",toen zei hij tegen hem:,Then he said to him:,,,,boek p. 149,id:p149-03;context:text
"- mayemmi teggim i ṯayya-yin amenni,","- waarom heb je dat gedaan bij die slavin daarginds,","- Why did you do thus to that slave woman over there,",,,,boek p. 149,id:p149-04;context:text
mayemmi das-teggim amenni?,waarom heb je dat gedaan?,Why did you do so?,,,,boek p. 149,id:p149-05;context:text
"Yenn-as: - Qa tenni, ah ya mmi, mri dac ɣa iniɣ.","hij zei: - die, oh mijn zoon, als ik het je zou vertellen.","He said: - That one, oh my son, if I would tell you.",,,,boek p. 149,id:p149-06;context:text
"Yenn-as: - Ttaak-ayi zeg wamziwen, qa tenni tecc-ayi mmi!","hij zei: - bewaar mij voor mensenetende monsters, zij heeft mijn zoon opgegeten.","He said: - Keep me away from ogres, she has eaten my son.",,,,boek p. 149,id:p149-07;context:text
"Swejdent amensi, swejdent kuřci,","zij bereidden het avondeten, zij bereidden alles,","They prepared dinner, they prepared everything,",,,,boek p. 149,id:p149-08;context:text
tayywin raɣant xas.,de slavinnen riepen hem.,the slave women called him.,,,,boek p. 149,id:p149-09;context:text
Yeysi amensi.,hij nam het avondeten.,He took the dinner.,,,,boek p. 149,id:p149-10;context:text
Yenn-as: - A as-ggeɣ ijj usutaa.,hij zei: - ik wil je iets vragen.,He said: - 1 want to ask you something.,,,,boek p. 149,id:p149-11;context:text
"Yenn-as: - Sutaa, necc ad ggeɣ!","hij zei: - vraag het, en ik zal het voor je doen.","He said: - Ask, and I shall do it for you.",,,,boek p. 149,id:p149-12;context:text
Yenn-as: - Ma a tejjed ṯayya-yin,hij zei: - zou je die slavin toestaan,He said: - Would you allow that slave woman,,,,boek p. 149,id:p149-13;context:text
a d-tqarreb ɣaa wendu a kiḏi tecc?,dichterbij de mand te komen en met mij te eten?,to come closer to the basket and eat with me?,,,,boek p. 150,id:p150-01;context:text
"Yenn-as: - Ah ya mmi, ttqqk-ac zeg wamziwen.","hij zei - wee, mijn zoon, bewaar mij voor mensenetende monsters.","He said - Woe, my son, keep me away from ogres.",,,,boek p. 150,id:p150-02;context:text
Tin tecc-ayi mmi.,zij heeft mijn zoon opgegeten.,She has eaten my son.,,,,boek p. 150,id:p150-03;context:text
lɛawd-as ṯanyana.,hij zei het nog een keer.,He said it once more.,,,,boek p. 150,id:p150-04;context:text
"Yenn-as: - umi t-tessutaad, d Wenni netta.","hij zei: - als je het vraagt, dan is het zo.","He said: - If you ask it, that’s what it is.",,,,boek p. 150,id:p150-05;context:text
Yesqarrb-it-id a kisen tecc.,hij liet haar dichterbij komen zodat zij met hen zou eten.,He let her come closer so that she would eat with them.,,,,boek p. 150,id:p150-06;context:text
"Tqarreb-d s ucaccu nnes amenni, s yirem,","zij kwam dichterbij met haar houten zeefraam, met de huid","She came closer with her wooden frame of a sieve, with the hide",,,,boek p. 150,id:p150-07;context:text
"ḥedd yeqqar-as caccu, ḥedd yeqqar-as irem.","(sommigen zeggen dat het een houten raam was, anderen zeggen dat het een huid was).","(Some say it was a wooden frame, others say it was a hide).",,,,boek p. 150,id:p150-08;context:text
"Tesqarrb-it-id, tebda ttett kis.","zij liet hem dichterbij komen, zij begon met hem te eten.","She made him come closer, she started to eat with him.",,,,boek p. 150,id:p150-09;context:text
uca ye ḇḏa yetɛawad-as.,toen begon hij weer tegen hem te praten:,Then he started to speak to him again:,,,,boek p. 150,id:p150-10;context:text
Yenn-as: - mamec temsaa a mmi?,"hij zei: - wat is er gebeurd, mijn zoon?","He said: - What happened, my son?",,,,boek p. 150,id:p150-11;context:text
"Yenn-as: - Iwyeɣ qedda n temɣarin, ijj nnhaa ruḥent...","hij zei: - ik trouwde met een aantal vrouwen, op een dag gingen zij...","He said: - 1 married a number of women, one day they went...",,,,boek p. 150,id:p150-12;context:text
"lɛawd-as rqissa manis kkint, manis ffɣent.","hij vertelde hem het verhaal hoe het allemaal gebeurd was (lett. hoe zij voorbijgegaan waren, hoe zij naar buiten gegaan waren).","He told him the story how it had all happened (lit. how they had passed, how they had gone out).",,,,boek p. 150,id:p150-13;context:text
"Yenn-as: - Iwyex-t, tenn-as:","hij zei: - ik trouwde met haar, zij had gezegd:","He said: - 1 married her, she had said:",,,,boek p. 151,id:p151-01;context:text
‘mařa yiwy-ayi bab n yiyyar-a,'als de meester van dit veld met mij trouwt,‘If the master of this field marries me,,,,boek p. 151,id:p151-02;context:text
a das-d-jjeɣ mmi-s ɣaas ṯiyuqiṯ n wuaɣ di tenyiat’.,zal ik hem een zoon geven met een gouden parel op zijn voorhoofd.',I will give him a son with a golden pearl on his forehead.’,,,,boek p. 151,id:p151-03;context:text
Yenn-as: - Iwyex-t tejj-ayi-t-id.,hij zei: - ik trouwde met haar en zij baarde hem.,He said: - 1 married her and she gave birth to him.,,,,boek p. 151,id:p151-04;context:text
Faaheɣ iɛezb-ayi řḥař. Yaa uneggaru tecc-ayi-t.,"ik was blij, ik was heel tevreden. uiteindelijk heeft zij hem opgegeten.","I was happy, I was very pleased. In the end she has eaten him.",,,,boek p. 151,id:p151-05;context:text
Yenn-as: - mamec yegga?,hij zei: - hoe zag hij eruit?,He said: - What was he like?,,,,boek p. 151,id:p151-06;context:text
Yenn-as: - ɣaas ṯiyuqiṯ n wuaɣ di tenyiat.,hij zei: - hij had een gouden parel op zijn voorhoofd.,He said: - He had a golden pearl on his forehead.,,,,boek p. 151,id:p151-07;context:text
"ɣaas aaḇɛa idudan, ineqs-as ijjen.","hij had vier vingers, waarvan er één ontbrak.","He had four fingers, one of of which was lacking.",,,,boek p. 151,id:p151-08;context:text
"Yenn-as: - i mařa ssesneɣɣ-ac mmi-c, min ɣa tegged?","hij zei: - en als ik je jouw zoon laat zien, wat zal je doen?","He said: - And if I show you your son, what shall you do?",,,,boek p. 151,id:p151-09;context:text
Yenn-as: - Sutaa uca tettfed. lɛawd-as: - Sutaa uca tettfed.,"hij zei: - vraag en je zal het krijgen, vraag en je zal het krijgen.","He said: - Ask and you will get it, ask and you will get it.",,,,boek p. 151,id:p151-10;context:text
Yenn-as: - mamec yegga mmi-s-nni?,hij zei: - hoe ziet jouw zoon eruit?,He said: - What is your son like?,,,,boek p. 151,id:p151-11;context:text
"lɛawd-as yenn-as: - ɣaas ṯiyuqiṯ n wuaɣ di tenyiat,","hij vertelde hem: - hij had een gouden parel op zijn voorhoofd,","He told him: - He had a golden pearl on his forehead,",,,,boek p. 151,id:p151-12;context:text
"ɣaas aaḇɛa idudan, ijj ineqs-as.","en vier vingers, waarvan er één ontbrak.","and four fingers, one of which was lacking.",,,,boek p. 151,id:p151-13;context:text
Yenn-as: - Aqa-c d Wenni i dayi-ixessen.,"hij zei: - kijk, hier is degene die ik mis.","He said: - Look, here is the one that I miss.",,,,boek p. 152,id:p152-01;context:text
"Yessecn-as ṯiřetteṯ-nni, yufa ɣaas qqbɛa.","hij liet hem de pink zien, en hij zag dat er maar vier (vingers) waren.","He showed him the little finger, and he saw that there were only four (fingers).",,,,boek p. 152,id:p152-02;context:text
"Yekkes arrezzet, tewta tfawkt, ṯiyuqiṯ-nni n wuaɣ.","hij deed zijn tulband af, en er scheen een licht, deze gouden parel.","He took off his turban, and a light shined, this golden pearl.",,,,boek p. 152,id:p152-03;context:text
uca idarrɛ-as i mmi-s. Bdan trun.,toen omhelsde hij zijn zoon. zij begonnen te huilen.,Then he embraced his son. They started to cry.,,,,boek p. 152,id:p152-04;context:text
"netta yetru, nettaṯ tetru, netta yetru baba-s.","hij huilde, zij huilde, hij, zijn vader, huilde.","He was crying, she was crying, he, his father, was crying.",,,,boek p. 152,id:p152-05;context:text
Arami hayan.,totdat zij moe werden.,Until they got tired.,,,,boek p. 152,id:p152-06;context:text
"Yesseḥma-yas aman i yemma-s, yekks-as caccu-nni.",hij verwarmde water voor zijn moeder en deed het houten raam af.,He heated water for his mother and took off the wooden frame.,,,,boek p. 152,id:p152-07;context:text
"Yenn-as: - Ttaak-as, waa das-neqqaa ca.",hij zei: 'laten we het haar niet vertellen.',He said: ‘Let us not tell her.’,,,,boek p. 152,id:p152-08;context:text
"Iruḥ yettes ak yemma-s,",hij ging samen met zijn moeder slapen.,He went to sleep together with his mother.,,,,boek p. 152,id:p152-09;context:text
"yesseḥma-yas aman, yessiad-as, yekks-as caccu-nni.","hij verwarmde water voor haar, hij waste haar, hij deed de huid af.","He heated water for her, he washed her, he took off the hide.",,,,boek p. 152,id:p152-10;context:text
"uca yenn-as: - Ma a dayi-tewced tina, tacniwin-a,","toen zei hij tegen hem: - zou je mij deze geven, deze andere vrouwen","Then he said to him: - Would you give me these, these other women",,,,boek p. 152,id:p152-11;context:text
i yiraan zeg yemma,die mijn moeder een streek geleverd hebben,that have played a trick on my mother,,,,boek p. 152,id:p152-12;context:text
a zaysent iraaɣ mamec iraant zeg yemma?,zodat ik met hen zal spelen zoals zij met mijn moeder gespeeld hebben?,so that I will play with them the way they played with my mother?,,,,boek p. 152,id:p152-13;context:text
"Yenn-as: - A mmi aq-ac-tent, Gg-asent min texsed.","hij zei - mijn zoon, hier zijn ze. doe met hen wat je wilt.","He said - My son, here they are. Do to them whatever you want.",,,,boek p. 152,id:p152-14;context:text
"Yettf-asent yesmun-asent imuzaan, aceɛɛua.","hij nam en bond hun haarlokken samen, hun haar.","He took and tied together their locks, their hair.",,,,boek p. 153,id:p153-01;context:text
lmud-it ɣaa unewwaa uyis.,hij vlocht het samen met de staart van het paard.,He braided it together with the tail of the horse.,,,,boek p. 153,id:p153-02;context:text
uca yettf-as uca yeqqn-it ɣaa unewwaa uyis nnes.,"toen nam hij het, hij maakte het vast aan de staart van zijn paard.","Then he took it, he attached it to the tail of his horse.",,,,boek p. 153,id:p153-03;context:text
uca yewta deg uyis.,toen sloeg hij het paard.,Then he slapped the horse.,,,,boek p. 153,id:p153-04;context:text
"Yessaawet, ḏin ijjen rgeedet dayes tazeggwaat.","hij sleepte hen mee, daar was een helling met struiken.","He threshed, there was there a slope with shrubs.",,,,boek p. 153,id:p153-05;context:text
"Yeqqim yessaawat xasent,",hij sleepte hen lange tijd mee.,He threshed a long time with them.,,,,boek p. 153,id:p153-06;context:text
"yessaawat, yeccat, yeccat deg uyis-nni.","hij sleepte, hij sloeg, hij sloeg het paard,","He threshed, he slapped, he slapped the horse,",,,,boek p. 153,id:p153-07;context:text
Itazzer uyis-nni ařmi das-yeqqim illa ucewwaf-nni deg unewwaa-nni uyis.,het paard rende totdat alleen het haar overbleef aan de staart van het paard.,the horse ran until only the hair remained at the tail of the horse.,,,,boek p. 153,id:p153-08;context:text
aysum nsent marra yeqqim-asent x tzeggwaat.,al hun vlees bleef achter op de struiken.,All their flesh was left behind on the shrubs.,,,,boek p. 153,id:p153-09;context:text
uca t ta d nettaṯ. Ar ḏaniṯa. Tekmer tḥajit.,en dat is het dan. tot hier. het verhaal is afgelopen.,Then that is it. Until here. The story is finished.,,,,boek p. 153,id:p153-10;context:text
ruheɣ ɣaa yinni yezznuzan muzika.,ik ging naar degenen die muziek verkopen.,I went to those who sell music.,,,,boek p. 153,id:p153-11;context:text
tadfeɣ yaa tḥuna.,ik ging naar de winkels.,I went to the shops.,,,,boek p. 154,id:p154-01;context:text
"ca n marrat necc d umedduker inu,",soms samen met een vriend,Sometimes together with a friend,,,,boek p. 154,id:p154-02;context:text
"uca ntegg-asen ddeɛwa, nessawar akisen.","vermaanden wij hen, vermaanden wij hen, spraken wij met hen.","we admonished them, we admonished them, we talked to them.",,,,boek p. 154,id:p154-03;context:text
nessfehham-iten min teggen.,wij legden uit wat zij aan het doen waren.,We explained what they were doing.,,,,boek p. 154,id:p154-04;context:text
"nekk-itent-id mmarra, mmarra min ḏin di nnadua t tḥanet illa nuḥ ɣaas.","wij gingen naar alle winkels, wij gingen naar alle winkels in Nador.","We went to all the shops, we went to all the shops in Nador.",,,,boek p. 154,id:p154-05;context:text
nessiwer akisen. řebɛaḏ ntaf d ixeddamen waha.,wij spraken met hen. sommigen van hen werkten daar gewoon.,We talked to them. Some of them were just working there.,,,,boek p. 154,id:p154-06;context:text
iqqar-ac qa necc xeddmeɣ waha.,zij zeggen dat wij hier gewoon werken.,They say we just work here.,,,,boek p. 154,id:p154-07;context:text
"uuzu řxeḏmeṯ nneɣni! t tanejjaat, mikaniku, řebni.","zoek een andere baan! als timmerman, monteur, in de bouw.","Find another job! As a carpenter, a mecanic, in construction.",,,,boek p. 154,id:p154-08;context:text
"tɛellem ca n sseneet, ruḥ gg-it.",leer een vak en doe het.,Learn some craft and do it.,,,,boek p. 154,id:p154-09;context:text
"cekk tezznuzid muzika, a?","jij verkoopt muziek, hé!","You are selling music, he!",,,,boek p. 154,id:p154-10;context:text
"ssemm, tezznuzid lalla-buya n ccdiḥ.","gif, jij verkoopt dansmuziek.","Poison, you are selling dance music.",,,,boek p. 154,id:p154-11;context:text
mmarra wi ɣa yfellsen di l’umma l l’islam ad yiri di ssaḥifa nnec.,alle mensen die tekortschieten in de islamitische gemeenschap zullen in Uw Boek geschreven worden.,All the people that will fail in the Islamic community will be written in Your Book.,,,,boek p. 154,id:p154-12;context:text
a c-iḥaseb arebbi-lɛalamin xas yawm-lqiyyama.,God zal je ervoor ter verantwoording roepen op de Oordeelsdag.,God will take you into account for it on Judgement Day.,,,,boek p. 155,id:p155-01;context:text
"lmuhimm, nddura nddura, arami nufa paṭrun.","hoe dan ook, wij liepen rond totdat wij de baas vonden.","Anyway, we were walking around until we found the boss.",,,,boek p. 155,id:p155-02;context:text
paṭrun ameqqṛan nsen.,de grote baas.,The big boss.,,,,boek p. 155,id:p155-03;context:text
qa ɣaas waa-ssi cḥaa n tḥuna qaɛ.,hij heeft veel winkels.,He has a lot of shops.,,,,boek p. 155,id:p155-04;context:text
"sedzmeɣ xas, ggiɣ kis laḏab, tadeḥḥact.","ik groette hem, behandelde hem met beleefdheid en gelach.","I greeted him, treated him with courtesy and laughs.",,,,boek p. 155,id:p155-05;context:text
ixessa Wenni yessawaren di ddin řeḇḏa,wie over religie praat moet altijd,He who talks about religion should always,,,,boek p. 155,id:p155-06;context:text
"ad yessawar ak yewdan di ddin s aṛṛeḥmeṯ,","met mededogen met de mensen over religie praten,","talk with the people about religion with compassion,",,,,boek p. 155,id:p155-07;context:text
waa ǧi bu s wecraf n tenyaat.,en niet met een frons op het voorhoofd.,and not with a frown on the forehead.,,,,boek p. 155,id:p155-08;context:text
"ddeɛwa, Wenni yessawaren di ddin","vermaning, wie over religie praat","Admonition, he who talks about religion",,,,boek p. 155,id:p155-09;context:text
řeḇḏa s lḥhikma d llin d aṛṛeḥmeṯ.,- altijd met wijsheid en tederheid en mededogen.,- always with wisdom and tendernecc and compassion.,,,,boek p. 155,id:p155-10;context:text
"cekk egg min xac, belleɣ, a,","je doet gewoon wat je moet doen, communiceren,","You just do what you must do, communicate,",,,,boek p. 155,id:p155-11;context:text
"itebs-is d Wenni, yegga array d Wenni,","als hij je volgt, is het goed, als hij doet wat jij wilt, is het goed,","if he follows you, it’s fine, if he does what you want, that’s fine,",,,,boek p. 155,id:p155-12;context:text
"waa yeggi ca, cekk teggid min xac.","zo niet, dan heb je je plicht gedaan.","if he does not, you have done your duty.",,,,boek p. 155,id:p155-13;context:text
li’anna attas n ccabab yetxellat.,want veel jongeren verwarren dingen.,Because a lot of young people confuse things.,,,,boek p. 156,id:p156-01;context:text
"yeqqar-ac: ‘lla, qa teggwdem’, lla, lla!","zij zeggen 'jij bent bang', nee, nee.","They say ‘you are afraid’, no, no.",,,,boek p. 156,id:p156-02;context:text
"ddeɛwa ɣaas mamec ɣa tegged, ljihad ɣaas weḥdes.","voor vermaning is er een manier waarop je het doet, en voor de jihad is er een andere manier.","For admonition there is a way that you do it, and for the jihad there is another way.",,,,boek p. 156,id:p156-03;context:text
"maydanu-ljihad a tssedhaad dinni jjhed d fuarma,","op het slagveld van de jihad moet je je spieren laten zien,","In the arena of the jihad you must show your muscles,",,,,boek p. 156,id:p156-04;context:text
"apatci d a, kalacnikuf.","Apache-helikopters, kalasjnikovs.","Apache helicopters, Kalashnikovs.",,,,boek p. 156,id:p156-05;context:text
"mařa aqq-c di ljihad a tewted řexḏenni, a tjahded,","als je in de jihad bent, moet je schieten, moet je de jihad doen,","If you are in the jihad then you must shoot, you must do the jihad,",,,,boek p. 156,id:p156-06;context:text
"walakin ak yaytma-c di temzyida, ak yewdan di ccariɛ,","maar met je broeders in de moskee, of met mensen op straat:","but with your brothers in the mosque, or with people in the street:",,,,boek p. 156,id:p156-07;context:text
"lḥhikma s aṛṛeḥmeṯ,",wijsheid en mededogen.,wisdom and compassion.,,,,boek p. 156,id:p156-08;context:text
ddeɛwa s aṛṛeḥmeṯ d lḥhikma,vermaning met wijsheid en mededogen,Admonition with wisdom and compassion,,,,boek p. 156,id:p156-09;context:text
bac waa ntxellit ca ok ca.,zodat wij dingen niet door elkaar halen.,SO that we don’t mix things up.,,,,boek p. 156,id:p156-10;context:text
"waa ǧi ddeɛwa a t-narr a ncaaf tanyaat,",vermaning is niet je voorhoofd fronsen,Admonition is not frowning your forehead,,,,boek p. 156,id:p156-11;context:text
a ntɛesseb x yewdan,en boos worden op mensen:,and becoming angry towards people:,,,,boek p. 156,id:p156-12;context:text
"‘lla, mayemmi teggid ta, mayemmi teggid ta. ’","'nee! waarom heb je dit gedaan, waarom heb je dat gedaan?'","‘No! Why have you done this, why have you done that?’",,,,boek p. 156,id:p156-13;context:text
"lla, lḥhikma d aṛṛeḥmeṯ.","nee, wijsheid en mededogen.","No, wisdom and compassion.",,,,boek p. 156,id:p156-14;context:text
"qqimeɣ ssawareɣ akic uca iɛezb-as řḥař,","ik bleef met hem praten en hij vond het fijn,","I kept on talking to him and he liked it,",,,,boek p. 157,id:p157-01;context:text
umi kis ssiwreɣ s laḏab d lḥhikma.,omdat ik met beleefdheid en wijsheid met hem sprak.,because it talked to him with courtesy and wisdom.,,,,boek p. 157,id:p157-02;context:text
iɛezb-as řḥař yenn-ayi:,hij vond het fijn en zei:,He liked it and said:,,,,boek p. 157,id:p157-03;context:text
"‘aawaḥ a neqqim da, aqq-c ɣaa řqehwa di ḇarra","'kom, laten we hier gaan zitten, in het café buiten,","‘Come, let’s sit over here, in the café outside,",,,,boek p. 157,id:p157-04;context:text
a xac zeǧseɣ lɛaṣir.’,ik zal wat sap voor je kopen.',I will buy you some juice.’,,,,boek p. 157,id:p157-05;context:text
"iwa nniɣ-as mxiyyaa, fuṛṣa tanita bac a kis harrdeɣ mliḥ","ik dacht: dit is nog beter, dit is een kans om goed met hem te praten.","I thought: this is even better, this is a chance to talk to him well.",,,,boek p. 157,id:p157-06;context:text
iwa qqimeɣ akic yeqqim yetharred akidi.,dus ging ik bij hem zitten en hij sprak met mij.,So I sat with him and he talked with me.,,,,boek p. 157,id:p157-07;context:text
"bac a tessnem a wma ynu iɛizzen,","zodat je het weet, mijn beste broeder,","So that you know my dear brother,",,,,boek p. 157,id:p157-08;context:text
aazem mliḥ imejjan nnes.,open je oren goed.,open yours ears well.,,,,boek p. 157,id:p157-09;context:text
ařmi ɣa kemmreɣ necc řḥaaḏ inu a yenna-ayi ‘a wma ynu.’,"toen ik gezegd had wat ik wilde zeggen, zei hij: 'o mijn broeder.'","When I had said what I wanted to say, he said: ‘O my brother.’",,,,boek p. 157,id:p157-10;context:text
"yarebbi hḏa-t, init amin, yarebbi serḥ-it,","o God, leid hem, zeg 'amen', o God maak hem rechtschapen,","O God, guide him, say ‘Amen’, o God make him righteous,",,,,boek p. 157,id:p157-11;context:text
"yarebbi beddr-as muzika-nni marra ɣaa ca n řḥajeṯ nneɣni tesbeḥ,","o God verander voor hem al die muziek in iets anders dat goed is,","o God change for him all that music into something else that is good,",,,,boek p. 157,id:p157-12;context:text
init amin.,zeg 'amen'.,say ‘Amen’.,,,,boek p. 157,id:p157-13;context:text
"a yenn-ayi: ‘cekk teggid... teggid reḥsah bi-ɣaa i muzika,","hij zei: 'jij hield alleen rekening met de muziek,","He said: ‘ You only took into consideration the music,",,,,boek p. 158,id:p158-01;context:text
1 cencuna d lɛud d lalla-buya. ‘nniɣ-as: ‘i?’.,"de tamboerijn, de luit en lalla buya.' ik zei: 'en?'","the tambourin, the lute and lalla buya.’ I said: ‘And?’",,,,boek p. 158,id:p158-02;context:text
ha yenn-ayi dinni ɛad kṯaa.,hij zei: 'er is nog veel meer!',He said: ‘There is much morel’,,,,boek p. 158,id:p158-03;context:text
yenn-ayi waa dinni bu lfuzzaa,hij zei: 'er zijn geen grotere losbandigen',He said: ‘There are no greater libertines’,,,,boek p. 158,id:p158-04;context:text
"- řexxu netta yeqqaan a, Wenni yezznuzan, Wenni dasen-yetɛemmaan -’","- nu, hij vertelt dit, hij, de verkoper, degene die hen opneemt -","- now, he is telling this, he, the seller, the one who records them -",,,,boek p. 158,id:p158-05;context:text
yenn-ayi ‘waa ḏin bu ṯaawa n řeḥram kṯaa zegg inni yetɣennjen.,hij zei: 'er zijn geen grotere boosdoeners (lett. bastaards) dan zangers.',he said: ‘There are no greater evildoers (lit. bastards) than singers.’,,,,boek p. 158,id:p158-06;context:text
puřki netta yessn-iten mmarra.,want hij kent ze allemaal.,Because he knows them all.,,,,boek p. 158,id:p158-07;context:text
yenn-ayi lmanakir i teggen waa tent-itegg qaɛ ḥedd.,"hij zei: 'de zonden die zij begaan, begaat niemand anders.","He said: ‘The sins they commit, nobody (else) commits them.",,,,boek p. 158,id:p158-08;context:text
min waa yehrin i teggen uca yeqqim yetɛawad-ayi.,"zij doen alles wat slecht is,' en hij bleef het mij vertellen.","They do everything that is bad,’ and he kept telling me.",,,,boek p. 158,id:p158-09;context:text
"řebɛaḏ a ten-d-iniɣ, řebɛaḏ waa zemmaaɣ a ten-d-iniɣ, ssedḥiɣ.","sommige dingen kan ik vertellen, andere niet. ik schaam me.","Some of the things I can tell them, others I can’t. I’m ashamed.",,,,boek p. 158,id:p158-10;context:text
"da iwḏan ɣaasen ṯaɛecmaaṯ t tacemratc,","er zijn hier mensen met een witte baard,","There are people here who have a white beard,",,,,boek p. 158,id:p158-11;context:text
"uca fehmet nniṭ, nehřa ma kemmreɣ-awem.","dus jullie begrijpen zelf wel wat ik bedoel, ik hoef niet alles te vertellen.","so you understand yourselves what I mean, I do not need to tell everything.",,,,boek p. 158,id:p158-12;context:text
"di zzina ṛṛaqem-llewwel, di lfawaḥic ṛṛaqem-llewwel.","in overspel zijn zij de kampioenen, in ontucht zijn zij de kampioenen.","In adultery they are the champions, in fornication they are the champions.",,,,boek p. 158,id:p158-13;context:text
"min xeddmen, manaya qa nzarr-it s ṯiṭṭawin nneɣ,","wat zij doen, ik heb het met mijn eigen ogen gezien,","What they do, I have seen it with my own eyes,",,,,boek p. 159,id:p159-01;context:text
mayemmi necc hettaaɣ g wuraan attas.,omdat ik veel bruiloften bijwoon.,because I attend a lot of weddings.,,,,boek p. 159,id:p159-02;context:text
inni yetɣennjen yaa temɣarin.,degenen die zingen tussen de vrouwen.,Those who sing among the women.,,,,boek p. 159,id:p159-03;context:text
inni yetɣennjen ɣaa temɣarin di sala!,degenen die zingen in de vrouwenkamer!,Those who sing in the women’s room!,,,,boek p. 159,id:p159-04;context:text
tariq aqq-et ɣaa yaayazen itegg lḥadiṯ.,Tariq is bij de mannen en vertelt hen over de hadith.,Tariq is with the men telling them about the hadith.,,,,boek p. 159,id:p159-05;context:text
"a tmenɛed x ujeǧif, a neqqim ḥayaa.","je zou je handen op je hoofd leggen, we zouden versteld moeten staan.","You would put your hands on your head, we should be astonished.",,,,boek p. 159,id:p159-06;context:text
man zzaman i di ntɛic?,in wat voor tijd leven we?,What kind of time are we living in?,,,,boek p. 159,id:p159-07;context:text
arami ijj umaa nniɣ-as i bab n wuraa,ooit zei ik tegen degene die de bruiloft organiseerde;,Once I said to the one who organized the wedding;,,,,boek p. 159,id:p159-08;context:text
"‘llah ya weddi, ɣaawem ḏaniṯa inni yetɣennjen ɣaa temɣarin/",'wat? je hebt hier zangers die tussen de vrouwen zingen.',‘What? You have singers here singing among the women.’,,,,boek p. 159,id:p159-09;context:text
yenn-ayi: ‘necc waa ssineɣ min itewqiɛen.’,hij zei: 'ik weet niet wat er gebeurt.',He said: ‘I don not know what is happening.’,,,,boek p. 159,id:p159-10;context:text
yenn-ayi: ‘necc meɛlik ssneɣ ma a c-d-ɛaadeɣ da ɣari ɣaa wuraa?’,"hij zei: 'als ik het geweten had, denk je dat ik je dan hier op de bruiloft uitgenodigd zou hebben?'","He said: ‘if I had known, do you think I would have invited you here to the wedding?’",,,,boek p. 159,id:p159-11;context:text
timɣarin i d-yiwyen kucci.,het zijn de vrouwen die alles gedaan hebben.,It is the women who did everything.,,,,boek p. 159,id:p159-12;context:text
"iwyent-id imedyazen,","zij brachten de zangers,","They brought the singers,",,,,boek p. 159,id:p159-13;context:text
"udfen-d zi tewwaat n temɣarin ɣaa temɣarin,","zij kwamen binnen door de deur van de vrouwen naar de vrouwen,","they came in through the door of the women to the women,",,,,boek p. 160,id:p160-01;context:text
"tɣennjen dinni, cetthen ḏin.","zij zingen daar, zij dansen daar.'","they sing there, they dance there.’",,,,boek p. 160,id:p160-02;context:text
nniɣ-as: ‘necc qa waa zemmaaɣ ad sbaaɣ qa a dayi-ibedd wur.’,"ik zei: 'ik kan dit niet meer verdragen, mijn hart houdt bijna op met kloppen.'","I said: ‘I can not stand this anymore, my heart almost stops beating.’",,,,boek p. 160,id:p160-03;context:text
"nniɣ-as: ‘a ɣaasen adfeɣ ḏin. dinni (i) ɣa adfeɣ, ḏin.’","ik zei: 'ik zal daarheen naar hen gaan, daarheen zal ik gaan, daarheen.'","I said: ‘I will go to them there, there I will go, there.’",,,,boek p. 160,id:p160-04;context:text
"a ṯiři tezrim-tet x yutub , waa t-tezrim ca?",misschien heb je het op YouTube gezien. heb je het niet gezien?,You may have seen it on YouTube. Haven’t you seen it?,,,,boek p. 160,id:p160-05;context:text
"udfeɣ ḏin, ksiɣ kiḏi kamira nniɣ-as i yijjen:","ik ging daar naar binnen, nam een camera mee, ik zei tegen een jongen:","1 entered there, took a camera with me, I said to a guy:",,,,boek p. 160,id:p160-06;context:text
"‘sewwaa-d, sewwaa-d aaḥ a ten-nemneɛ ḏin, ddaan.’","'film dit, film dit. ik ga hen daar live betrappen.'","‘Film this, film this. I’m going to grab them there live.’",,,,boek p. 160,id:p160-07;context:text
"nufa tmunsiwen ak temɣarin. ɛazib! ɛazib manaya, ɛazib.","wij troffen hen aan terwijl zij met de vrouwen aan het eten waren. wow! dit is iets bijzonders, dit!","We found them having dinner with the women. Wow! This is something special, this!",,,,boek p. 160,id:p160-08;context:text
"qqimeɣ teggeɣ akisen ddeɛwa, ssawareɣ ak...","ik vermaande hen, sprak met hen...","I admonished them, talked to them...",,,,boek p. 160,id:p160-09;context:text
lqissa t taziraat mbra-m a ruheɣ ɣaasen attas.,het verhaal is heel lang. ik hoef er niet op door te gaan.,The story is very long. I do not have to elaborate.,,,,boek p. 160,id:p160-10;context:text
"a lmuhimm , wanitati yenn-ayi ljara’im t timeqqranin,","hoe dan ook, deze man vertelde mij over grote misdaden,","Anyway, this man told me about great crimes,",,,,boek p. 160,id:p160-11;context:text
"timɣarin n yaayazen, lfasaḏ, zzina i teggen yina.","getrouwde vrouwen, immoraliteit, overspel dat zij plegen, deze mensen.","married women, immorality, adultery they commit, these people.",,,,boek p. 160,id:p160-12;context:text
"a nettaa arebbi-lɛalamin a ten-yehda, a ten-yesreḥ.",wij vragen de Heer om hen te leiden en hen te laten verbeteren.,We ask The Lord to guide them and to make them improve.,,,,boek p. 160,id:p160-13;context:text
a xaneɣ yessbeɛɛed ccaṛṛ nsen.,moge Hij hun kwaad van ons wegnemen.,May He remove their evil from us.,,,,boek p. 161,id:p161-01;context:text
sḥess mliḥ.,luister goed!,Listen carefully!,,,,boek p. 161,id:p161-02;context:text
yenn-ayi: ‘ijz umaa usin-d ɣari pulisiyya.’ řmexzen.,hij zei: 'ooit kwam de politie naar mij toe.' ambtenaren.,He said: ‘Once the police came to me.’ Officials.,,,,boek p. 161,id:p161-03;context:text
"usin-d ɣaas, qqimen ssawaren akis.",zij gingen naar hem toe en spraken met hem.,They went to him and talked to him.,,,,boek p. 161,id:p161-04;context:text
nnan-as:,zij zeiden:,They said:,,,,boek p. 161,id:p161-05;context:text
"‘a weddi qa nufa ijjen ttumubin tegga laksiḏa, tenneqrek’","'we hebben een auto gevonden die betrokken was bij een ongeluk, hij lag ondersteboven.","‘We have found a car that was involved in a crash, it was turned upside down.",,,,boek p. 161,id:p161-06;context:text
mmarra wi dayes yemmut.,alle mensen die erin zaten zijn omgekomen.',All people that were in it died.’,,,,boek p. 161,id:p161-07;context:text
nnan-as: ‘nufa musejjala txeddem. ’ dayes reɣnuj.,zij zeiden: 'we vonden de cassettespeler nog aan. er speelde muziek.',They said: ‘We found the cassette player was still on. It was playing music.’,,,,boek p. 161,id:p161-08;context:text
"ařmi d ɣa kksen sinta ufin ccarika nnes,","toen zij het bandje eruit haalden, ontdekten zij dat het van zijn bedrijf was,","When they took out the tape they found it was his company,",,,,boek p. 161,id:p161-09;context:text
isem n ccarika.,de naam van het bedrijf.,the name of the company.,,,,boek p. 161,id:p161-10;context:text
"nnan-as: ‘aqq-ec niwy-ac-t-id,","zij zeiden: 'hier, we brengen het je","They said: ‘Here, we bring it to you",,,,boek p. 161,id:p161-11;context:text
bac a tessned waha min txeddmed.,zodat je weet wat je aan het doen bent.',so that you know what you are doing.’,,,,boek p. 161,id:p161-12;context:text
pulisiyya teggen-as ddeɛwa. řmexzen itegg-as ddeɛwa.,"de politie vermaande hem, de ambtenaren vermaanden hem.","The police were amonishing him, the officials were admonishing him.",,,,boek p. 161,id:p161-13;context:text
a nettaa arebbi-lɛalamin a daneɣ-yesreḥ.,laten we God vragen ons te verbeteren.,Let’s ask God to improve us.,,,,boek p. 161,id:p161-14;context:text
"zi senni sseqsix-t, nniɣ-as:","toen vroeg ik hem, ik zei:","Then I asked him, I said:",,,,boek p. 162,id:p162-01;context:text
"‘a c-sseqsiɣ, lla-yarḥem-lwaliḏin nnec, qa cekk tessned.'","'ik wil je iets vragen, alsjeblieft, weet je.'","‘I want to ask you, please, you know.’",,,,boek p. 162,id:p162-02;context:text
"Nniɣ-as: ‘qa ɣari rexbaa di Biljik,","ik zei: 'ik heb het verhaal in België gehoord,","I said: ‘I have heard the story in Belgium,",,,,boek p. 162,id:p162-03;context:text
walakin waa ssineɣ bn ma mya di mya.,maar ik weet het niet 100% zeker.,but I am not sure 100%.,,,,boek p. 162,id:p162-04;context:text
"waa zemmaaɣ a t-iniɣ di ddars amenni waha,",ik kan dit niet zomaar in een lezing vertellen.,I can not just tell this in a lecture.,,,,boek p. 162,id:p162-05;context:text
"sriɣ zegg yewdan, uuzzuɣ ṭṭeḥqiq.",ik heb het gewoon van mensen gehoord. ik ben op zoek naar bevestiging.,I have just heard from people. I am looking for confirmation.,,,,boek p. 162,id:p162-06;context:text
yenn-ayi: ‘min?’,hij zei: 'wat?',He said: ‘What?’,,,,boek p. 162,id:p162-07;context:text
nniɣ-as:,ik zei:,I said:,,,,boek p. 162,id:p162-08;context:text
‘ɣari rexbaa ijjen yemmut da di nnadua zegg yinni yetɣennjen meɛrufin.’,'ik heb gehoord dat een beroemde zanger hier in Nador gestorven is.',‘I have heard that a famous singer had died here in Nador.’,,,,boek p. 162,id:p162-09;context:text
"arami ɣa yemmet, sbar cwayt n wussan,","nadat hij gestorven was, een paar dagen later,","After he died, just a couple of days later,",,,,boek p. 162,id:p162-10;context:text
"yemma-s, teggua x yinni yezznuzan kasitat n musejjala, n reɣnuj n ccdiḥ.","bezocht zijn moeder de verkopers van muziekcassettes, van de dansliedjes.","his mother visited the sellers of music tapes, of the dancing songs.",,,,boek p. 162,id:p162-11;context:text
"teqqar-asen: ‘lla-yerḥem-lwaliḏin nwem,","zij zei: 'alsjeblieft,","She said: ‘Please,",,,,boek p. 162,id:p162-12;context:text
sintat n mmi wi tent-zznuzam ca.’,verkoop de cassettes van mijn zoon niet.',do not sell my son’s tapes.’,,,,boek p. 162,id:p162-13;context:text
nniɣ-as: ‘ma nican?’ yenn-ayi: ‘nican’,ik zei: 'is dit waar?' hij zei: 'ja.',I said: ‘Is this true?’ He said: ‘Yes.’,,,,boek p. 162,id:p162-14;context:text
"iwa, nniɣ-as: ‘iwa zid ɛawd-ayi.’","welnu, ik zei: 'kom, vertel me.'","Well, I said: ‘Come, tell me.’",,,,boek p. 163,id:p163-01;context:text
yenn-ayi: ‘uřa d necc tus-d ɣari.’,hij zei: 'zij kwam ook naar mij toe.',He said: ‘She also came to me.’,,,,boek p. 163,id:p163-02;context:text
tus-d ɣaas yemma-s n Wenni yemmuten.,"de moeder van de persoon die overleden was, was naar hem toe gekomen.",The mother of the person who had died had come to him.,,,,boek p. 163,id:p163-03;context:text
"iwaren-a, ad ttaaɣ arebbi-lɛalamin,","deze woorden, ik zal God vragen","These words, I shall ask of God",,,,boek p. 163,id:p163-04;context:text
"a ten-yessiwed ɣaa yinni yetɣennzen,","dat Hij ze naar de zangers zal brengen,","that He will bring them to the singers,",,,,boek p. 163,id:p163-05;context:text
inni yetɣennzen di salat.,degenen die zingen in salons.,those who sing in drawing rooms.,,,,boek p. 163,id:p163-06;context:text
sḥess mliḥ a wma ynu iɛizzen.,"luister goed, mijn geliefde broeder!",Listen carefully my beloved brother!,,,,boek p. 163,id:p163-07;context:text
"wellah ma tmenɣiɣ akic, qa necc taazzuɣ-ac řxaa, sḥess mliḥ.","ik zweer dat ik niet met je ruzie maak, ik wil alleen het goede voor je, luister goed.","I swear I’m not arguing with you, I only want good things for you, listen carefully.",,,,boek p. 163,id:p163-08;context:text
"tamɣaat-a tus-d ɣaas, tettru, wettan-as-d imettawen.","deze vrouw ging naar hem toe, zij huilde, tranen vielen naar beneden.","This women went to him, she was crying, tears were dropping down.",,,,boek p. 163,id:p163-09;context:text
"tenn-as: ‘a mmi ynu, sbedd wi tsejjal bu mmi,","zij zei: 'o mijn zoon, stop, neem mijn zoon niet op.","She said: ‘O my son, stop do not record my son.",,,,boek p. 163,id:p163-10;context:text
"muzika d reɣnuj-nni nnes, safi.","zijn muziek en zang, het is voorbij.","His music and singing, it’s over.",,,,boek p. 163,id:p163-11;context:text
"sbedd-itent, wi tent-zznuza ɛad kṯaa.","stop ermee, verkoop ze niet meer.'","Stop it, don’t sell them any more.’",,,,boek p. 163,id:p163-12;context:text
"teqqim tettru, tenn-as:","zij bleef huilen, zij zei:","She kept on crying, she said:",,,,boek p. 163,id:p163-13;context:text
"‘qa wellah-illa mkur nhaa, mkur ǧiret yetbedda-d ɣari di lmanam,","'ik zweer dat ik elke dag, elke nacht mijn zoon in mijn dromen zie,","‘I swear that every day, every night I see my son in my dreams,",,,,boek p. 163,id:p163-14;context:text
"yeqqar-ayi: a yemma ynu ɛawn-ayi, a yemma ynu fekk-ayi.’","hij blijft maar zeggen 'o moeder help mij, o moeder verlos mij.'","he keeps on saying ‘o mother help me, o mother relieve me.’",,,,boek p. 164,id:p164-01;context:text
a nettaa arebbi-lɛalamin a xaneɣ itub.,laten we de Heer smeken om genade met ons te hebben.,Let’s beg the Lord to have mercy on us.,,,,boek p. 164,id:p164-02;context:text
"a nettaa sid-arebbi-lɛalamin a daneɣ-yesreh,","laten we de Heer smeken om ons te verbeteren,","Let’s beg the Lord to improve us,",,,,boek p. 164,id:p164-03;context:text
"a daneɣ-yeḥfed, a daneɣ-yessaa.","om ons te behoeden, om ons te beschermen.","to preserve us, to shield us.",,,,boek p. 164,id:p164-04;context:text
"bismillah a nebda, bismillah a nenteq","in Gods naam zullen wij beginnen, in Gods naam zullen wij spreken,","In God’s name we will begin, in God’s name we will speak,",,,,boek p. 164,id:p164-05;context:songs-(izran)
bismillah a nekkes zeggw ur nneɣ axeyyeq,in Gods naam zullen wij ons verdriet wegnemen.,In God’s name we will take away our sadnecc.,,,,boek p. 164,id:p164-06;context:songs-(izran)
bismillah a nebda ɛad waa nebdi zi ca,"in Gods naam zullen wij beginnen, wij zijn nog niet begonnen.","In God’s name we will begin, we still haven’t begun.",,,,boek p. 164,id:p164-07;context:songs-(izran)
a nexzaa ma ntawy-it-d niɣ waa t-id-ntiwi ca,wij zullen zien of wij er goed in zijn of niet.,We shall see whether we are good at it or whether we are not.,,,,boek p. 164,id:p164-08;context:songs-(izran)
ad truɣ ad truɣ wi ɣa rqiɣ a t-ssruɣ,"ik zal huilen en huilen, wie ik ook tegenkom, ik zal hem laten huilen.","I will cry and cry, whoever I encounter I will make him cry.",,,,boek p. 164,id:p164-09;context:songs-(izran)
mami leɛziz inu i ma ɛad a t-ttuɣ?,"mijn liefste, zal ik hem kunnen vergeten?",My sweetheart will I be able to forget him?,,,,boek p. 164,id:p164-10;context:songs-(izran)
kkiɣ sadu wuatu ḥesbeɣ ṯifray nnes,ik liep onder de vijgenboom door en telde zijn bladeren,I passed under the fig tree and counted its leaves,,,,boek p. 165,id:p165-01;context:songs-(izran)
mmerqiɣ ak llif min iru wur nnes,"ik ontmoette mijn liefste, zijn hart huilde veel.","I met my sweetheart, his heart wept a lot.",,,,boek p. 165,id:p165-02;context:songs-(izran)
mařa truḥed Aliman qqbbi waa das-isemmeh,"als je naar Duitsland gaat, moge de Heer je niet vergeven",If you go to Germany may the Lord not forgive you,,,,boek p. 165,id:p165-03;context:songs-(izran)
tejjid fesqef inu deggw brid iseyyeh,je liet mijn geest verspreid achter over de hele weg.,You left my mind spilled all over the road.,,,,boek p. 165,id:p165-04;context:songs-(izran)
mařa truḥed Aliman gg-ayi di rbar nnec,"als je naar Duitsland gaat, houd mij in je gedachten","If you go to Germany, keep me in your thoughts",,,,boek p. 165,id:p165-05;context:songs-(izran)
awi-d arriɣalu ɛemmaa-d řejbub nnec,"breng mij een cadeau, vul je zakken.","Bring me a present, fill your pockets.",,,,boek p. 165,id:p165-06;context:songs-(izran)
a řeḇḥaa a řeḇḥaa ayaṛṛabu sennej,"o zee, o zee met een boot erop,","O sea, o sea with a boat on it,",,,,boek p. 165,id:p165-07;context:songs-(izran)
wi ɣa iraḥen Aliman a leɛziz a cem-yejj?,wie kan naar Duitsland gaan en jou achterlaten?,Who can go to Germany and leave you behind?,,,,boek p. 165,id:p165-08;context:songs-(izran)
a itran ujenna sennej i ṯaddaaṯ trun,"o sterren aan de hemel, huilend boven het huis,","O stars in the sky, crying above the house,",,,,boek p. 165,id:p165-09;context:songs-(izran)
ruḥ siwdem-as ssram i ten dayi-yettun,ga en doe de groeten aan het meisje dat mij vergeten is.,Go and send my regards to the girl that forgot me.,,,,boek p. 165,id:p165-10;context:songs-(izran)
iḍes walu walu a ttebriɣ s kukayin,ik kan niet slapen. ik ben verslaafd aan cocaïne,I can’t get no sleep. I’m addicted to cocaine,,,,boek p. 165,id:p165-11;context:songs-(izran)
min xafi icedden tinni n ccayatin?,wat heeft mij verslaafd gemaakt aan het werk van de duivel?,What got me hooked on the works of the devil?,,,,boek p. 166,id:p166-01;context:songs-(izran)
"aya ṛalla yemma, a yemma inu qettiɣ","o mijn lieve moeder, ik val af.","O my dear mother, I am losing weight.",,,,boek p. 166,id:p166-02;context:songs-(izran)
iwḏan ssawaren di ddat inu tesriɣ,mensen praten en in mijn lichaam voel ik het.,People talk and in my body I hear it.,,,,boek p. 166,id:p166-03;context:songs-(izran)
siḏi ɛri n nnadua a rmaasa n teḥramin,"Sidi Ali van Nador, o haven van meisjes,","Sidi Ali of Nador, o harbour of girls,",,,,boek p. 166,id:p166-04;context:songs-(izran)
ad isebbaa arebbi ur inu meskin,moge God mijn arme hart van geduld voorzien.,May God provide my poor heart with patience.,,,,boek p. 166,id:p166-05;context:songs-(izran)
yexs-icem wur inu yexs-icem zi ṯemẓi,"mijn hart houdt van je, het houdt van je sinds de kindertijd","My heart loves you, it loves you since childhood",,,,boek p. 166,id:p166-06;context:songs-(izran)
"mayemmi dayi-tejjid, tejjid-ayi da wehd-i?","waarom heb je mij verlaten, mij hier alleen achtergelaten?","Why have you left me, left me here alone?",,,,boek p. 166,id:p166-07;context:songs-(izran)
aya muřay nneɣ a uma inu sseɛḏ nnec,"o onze bruidegom, mijn geliefde broeder, wat heb jij geluk,","O our groom, my beloved brother, how lucky you are,",,,,boek p. 166,id:p166-08;context:songs-(izran)
wellah illa tiwyed tenni yexs wur nnec,ik zweer dat je met degene getrouwd bent die je hart verlangt.,I swear that you have married the one whom your heart desires.,,,,boek p. 166,id:p166-09;context:songs-(izran)
aya muřay nneɣ a zzin d arifi,"o onze bruidegom, o Rifse schoonheid,","O our groom, o Riffian beauty,",,,,boek p. 166,id:p166-10;context:songs-(izran)
zzin am wanita i mani ɣa yiri?,"zo'n schoonheid, zou die ergens anders kunnen bestaan?","A beauty like this, could there be anywhere else?",,,,boek p. 166,id:p166-11;context:songs-(izran)
awi-d aǧun-nni tuɣa nniɣ nehřa,"geef mij die tamboerijn die ik niet wilde hebben,","Give me that tambourine which I did not want to have,",,,,boek p. 167,id:p167-01;context:songs-(izran)
amcum-a n wur inu yugi a dayi-yehna,dit vervloekte hart van mij is rusteloos.,This damned heart of mine is restless.,,,,boek p. 167,id:p167-02;context:songs-(izran)
ṛalla ṯasřiṯ nneɣ mebruk a wecma,"onze bruid, gefeliciteerd o zus,","Our bride, congratulations o sister,",,,,boek p. 167,id:p167-03;context:songs-(izran)
neccin ntedɛa akidem s řehna,wij bidden dat je vrede vindt.,We pray that you find peace.,,,,boek p. 167,id:p167-04;context:songs-(izran)
ṛalla ṯasřiṯ nneɣ taqedduḥt n danun,"onze bruid, o blikje Danone (een yoghurtmerk)","Our bride, o can of Danone (a yoghurt mark)",,,,boek p. 167,id:p167-05;context:songs-(izran)
aabbi yewc-am zzin waa dam-t-yewci s řqanun,God heeft je overvloedig schoonheid gegeven.,God has given you beauty in abundance.,,,,boek p. 167,id:p167-06;context:songs-(izran)
"a talimaniyyet, ma ammu i yexs wur nnem?","o Duitse vrouw, is dit je hartsverlangen?","O German woman, is this your heart’s desire?",,,,boek p. 167,id:p167-07;context:songs-(izran)
"sellm-as a d-yaaggweh, char inu aan nnem.","laat hem naar huis gaan, één maand is hij van mij, de rest van het jaar is hij van jou.","Allow him to go home, one month he is mine, the year round he is yours.",,,,boek p. 167,id:p167-08;context:songs-(izran)
"mayen yuɣin ur inu, ibedd waa ixeddem.","wat is er met mijn hart gebeurd, het staat stil en werkt niet","What happened to my heart, it stands still and doesn’t work",,,,boek p. 167,id:p167-09;context:songs-(izran)
yenna-ayi wedbib: d lḥubb i dayem.,de dokter vertelde mij: het is dat je verliefd bent.,The doctor told me: It is that you are in love.,,,,boek p. 167,id:p167-10;context:songs-(izran)
tus-ed tenna-ayi: llif nnem isekkaa.,zij kwam naar mij toe en zei: jouw liefste wordt altijd dronken,She came to me and said: Your sweetheart always gets drunk,,,,boek p. 167,id:p167-11;context:songs-(izran)
"mařa netta yescaa, necc ad sweɣ kṯaa","als hij dronken wordt, zal ik (nog) meer drinken.","if he gets drunk, I will drink (even) more.",,,,boek p. 168,id:p168-01;context:songs-(izran)
waa ɣari bu řeɛḏu zeggw ɣarrabu n Mřič,ik heb geen vijand behalve de boot naar Melilla,I have no enemy except for the Melilla boat,,,,boek p. 168,id:p168-02;context:songs-(izran)
"yiwy-ayi mami ynu, yejj-ayi t tayujic","hij nam mijn liefde weg, en liet mij achter (als) een wees.","It took away my love, and left me (like) an orphan.",,,,boek p. 168,id:p168-03;context:songs-(izran)
s-salamu slikum,hallo.,Hello.,,,,boek p. 168,id:p168-04;context:dialogues
wa elikum s-salam,hallo.,Hello.,,,,boek p. 168,id:p168-05;context:dialogues
mamec teǧid? mliḥ ca niɣ?,hoe gaat het met je? alles goed?,How are you doing? Everything allright?,,,,boek p. 168,id:p168-06;context:dialogues
"mliḥ, l-hamdu li-lah","het gaat goed met mij, geprezen zij de Heer.","I’m fine, praise the Lord.",,,,boek p. 168,id:p168-07;context:dialogues
la-bas?,gaat het goed met jou?,Are you fine?,,,,boek p. 168,id:p168-08;context:dialogues
"(la-bas), l-hamdu li-lah","(het gaat goed), geprezen zij de Heer.","(I’m fine), praise the Lord.",,,,boek p. 168,id:p168-09;context:dialogues
bi-xir?,alles goed?,Allright?,,,,boek p. 169,id:p169-01;context:dialogues
(bi-xir) l-hamdu li-lah,"goed, geprezen zij de Heer.","Allright, praise the Lord.",,,,boek p. 169,id:p169-02;context:dialogues
sseḥḥet mliḥ?,is je gezondheid goed?,Is your health okay?,,,,boek p. 169,id:p169-03;context:dialogues
l-hamdu li-lah,geprezen zij de Heer.,Praise the Lord.,,,,boek p. 169,id:p169-04;context:dialogues
familya marra mliḥ?,gaat het goed met je familie?,Is your family doing well?,,,,boek p. 169,id:p169-05;context:dialogues
"marra mliḥ, l-hamdu li-lah, barek llahu fik","het gaat goed met hen allemaal, geprezen zij de Heer, dank je.","They are all fine, praise the Lord, thank you.",,,,boek p. 169,id:p169-06;context:dialogues
min ttɛawaded?,wat ben je aan het doen? (lett. 'wat vertel je'),What are you up to? (lit. ‘what are you telling’),,,,boek p. 169,id:p169-07;context:dialogues
"iwa, qa ttwarid...","nou, je weet wel...","Well, you see...",,,,boek p. 169,id:p169-08;context:dialogues
"waxxa, ad uyuaɣ řexxu, ɣari ca n ccɣeṛ","oké, ik ga nu, ik moet iets doen.","Okay, I’m leaving now, I have to do something.",,,,boek p. 169,id:p169-09;context:dialogues
"waxxa, d Wenni netta, b-eslama","goed, dat is prima, doei.","Allright, that’s fine, bye bye.",,,,boek p. 169,id:p169-10;context:dialogues
"d Wenni netta, b-eslama","dat is prima, doei.","That’s fine, bye bye.",,,,boek p. 169,id:p169-11;context:dialogues
tessawared tmazixt?,spreek je Berber?,Do you speak Berber?,,,,boek p. 169,id:p169-12;context:dialogues
"wah, ssawareɣ tmazixt","ja, ik spreek Berber.","Yes, I speak Berber.",,,,boek p. 170,id:p170-01;context:dialogues
"mliḥ, mani teɣrid tmazixt?","goed, waar heb je Berber geleerd?","Good, where did you learn Berber?",,,,boek p. 170,id:p170-02;context:dialogues
ɣrix-t di ljamiɛa,ik heb het geleerd aan de universiteit.,I learned it at University.,,,,boek p. 170,id:p170-03;context:dialogues
"mliḥ, mamec das-qqaan?","goed, hoe heet je? (lett. 'hoe noemen ze je')","Good, what is your name? (lit. ‘what do they call you’)",,,,boek p. 170,id:p170-04;context:dialogues
"mliḥ, mamec dam-qqaan?","goed, hoe heet je? (lett. 'hoe noemen ze je')","Good, what is your name? (lit. ‘what do they call you’)",,,,boek p. 170,id:p170-05;context:dialogues
(necc) qqaan-ayi Patrik (Mariya),"(ik), ik heet Patrick (Maria). (lett. 'ze noemen mij Patrick')","(Me), my name is Patrick (Maria). (lit. ‘they call me Patrick’)",,,,boek p. 170,id:p170-06;context:dialogues
"waxxa, necc qqaan-ayi Mimun (Fatima)","oké, ik heet Mimoun (Fatima).","Okay, my name is Mimoun (Fatima).",,,,boek p. 170,id:p170-07;context:dialogues
manis cekk?,waar kom je vandaan?,Where are you from?,,,,boek p. 170,id:p170-08;context:dialogues
manis cemm?,waar kom je vandaan?,Where are you from?,,,,boek p. 170,id:p170-09;context:dialogues
"necc zi Hulanḏa, maca zeddɣeɣ di tanja řexxu, i cekk (cemm)?","ik kom uit Nederland, maar ik woon nu in Tanger, en jij?","I’m from the Netherlands, but I live in Tanger now, what about you?",,,,boek p. 170,id:p170-10;context:dialogues
"necc zeddɣeɣ ḏaniṯa, di nnadua",ik woon hier in Nador.,I live here in Nador.,,,,boek p. 170,id:p170-11;context:dialogues
mecḥař ɣaak men sna?,hoe oud ben je?,How old are you?,,,,boek p. 170,id:p170-12;context:dialogues
mecḥař ɣaam men sna?,hoe oud ben je?,How old are you?,,,,boek p. 170,id:p170-13;context:dialogues
"necc ɣari ṯřaṯa-w-ṯřatin sna, i cekk (cemm)?","ik ben drieëndertig jaar oud, en jij?","I’m thirty-three years old, what about you?",,,,boek p. 170,id:p170-14;context:dialogues
necc ɣari tnayn-u-ɛisrin sna,ik ben tweeëntwintig jaar oud.,I’m twenty-two years old.,,,,boek p. 171,id:p171-01;context:dialogues
"waxxa, ad uyuaɣ a nemzaa ɛad in-caɛ-ellah","oké, ik ga, we zien elkaar wel, als God het wil.","Okay, I’m leaving, we will see each other, God willing.",,,,boek p. 171,id:p171-02;context:dialogues
"waxxa, in-caɛ-ellah. d Wenni netta b-eslama","oké, als God het wil, dat is het dan, doei","Okay, God willing, so that’s it, bye bye",,,,boek p. 171,id:p171-03;context:dialogues
nhar-a řeḥmu niɣ lla?,"het is warm vandaag, niet?",It is hot today isn’t it?,,,,boek p. 171,id:p171-04;context:dialogues
"wah, řeḥmu attas","ja, het is erg warm.","Yes, it is very hot.",,,,boek p. 171,id:p171-05;context:dialogues
ṯfucṯ nhar-a,het is zonnig vandaag.,It is sunny today.,,,,boek p. 171,id:p171-06;context:dialogues
"wah ṯfucṯ, anzaa waa yewti ca","ja, het is zonnig, het heeft (vandaag) niet geregend.","Yes, it is sunny, there hasn’t been raining (today).",,,,boek p. 171,id:p171-07;context:dialogues
"wah, maca iḏennaḏ yewta wenzaa","ja, maar gisteren regende het.","Yes, but yesterday it rained.",,,,boek p. 171,id:p171-08;context:dialogues
in-caɛ-ellah ad yewwet ɛaweḏ,"het zal weer regenen, als God het wil.","It will rain again, God willing.",,,,boek p. 171,id:p171-09;context:dialogues
mařa yexs aṛṛebbi in-caɛ-ellah,als God het wil.,God willing.,,,,boek p. 171,id:p171-10;context:dialogues
in-caɛ-ellah,als God het wil.,God willing.,,,,boek p. 171,id:p171-11;context:dialogues
a nraḥ a necc?,zullen we gaan eten?,Shall we go and eat?,,,,boek p. 172,id:p172-01;context:dialogues
"waxxa, mani ɣa nraḥ?","oké, waar zullen we heen gaan?","Okay, where shall we go?",,,,boek p. 172,id:p172-02;context:dialogues
min texsed a tecced?,wat wil je eten?,What do you want to eat?,,,,boek p. 172,id:p172-03;context:dialogues
xseɣ ad cceɣ iserman,ik zou graag vis eten.,I’d like to eat fish.,,,,boek p. 172,id:p172-04;context:dialogues
"waxxa, a nraḥ ɣaa arristuran umedduker inu.","oké, we gaan naar een restaurant van een vriend van mij.","Okay, we will go to a restaurant of a friend of mine.",,,,boek p. 172,id:p172-05;context:dialogues
waxxa mliḥ,"oké, dat is goed.","Okay, that’s good.",,,,boek p. 172,id:p172-06;context:dialogues
lmakla nnes tiɣra?,is het eten duur?,Is the food expensive?,,,,boek p. 172,id:p172-07;context:dialogues
"lla, kuřci yaaxes","nee, alles is goedkoop.","No, everything is cheap.",,,,boek p. 172,id:p172-08;context:dialogues
b-ism-illah,in de naam van God.,In the name of God.,,,,boek p. 172,id:p172-09;context:dialogues
b-ism-illah,in de naam van God.,In the name of God.,,,,boek p. 172,id:p172-10;context:dialogues
wc-ayi-d ṯaɣenjacṯ (fuřcita / řmus / aɣrum),geef me een lepel (vork / mes / brood).,Give me a spoon (fork / knife / bread).,,,,boek p. 172,id:p172-11;context:dialogues
aɣ-ac,alsjeblieft.,Here you are.,,,,boek p. 172,id:p172-12;context:dialogues
ɛafak,dank je.,Thank you.,,,,boek p. 172,id:p172-13;context:dialogues
"xseɣ ad sweɣ, ffudeɣ","ik zou graag willen drinken, ik heb dorst.","I should like to drink, I am thirsty.",,,,boek p. 173,id:p173-01;context:dialogues
uřa d necc ffudeɣ,ik heb ook dorst.,I’m thirsty as well.,,,,boek p. 173,id:p173-02;context:dialogues
min texsed a teswed?,wat wil je drinken?,What do you want to drink?,,,,boek p. 173,id:p173-03;context:dialogues
awi-d kuka t tasemmat,breng me een koude cola.,Bring me a cold Coke.,,,,boek p. 173,id:p173-04;context:dialogues
"waxxa, necc ad sweɣ atay","oké, ik zal thee drinken.","Okay, I will drink tea.",,,,boek p. 173,id:p173-05;context:dialogues
a nuyua?,zullen we gaan?,Shall we go?,,,,boek p. 173,id:p173-06;context:dialogues
"waxxa, zid, ttar-as řeḥsaḇ.","oké, vraag hem om de rekening.","Okay, ask him for the bill.",,,,boek p. 173,id:p173-07;context:dialogues
awy-aneɣ-d řeḥsaḇ llah yehdi-k,zou je ons alsjeblieft de rekening kunnen brengen?,Could you bring us the bill please?,,,,boek p. 173,id:p173-08;context:dialogues
b-eslama,tot ziens (tegen de ober),goodbye (to the waiter),,,,boek p. 173,id:p173-09;context:dialogues
"d Wenni netta, llah iɛawen","dat is het, tot ziens. (tegen de ober)","That’s it, goodbye. (to the waiter)",,,,boek p. 173,id:p173-10;context:dialogues
s-salamu ɛlikum,hallo.,Hello.,,,,boek p. 173,id:p173-11;context:dialogues
wa ɛlikum s-salam,hallo.,Hello.,,,,boek p. 174,id:p174-01;context:dialogues
tezrid laksiḏa-nni yewqɛen?,heb je het (auto)ongeluk gezien dat gebeurd is?,Did you see the (car) crash that happened?,,,,boek p. 174,id:p174-02;context:dialogues
"lla, sriɣ xac waha","nee, ik heb er alleen over gehoord.","No, I only heard about it.",,,,boek p. 174,id:p174-03;context:dialogues
tewqeɛ deggw brid n wezɣenɣan,het gebeurde op de weg naar Zeghanghane.,It happened on the Zeghanghane road.,,,,boek p. 174,id:p174-04;context:dialogues
"wah, laksiḏa t tameqqrant","ja, het was een groot (auto)ongeluk.","Yeah, it was a big (car) crash.",,,,boek p. 174,id:p174-05;context:dialogues
aḇriḏ ibelleɛ marra,de hele weg is afgesloten.,The whole road is closed.,,,,boek p. 174,id:p174-06;context:dialogues
immut ḏin ca n yijjen?,is daar iemand omgekomen?,Did anybody die there?,,,,boek p. 174,id:p174-07;context:dialogues
"wah, yemmut ijjen waayaz d mmi-s, msakin.","ja, een man en zijn zoon zijn omgekomen, de arme mannen.","Yes, one man and his son died, the poor guys.",,,,boek p. 174,id:p174-08;context:dialogues
mamec temsaa?,hoe is het gebeurd?,How did it happen?,,,,boek p. 174,id:p174-09;context:dialogues
yesḥaaq ṣṣṭupp uca tudef daysen ijjen ttumubin,hij reed door rood en toen raakte een auto hen.,He crossed the red light and then a car hit them.,,,,boek p. 174,id:p174-10;context:dialogues
"tuɣa itazzer ɛini. iwa, a ten-yaaḥem siḏi aabbi.","hij reed waarschijnlijk te hard. nou, moge zij rusten in vrede.","He was probably speeding. Well, may they rest in peace.",,,,boek p. 174,id:p174-11;context:dialogues
"ttḥawar waha, ḏin attas n ttumubinat",wees gewoon voorzichtig. er zijn veel auto's.,Just be careful. There are many cars.,,,,boek p. 174,id:p174-12;context:dialogues
"a wah, yewseɛ uqedduḥ","ja, er zijn veel blikken dozen (d.w.z. auto's).","Yes, there are many tin cans (i.e. cars).",,,,boek p. 174,id:p174-13;context:dialogues
a Mimun,(o) Mimoun,(o) Mimoun,,,,boek p. 176,id:p176-01;context:word-list
aɣ-as,hier heb je het,here you have it,,,,boek p. 178,id:p178-01;context:word-list
waa das-sqiɣ,hij geeft niet om mij.,he does not care about me.,,,,boek p. 195,id:p195-01;context:word-list
ṯaak-as,laat hem gaan!,let him go!,,,,boek p. 196,id:p196-01;context:word-list
tɣiř-ayi yus-d,ik dacht dat hij gekomen was.,I thought that he had come.,,,,boek p. 199,id:p199-01;context:word-list
uřa d necc,ik ook,me too,,,,boek p. 202,id:p202-01;context:word-list
itxess-asen ad swen,zij moeten drinken.,they have to drink.,,,,boek p. 203,id:p203-01;context:word-list
ɣa weɣyur,wat een ezel!,what a donkey!,,,,boek p. 203,id:p203-02;context:word-list
iɛizz xasen,zij houden van hem,they are fond of him,,,,boek p. 205,id:p205-01;context:word-list
itaɛjeb-ayi ṯteffaḥ,ik hou van appels,I like apples,,,,boek p. 205,id:p205-02;context:word-list
iaɛjeb-ayi řḥař,ik ben blij (lett. ik hou van de situatie),I am pleased (lit. I like the situation),,,,boek p. 205,id:p205-03;context:word-list
